:100000000C9451000C9479000C9479000C947900B4
:100010000C9479000C9479000C940B2F0C947900BB
:100020000C9479000C9479000C9479000C9479006C
:100030000C9479000C9479000C9479000C9479005C
:100040000C9479000C9479000C9479000C9479004C
:100050000C949C2E0C9479000C9479000C947900EB
:100060000C94C12E0C9479000C9479000C947900B6
:100070000C9479000C94522E0C9479000C94790015
:100080000C9479000C9479000C94E62E0C94772E45
:100090000C94EE2D0C94562F0C94302F0C94790068
:1000A0009F2F11241FBECFEFCDBFDFE3DEBF18E2CD
:1000B000A0E0B8E2EFE3F3EA02C005900D92A632A9
:1000C000B107D9F72DE2A6E2B8E201C01D92AF3D1B
:1000D000B207E1F710E0C1E5D0E004C02197FE01CE
:1000E0000E94D748C035D107C9F70E94DC2F0C9475
:1000F000DD480C94000090E0FC01E85FFC41E081E9
:10010000EF3F39F182519D41DC012C91822F880F04
:10011000880F880F8E0F8033E0F490E0880F991FCE
:10012000DC01A054B34D6D937C93805A934DDC0158
:100130001D921C92B0E22B9FC00111249C5F40963F
:10014000E80FF92FF11D8081887F80838081826094
:1001500080830895FC0154894589252F30E0842F40
:1001600090E0821B930B541710F0CF9608950197DF
:100170000895FC0192898389981761F0A389AE0FD5
:10018000BF2FB11D59968C9193899F5F9F73938B5D
:1001900090E008958FEF9FEF0895FC019289838985
:1001A000981731F08389E80FF11D818D90E0089553
:1001B0008FEF9FEF0895FC0192892389892F90E0AA
:1001C000805C9F4F821B91098F7399270895CF936D
:1001D000DF93EC01E881F9810680F781E02D099534
:1001E000EC85FD8586818F738683EC85FD85858111
:1001F0008F7585838B898A8B198ADF91CF910895BA
:10020000CF93DF93FC0194898589C485D5859813A4
:1002100006C08D818F7D8D83DF91CF910895A58953
:10022000AE0FBF2FB11DA75ABF4F2C91858990E00B
:1002300001968F739927858B80E48C83A485B5857F
:1002400012962C93948985899813E6CFA485B58559
:1002500015968C9115978F7D15968C938789882399
:10026000D9F2808D80931301178AD6CFDC011C96BA
:10027000ED91FC910FB607FE03C0258125FD04C05A
:10028000248125FD0C9400010895EF92FF920F93B5
:100290001F93CF93DF93EC0181E0898B9C898D893B
:1002A00098131CC0AC85BD8514968C91149785FF5E
:1002B00015C012966C93AC85BD8580E414968C9322
:1002C000EC85FD8585818F7D858381E090E0DF91E0
:1002D000CF911F910F91FF90EF90089580911101A0
:1002E00080FF08C080911301888F8E89809313014D
:1002F00081E08F8BF62E0C8910E00F5F1F4F0F737C
:100300001127E02E8D898E1104C0CE010E94360186
:10031000F9CFEC89EC0FFD2FF11DE75AFF4FF0826A
:100320000C8BEC85FD8585818062CECFCF93DF93EA
:10033000FC0121892223C9F0EC018091110180FF89
:1003400008C080911301808F86898093130181E01A
:10035000878BEC85FD85858185FD03C0848186FDC5
:1003600004C0CE010E943601F4CFDF91CF910895F1
:10037000282F30E0F901EC52FD4140814F3F09F454
:100380004EC08B3258F4F901E654FD41E081EE2372
:1003900029F0E13099F010F0E63010F1F901E25166
:1003A000FD41E081A0E2EA9FF0011124FC5F808121
:1003B000842311F1672BF1F446830895E091010A3B
:1003C000D901A85FBC415C915C5F81E090E001C015
:1003D000880F5A95EAF780958E238093010ADECF25
:1003E00080E1E89FF0011124E05AF54F81818F7E72
:1003F0008183D4CF45830895285F3C41D9018C91F6
:10040000309771F08F3F61F07096E80FF11D9FB744
:10041000F8948081672B39F4877F80839FBF08958C
:10042000F0E0E0E0F4CF8860F8CFCF93DF9390E086
:10043000FC01EC52FD4120812F3F71F0FC01E251A3
:10044000FD41A08130E2A39FD0011124BC5F613047
:10045000710529F411962C93DF91CF910895885F4F
:100460009C41EC01E881EF3F89F0CD014096E80F17
:10047000F92FF11D9FB7F89412962C93808162306A
:10048000710539F4886080839FBFE6CFF0E0E0E03B
:10049000F1CF877FF8CFCF92DF92EF92FF920F9349
:1004A0001F93CF93DF93EC016A017B01022F8989AF
:1004B000882339F0E881F9810288F389E02DCE01A3
:1004C000099598898091E205892B8093E2051FB7F1
:1004D000F89460E070E281EA97E0A70196010E943B
:1004E000D74669017A018FEFC81AD80AE80AF80AD4
:1004F000F694E794D794C794EC85FD8586818D7F2B
:100500008683EC85FD8586818683198AA0912311D7
:100510000A2E000CBB0BA70196010E94CF4620E0DB
:1005200034E040E050E00E94A546EC85FD85C20E17
:10053000D31EE41EF51EC086D186EC85FD8507839B
:10054000EC85FD858681806C8683EC85FD858581C3
:10055000806885838E858B3220F462E070E00E9493
:1005600015028F858B3220F461E070E00E94B801A3
:100570008F858B3220F461E070E00E9415021FBF6E
:10058000DF91CF911F910F91FF90EF90DF90CF906F
:100590000895E82FF0E0EE54FD418E30B8F48081EC
:1005A0008F30B0F48093060681E080930806809136
:1005B0000B0680FFFCCF2FB7F89490911006809126
:1005C00011062FBF89279827892708953E97E7CFDF
:1005D0008FEF90E00895CF93DF938FB7F894209139
:1005E000542C3091552C4091562C5091572CE09121
:1005F000BA0A9091B60A90FF06C02F5F3F4F4F4F47
:100600005F4FE091BA0A8FBFA0915E2CB0915F2C32
:10061000C0915C2CD0915D2C0E94C446EC9F90014F
:10062000ED9F300D1124620F731F811D911DDF910D
:10063000CF9108958F929F92AF92BF92EF92FF92C7
:100640001F93CF93DF93EC014A015B01790111E025
:1006500081149104A104B10409F410E00E94EB029A
:10066000FE013296AE014E5E5F4FE417F50798F536
:1006700020813181232B11F07096F7CF309759F1FB
:10068000288139812F5F3F4F19F1288339834881B1
:10069000598146875787E082F182128213826483F0
:1006A00075838683978380869186A286B386212F61
:1006B00030E024873587CF0184279527DF91CF91BC
:1006C0001F91FF90EF90BF90AF909F908F900895F3
:1006D00021E030E0DACF90E080E0F0CF8F929F927F
:1006E000AF92BF92CF92DF92EF92FF924B015C01EB
:1006F0000E94EB026B017C01A8EEB3E0A50194011E
:100700000E94C446C60ED71EE81EF91EC616D7069E
:10071000E806F90618F40E94EB02F8CF0E94EB02FB
:100720006C157D058E059F05C8F3FF90EF90DF9057
:10073000CF90BF90AF909F908F9008952FB7F8946F
:100740006091502C7091512C8091522C9091532C8F
:100750002FBF0895AF92BF92CF92DF92EF92FF9298
:100760000F931F93CF93DF936C017B018B01040FD9
:10077000151FEB015E01AE18BF08C017D10759F075
:100780006991D601ED91FC910190F081E02DC601B7
:100790000995892B79F7C501DF91CF911F910F91B1
:1007A000FF90EF90DF90CF90BF90AF900895EF92C1
:1007B000FF920F931F93CF93DF93C82FD0E0A096A3
:1007C00095E0CC0FDD1F9A95E1F7E984F82EFF0C38
:1007D000FF0CFF0C01E010E08E2D8023A9F02F2DDF
:1007E000210F30E0220F331FF901E054F34D8081D7
:1007F0009181892B49F00190F081E02D205A334DF1
:10080000D9018D919C9109951F5F000F183021F738
:10081000E986DF91CF911F910F91FF90EF9008959E
:1008200081E008954F925F926F927F928F929F9294
:10083000AF92BF92CF92DF92EF92FF920F931F93EE
:10084000CF93DF938C010E94EB026B017C01E801E6
:10085000229688248A94982C54010E5E1F4FC0174C
:10086000D10748F588819981892B01F10E94EB021B
:100870004C805D806E807F80AB01BC0144195509BE
:100880006609770988859985AA85BB854817590720
:100890006A077B0768F4841B950BA60BB70B8815BA
:1008A0009905AA05BB0510F44C015D016096D7CFF0
:1008B000812C912C54010E94EB02DC01CB018C199C
:1008C0009D09AE09BF0988159905AA05BB05F8F46D
:1008D0002FEF82169206A206B206C9F0A501940176
:1008E000281B390B4A0B5B0BCA01B901DF91CF9171
:1008F0001F910F91FF90EF90DF90CF90BF90AF903E
:100900009F908F907F906F905F904F90089560E0E0
:1009100070E0CB01EBCFAF92BF92CF92DF92EF921C
:10092000FF920F931F93CF93DF93EC0122968C01DC
:100930000E5E1F4FAA24A394B12CC017D10708F054
:1009400041C088819981892B51F10E94EB026B0192
:100950007C018C819D81AE81BF81A7019601281BFE
:10096000390B4A0B5B0BDA01C901488559856A8549
:100970007B8584179507A607B70788F0E881F9817A
:100980008A819B810995882361F08C859D85892BBF
:1009900041F0AC86BD86CC82DD82EE82FF8260961D
:1009A000CCCF188219821A821B821C821D821E8261
:1009B0001F82188619861A861B861C861D861E862F
:1009C0001F86EDCFDF91CF911F910F91FF90EF9098
:1009D000DF90CF90BF90AF900895CF92DF92EF92CB
:1009E000FF926B017C01FA0150E040E0421753078F
:1009F000A9F081919191A191B1918C159D05AE05C0
:100A0000BF0548F4805F984DAF4FBF4FC816D90659
:100A1000EA06FB0648F04F5F5F4FE8CF80E0FF90AB
:100A2000EF90DF90CF90089581E0F9CF4F925F92E1
:100A30006F927F928F929F92AF92BF92CF92DF92EE
:100A4000EF92FF920F931F93CF93DF930E94EB02DD
:100A50004B015C012091EC2B3091ED2BE090DC2BD5
:100A6000F090DD2B0091CC2B1091CD2BC091BC2BA5
:100A7000D091BD2B80914F2B9091502B52E1C52EE0
:100A800052EDD52E892B21F442E1C42E4AEDD42E0D
:100A900080910B2C90910C2C892BE9F08091FA2BF2
:100AA0009091FB2B0697B9F48091EE2B9091EF2B50
:100AB000A091F02BB091F12BB501A401481B590B6B
:100AC0006A0B7B0B81E0403157426105710508F0EC
:100AD00080E080934C2C80910629882391F18091AD
:100AE000A9289091AA280196E0E1F0E0BF010E94B8
:100AF000C3488093A9289093AA288091A728909111
:100B0000A8280196BF010E94C3488093A72890930C
:100B1000A8288091A5289091A6280196BF010E943F
:100B2000C3488093A5289093A6288091A3289091EC
:100B3000A4280196BF010E94C3488093A3289093E4
:100B4000A4288091E12B882321F01092A9281092EB
:100B5000AA288091D12B882321F01092A7281092E7
:100B6000A8288091C12B882321F01092A5281092EB
:100B7000A6288091B12B882321F01092A3281092EF
:100B8000A4288091082C9091092C892B09F446C047
:100B90008091F82B9091F92B069709F03FC036957C
:100BA000322F2227379527952C0D3D1DE091F428F3
:100BB000F091F528EE0FFF1FE20FF31F81E0408157
:100BC0005181452B09F480E08093B6288091A928B3
:100BD0009091AA28880F991F280F391FF9012081A9
:100BE0003181223031050CF016C1232BA1F0809108
:100BF000FD289091FE28A091FF28B0910029B50111
:100C0000A401481B590B6A0B7B0B81E04838534108
:100C10006105710508F080E08093492C8091052CD6
:100C20009091062C892B09F448C08091F62B909165
:100C3000F72B069709F041C0F694FE2CEE24F794AA
:100C4000E794EC0CFD1CE091F428F091F5287096E7
:100C5000EE0FFF1FEE0DFF1D81E020813181232B60
:100C600009F480E08093B3288091A7289091A82868
:100C70004096880F991FE80EF91EF70120813181F7
:100C8000223031050CF0F1C0232BA1F08091FD281A
:100C90009091FE28A091FF28B0910029B501A401F0
:100CA000481B590B6A0B7B0B81E0483853416105A7
:100CB000710508F080E08093472C8091022C909180
:100CC000032C892B09F448C08091F42B9091F52BCB
:100CD000069709F041C01695102F00271795079524
:100CE0000C0D1D1DE091F428F091F528B096EE0F43
:100CF000FF1FE00FF11F81E020813181232B09F4D8
:100D000080E08093B0288091A5289091A6288096B5
:100D1000880F991F080F191FF80120813181223097
:100D200031050CF0CCC0232BA1F08091FD289091CF
:100D3000FE28A091FF28B0910029B501A401481B0D
:100D4000590B6A0B7B0B81E04838534161057105F3
:100D500008F080E08093452C8091FF2B9091002C2F
:100D6000892B09F447C08091F22B9091F32B0697C1
:100D700009F040C0D695DC2FCC27D795C795CC0E6F
:100D8000DD1EE091F428F091F528F096EE0FFF1F9C
:100D9000EC0DFD1D81E020813181232B09F480E0E1
:100DA0008093AD28C091A328D091A428E096CC0FC1
:100DB000DD1FCC0DDD1D28813981223031050CF07D
:100DC000A8C0232BA1F08091FD289091FE28A0912E
:100DD000FF28B0910029881A990AAA0ABB0A81E063
:100DE00098E8891693E19906A104B10408F080E01F
:100DF0008093432CDF91CF911F910F91FF90EF9043
:100E0000DF90CF90BF90AF909F908F907F906F902A
:100E10005F904F9008958091242990912529A09169
:100E20002629B091272924013501481A590A6A0A4E
:100E30007B0A032E000C440B550B60912029709106
:100E4000212980912229909123290E94D746C3010C
:100E5000B2010E94D74621E06838734181059105AF
:100E600008F020E02093492CD9CE8091242990913C
:100E70002529A0912629B091272924013501481A56
:100E8000590A6A0A7B0A032E000C440B550B609129
:100E900020297091212980912229909123290E9453
:100EA000D746C301B2010E94D74621E0683873419A
:100EB0008105910508F020E02093472CFECE80911B
:100EC000242990912529A0912629B0912729240130
:100ED0003501481A590A6A0A7B0A032E000C440B92
:100EE000550B6091202970912129809122299091A0
:100EF00023290E94D746C301B2010E94D74621E0B0
:100F0000683873418105910508F020E02093452C55
:100F100023CF8091242990912529A0912629B09151
:100F20002729881A990AAA0ABB0A032E000C440B27
:100F3000550B60912029709121298091222990914F
:100F400023290E94D746C501B4010E94D74621E05B
:100F5000683873418105910508F020E02093432C07
:100F600049CF8F929F92AF92BF92CF92DF92EF9232
:100F7000FF92CF93DF9380910B2C90910C2C892BB7
:100F8000E9F08091FA2B9091FB2B0397B9F40E9422
:100F9000EB02C090EE2BD090EF2BE090F02BF09076
:100FA000F12B6C197D098E099F0921E06031774290
:100FB0008105910508F020E020934C2C8091082CAD
:100FC0009091092C892B09F4D1C08091F82B909134
:100FD000F92B039709F0CAC08091E12B2091EC2BEB
:100FE0003091ED2B2930310508F453C3811104C031
:100FF0008091A228882371F110929E2810929F2838
:101000001092A0281092A12840910C2850910D28F0
:101010008091A22B9091A32B969587952AE032E0A0
:10102000281B390B440F551FFA01EE5FFD42A081CA
:10103000B1810E94F9464E505E42FA012081318111
:1010400050E040E00E94D74620939C2830939D2892
:101050001092A22880909E2890909F28A090A0286F
:10106000B090A128C0919C28D0919D286E01F12CB0
:10107000E12CFAE08F169104A104B104F0F4409140
:101080000C2850910D28440F551FFA01EE5FFD42C8
:1010900020813181A8EEB3E00E94F9464E505E42B5
:1010A000FA012081318150E040E00E94D74681E082
:1010B000C216D306E406F50608F080E08093492CBA
:1010C000C814D904EA04FB04F0F510929E2810928B
:1010D0009F281092A0281092A12840910C2850918E
:1010E0000D282091A22B3091A32B81E094E0821B4C
:1010F000930B6091602970916129869F9001879F71
:10110000300D969F300D112463E0369527956A9532
:10111000E1F72F5F3F4F440F551FFA01EE5FFD428D
:10112000A081B1810E94F9464E505E42FA012081B1
:10113000318150E040E00E94D7462C0F3D1F2093A4
:101140009C2830939D2880919E2890919F28A09163
:10115000A028B091A1280196A11DB11D80939E28C1
:1011600090939F28A093A028B093A1288091052C4C
:101170009091062C892B09F4D1C08091F62B909187
:10118000F72B039709F0CAC08091D12B2091DC2B5B
:101190003091DD2B2930310508F403C3811104C0DF
:1011A00080919B28882371F110929728109298289B
:1011B0001092992810929A2840910E2850910F2849
:1011C0008091922B9091932B969587952AE032E00F
:1011D000281B390B440F551FFA01EE5FFD42A08119
:1011E000B1810E94F9464E505E42FA012081318160
:1011F00050E040E00E94D7462093952830939628EF
:1012000010929B288090972890909828A0909928D9
:10121000B0909A28C0919528D09196286E01F12C13
:10122000E12CFAE08F169104A104B104F0F440918E
:101230000E2850910F28440F551FFA01EE5FFD4212
:1012400020813181A8EEB3E00E94F9464E505E4203
:10125000FA012081318150E040E00E94D74681E0D0
:10126000C216D306E406F50608F080E08093472C0A
:10127000C814D904EA04FB04F0F5109297281092E0
:1012800098281092992810929A2840910E285091EF
:101290000F282091922B3091932B81E094E0821BB8
:1012A000930B60915E2970915F29869F9001879FC3
:1012B000300D969F300D1124F3E036952795FA9561
:1012C000E1F72F5F3F4F440F551FFA01EE5FFD42DC
:1012D000A081B1810E94F9464E505E42FA01208100
:1012E000318150E040E00E94D7462C0F3D1F2093F3
:1012F0009528309396288091972890919828A091CE
:101300009928B0919A280196A11DB11D8093972824
:1013100090939828A0939928B0939A288091022CB2
:101320009091032C892B09F4D1C08091F42B9091DA
:10133000F52B039709F0CAC08091C12B2091CC2BCB
:101340003091CD2B2930310508F4B3C2811104C08E
:1013500080919428882371F11092902810929128FE
:1013600010929228109293284091102850911128A1
:101370008091822B9091832B969587952AE032E07D
:10138000281B390B440F551FFA01EE5FFD42A08167
:10139000B1810E94F9464E505E42FA0120813181AE
:1013A00050E040E00E94D74620938E2830938F284B
:1013B000109294288090902890909128A090922844
:1013C000B0909328C0918E28D0918F286E01F12C77
:1013D000E12CFAE08F169104A104B104F0F44091DD
:1013E000102850911128440F551FFA01EE5FFD425D
:1013F00020813181A8EEB3E00E94F9464E505E4252
:10140000FA012081318150E040E00E94D74681E01E
:10141000C216D306E406F50608F080E08093452C5A
:10142000C814D904EA04FB04F0F510929028109235
:101430009128109292281092932840911028509150
:1014400011282091822B3091832B81E094E0821B24
:10145000930B60915C2970915D29869F9001879F15
:10146000300D969F300D112483E0369527958A958F
:10147000E1F72F5F3F4F440F551FFA01EE5FFD422A
:10148000A081B1810E94F9464E505E42FA0120814E
:10149000318150E040E00E94D7462C0F3D1F209341
:1014A0008E2830938F288091902890919128A09138
:1014B0009228B09193280196A11DB11D8093902888
:1014C00090939128A0939228B09393288091FF2B1A
:1014D0009091002C892B09F4D1C08091F22B90912E
:1014E000F32B039709F0CAC08091B12B2091BC2B3C
:1014F0003091BD2B2930310508F463C2811104C03D
:1015000080918D28882371F11092892810928A2861
:1015100010928B2810928C284091122850911328F9
:101520008091722B9091732B969587952AE032E0EB
:10153000281B390B440F551FFA01EE5FFD42A081B5
:10154000B1810E94F9464E505E42FA0120813181FC
:1015500050E040E00E94D7462093872830938828A7
:1015600010928D288090892890908A28A0908B28AE
:10157000B0908C28C0918728D09188286E01F12CDA
:10158000E12CFAE08F169104A104B104F0F440912B
:10159000122850911328440F551FFA01EE5FFD42A7
:1015A00020813181A8EEB3E00E94F9464E505E42A0
:1015B000FA012081318150E040E00E94D74681E06D
:1015C000C216D306E406F50608F080E08093432CAB
:1015D000C814D904EA04FB04F0F51092892810928B
:1015E0008A2810928B2810928C28409112285091B2
:1015F00013282091722B3091732B81E094E0821B91
:10160000930B60915A2970915B29869F9001879F67
:10161000300D969F300D112463E0369527956A951D
:10162000E1F72F5F3F4F440F551FFA01EE5FFD4278
:10163000A081B1810E94F9464E505E42FA0120819C
:10164000318150E040E00E94D7462C0F3D1F20938F
:101650008728309388288091892890918A28A091A2
:101660008B28B0918C280196A11DB11D80938928EB
:1016700090938A28A0938B28B0938C28DF91CF91E8
:10168000FF90EF90DF90CF90BF90AF909F908F90A2
:101690000895811104C08091A228882361F11092DD
:1016A0009E2810929F281092A0281092A128409165
:1016B0000C2850910D282091A22B3091A32B369508
:1016C00027952C593F4F440F551FFA01EE5FFD42FD
:1016D000A081B1810E94F9464E505E42FA012081FC
:1016E000318150E040E00E94D74620939C283093FF
:1016F0009D281092A22840919E2850919F28609189
:10170000A0287091A128C0909C28D0909D284A3094
:1017100051056105710528F481E0FBE0CF16D10485
:1017200008F480E08093492CF12CE12CC416D506F6
:10173000E606F70608F007CD10929E2810929F2823
:101740001092A0281092A1286091602970916129BF
:1017500090E080E00E94A44720E030E040E05EE3BB
:101760000E9432482DEC3CEC4CEC5EE30E94324887
:1017700020E030E040E05FE30E9409474B015C015C
:10178000C701B6010E94A4479B01AC01C501B40189
:101790000E9432480E94754760939C2870939D2850
:1017A000D2CC811104C080919B28882361F11092D2
:1017B0009728109298281092992810929A28409170
:1017C0000E2850910F282091922B3091932B369513
:1017D00027952C593F4F440F551FFA01EE5FFD42EC
:1017E000A081B1810E94F9464E505E42FA012081EB
:1017F000318150E040E00E94D746209395283093F5
:10180000962810929B284091972850919828609193
:10181000992870919A28C0909528D09096284A309F
:1018200051056105710528F481E0FBE0CF16D10474
:1018300008F480E08093472CF12CE12CC416D506E7
:10184000E606F70608F057CD1092972810929828D0
:101850001092992810929A2860915E2970915F29C0
:1018600090E080E00E94A44720E030E040E05EE3AA
:101870000E9432482DEC3CEC4CEC5EE30E94324876
:1018800020E030E040E05FE30E9409474B015C014B
:10189000C701B6010E94A4479B01AC01C501B40178
:1018A0000E9432480E94754760939528709396284D
:1018B00022CD811104C080919428882361F1109277
:1018C000902810929128109292281092932840917B
:1018D0001028509111282091822B3091832B36951E
:1018E00027952C593F4F440F551FFA01EE5FFD42DB
:1018F000A081B1810E94F9464E505E42FA012081DA
:10190000318150E040E00E94D74620938E283093EA
:101910008F2810929428409190285091912860919E
:10192000922870919328C0908E28D0908F284A30AA
:1019300051056105710528F481E0FBE0CF16D10463
:1019400008F480E08093452CF12CE12CC416D506D8
:10195000E606F70608F0A7CD10929028109291287D
:10196000109292281092932860915C2970915D29C1
:1019700090E080E00E94A44720E030E040E05EE399
:101980000E9432482DEC3CEC4CEC5EE30E94324865
:1019900020E030E040E05FE30E9409474B015C013A
:1019A000C701B6010E94A4479B01AC01C501B40167
:1019B0000E9432480E94754760938E2870938F284A
:1019C00072CD811104C080918D28882361F110921D
:1019D000892810928A2810928B2810928C28409186
:1019E0001228509113282091722B3091732B369529
:1019F00027952C593F4F440F551FFA01EE5FFD42CA
:101A0000A081B1810E94F9464E505E42FA012081C8
:101A1000318150E040E00E94D746209387283093E0
:101A2000882810928D284091892850918A286091A9
:101A30008B2870918C28C0908728D09088284A30B5
:101A400051056105710528F481E0FBE0CF16D10452
:101A500008F480E08093432CF12CE12CC416D506C9
:101A6000E606F70608F0F7CD1092892810928A282A
:101A700010928B2810928C2860915A2970915B29C2
:101A800090E080E00E94A44720E030E040E05EE388
:101A90000E9432482DEC3CEC4CEC5EE30E94324854
:101AA00020E030E040E05FE30E9409474B015C0129
:101AB000C701B6010E94A4479B01AC01C501B40156
:101AC0000E9432480E947547609387287093882847
:101AD000C2CD880F991FFC01E65FF74D0190F081A0
:101AE000E02DEE0FFF1FDF01AE5FBD420D90BC91F8
:101AF000A02D209120293091212940912229509117
:101B000023290E94C446EE50FE422081318150E0DC
:101B100040E00E94D746CA01B90108950F931F9370
:101B2000CF93DF932091552B2223C9F1EC0161E083
:101B300070E08DE00E94B80161E070E08DE00E94ED
:101B4000B80161E070E08DE00E94B80110E000E0B3
:101B5000C017D10769F070E060E08DE00E94B80125
:101B600061E070E08DE00E94B8010F5F1F4FF0CF81
:101B700061E070E08DE00E94B80161E070E08DE00E
:101B80000E94B80161E070E08DE00E94B80181E040
:101B900080934A2CDF91CF911F910F910895019668
:101BA000880F991F20914B2C222359F02091D32884
:101BB0003091D428820F931F8093D3289093D428F8
:101BC000E9CF10924A2C8093D3289093D42881E0B7
:101BD00080934B2C2AEA37E140E659E060E070E060
:101BE0008BEB9DE2DF91CF911F910F910C941A0323
:101BF0008091622990916329009779F020910B2CB4
:101C000030910C2C2115310531F0821B930B00977C
:101C100021F00C948E0D0197FACF089520910D2C90
:101C200030910E2C2115310569F08D7F853091059D
:101C300059F42D7F91E080E02130310509F090E0EA
:101C4000292F382FC9010895049731F42130310527
:101C5000C9F322E030E0F6CF30E020E0F3CFCF93BD
:101C6000DF938091082C9091092C892B99F0C091D9
:101C7000F82BD091F92BCE010E940E0E81309105E8
:101C800009F056C08091492C811102C08091072C27
:101C90008093492C8091052C9091062C892B99F0EA
:101CA000C091F62BD091F72BCE010E940E0E813001
:101CB000910509F060C08091472C811102C080918C
:101CC000042C8093472C8091022C9091032C892B1B
:101CD00099F0C091F42BD091F52BCE010E940E0EFD
:101CE0008130910509F06AC08091452C811102C0B4
:101CF0008091012C8093452C8091FF2B9091002C9A
:101D0000892B99F0C091F22BD091F32BCE010E9438
:101D10000E0E8130910509F074C08091432C811121
:101D200002C08091FE2B8093432CDF91CF910895C8
:101D3000029709F0AFCF9091E12B8091072C269765
:101D400061F4992321F09091B6289093B5288823C7
:101D500009F49ECF8091B5289BCF992331F09091C3
:101D6000492C21E092279093B428882309F490CF3E
:101D70008091B4288DCF029709F0A5CF9091D12BF7
:101D80008091042C269761F4992321F09091B32837
:101D90009093B228882309F494CF8091B22891CFF0
:101DA000992331F09091472C21E092279093B1280C
:101DB000882309F486CF8091B12883CF029709F058
:101DC0009BCF9091C12B8091012C269761F4992390
:101DD00021F09091B0289093AF28882309F48ACFFE
:101DE0008091AF2887CF992331F09091452C21E045
:101DF00092279093AE28882309F47CCF8091AE2857
:101E000079CF029709F091CF9091B12B8091FE2B61
:101E1000269761F4992321F09091AD289093AC28F6
:101E2000882309F480CF8091AC287DCF992331F0AD
:101E30009091432C21E092279093AB28882309F4BA
:101E400072CF8091AB286FCF80911529882309F438
:101E5000DFC0809140299091412920913C29309107
:101E60003D29820F931F877099279C01B3E0220FB1
:101E7000331FBA95E1F7F901EA59F64D648175818E
:101E80004091522B411107C16115710509F4FEC043
:101E90008091CF289091D028209113293091142936
:101EA0002817390708F0F2C0409708F4EFC0809176
:101EB000612B8111EBC0808191818093FA2B9093EB
:101EC000FB2B828193818093642990936529609391
:101ED0000B2C70930C2C2681378120936229309330
:101EE0006329A6E096958795AA95E1F7803191053B
:101EF00008F0B1C080932E2990932F292091AC2B0C
:101F00003091AD2B80912E2990912F2921303105D0
:101F100009F4B0C008F4A2C02230310509F4B0C001
:101F20008091FA2B9091FB2B8093F22B9093F32BC3
:101F30008093F42B9093F52B8093F62B9093F72BB3
:101F40008093F82B9093F92B8091642990916529C7
:101F50008093722B9093732B8093822B9093832B7F
:101F60008093922B9093932B8093A22B9093A32BEF
:101F700080910B2C90910C2C8093FF2B9093002C34
:101F80008093022C9093032C8093052C9093062C25
:101F90008093082C9093092C809162299091632959
:101FA00080935A2990935B2980935C2990935D29B3
:101FB00080935E2990935F29809360299093612993
:101FC00080912E2990912F298093BC2B9093BD2B2B
:101FD0008093CC2B9093CD2B8093DC2B9093DD2B97
:101FE0008093EC2B9093ED2B8091322990913329A3
:101FF0008093B62B9093B72B8093C62B9093C72BCF
:102000008093D62B9093D72B8093E62B9093E72B3E
:1020100080910B2C90910C2C892BC9F48091082C69
:102020009091092C892B99F48091052C9091062C84
:10203000892B69F48091022C9091032C892B39F41F
:102040008091FF2B9091002C892B09F4B1C281E083
:102050008093FD2B08958FE090E04CCF880F991F5F
:10206000FC01EE5AFD418081918180933229909349
:10207000332956CF880F991FFC01EE5CFD41F3CF49
:10208000880F991FFC01EE5EFD41EDCF10920B2CE5
:1020900010920C2C45CF6115710509F4E9C14091EE
:1020A000CF285091D028A0911329B0911429A417BA
:1020B000B50708F0DDC14031510508F4D9C14091A0
:1020C000612B4111D5C1408151814093FA2B50932E
:1020D000FB2B42815381409364295093652960937F
:1020E0000B2C70930C2C668177816093622970931E
:1020F000632966E0569547956A95E1F740315105A9
:1021000008F092C140932E2950932F294091AC2B77
:102110005091AD2B4130510509F498C108F487C1A5
:102120004230510509F49BC1B9016A59764DFB0152
:10213000EC5BFF4FA081B181109709F4C2C14091BF
:10214000CF285091D028E0911129F0911229E4175D
:10215000F50708F0B6C14031510508F4B2C140910D
:10216000612B4111AEC1FC0143E0EE0FFF1F4A9508
:10217000E1F7EA55F64D408151814093F82B509399
:10218000F92BFB01EE5BFF4F408151814093A22B65
:102190005093A32BA093082CB093092C6A5B7F4F1C
:1021A000FB0160817181609360297093612966E011
:1021B000569547956A95E1F74031510508F05DC1A4
:1021C0004093EC2B5093ED2B4091AC2B5091AD2BC9
:1021D0004130510509F463C108F452C14230510540
:1021E00009F466C1B9016A59764DFB01EC57FF4FFE
:1021F000A081B181109709F48DC14091CF285091F1
:10220000D028E0910F29F0911029E417F50708F084
:1022100081C14031510508F47DC14091612B4111CC
:1022200079C1FC0143E0EE0FFF1F4A95E1F7EA5147
:10223000F64D408151814093F62B5093F72BFB01D3
:10224000EE57FF4F408151814093922B5093932B37
:10225000A093052CB093062C6A577F4FFB01608139
:10226000718160935E2970935F2966E0569547956A
:102270006A95E1F74031510508F028C14093DC2B05
:102280005093DD2B4091AC2B5091AD2B413051053B
:1022900009F42EC108F41DC14230510509F431C1C1
:1022A000B9016A59764DFB01EC53FF4FA081B18112
:1022B000109709F458C14091CF285091D028E0914F
:1022C0000D29F0910E29E417F50708F04CC14031B3
:1022D000510508F448C14091612B411144C1FC01F2
:1022E00053E0EE0FFF1F5A95E1F7EA5DF54D40818F
:1022F00051814093F42B5093F52BFB01EE53FF4F8C
:10230000408151814093822B5093832BA093022CC8
:10231000B093032C6A537F4FFB01608171816093FE
:102320005C2970935D2966E0569547956A95E1F7BB
:102330004031510508F0F3C04093CC2B5093CD2B86
:102340004091AC2B5091AD2B4130510509F4F9C0AF
:1023500008F4E8C04230510509F4FCC02A59364D52
:10236000F901EC5FFE4F408151814115510509F49F
:102370001AC16091CF287091D028E0910B29F0917B
:102380000C29E617F70708F00EC16031710508F453
:102390000AC16091612B611106C163E0880F991F2A
:1023A0006A95E1F7FC01EA59F54D808191818093AE
:1023B000F22B9093F32BF901EE5FFE4F8081918118
:1023C0008093722B9093732B4093FF2B5093002C90
:1023D0002A5F3E4FF9012081318120935A293093A1
:1023E0005B2976E0969587957A95E1F7803191059E
:1023F00008F0BEC08093BC2B9093BD2B8091AC2B7A
:102400009091AD2B8130910509F4C4C008F4B3C09C
:10241000029709F0FDCDE091BC2BF091BD2BEE0FA2
:10242000FF1FEE5EFD41AFC04FE050E06BCEE0918C
:102430002E29F0912F29EE0FFF1FEE5AFD4140810A
:10244000518140933229509333296ECEE0912E2949
:10245000F0912F29EE0FFF1FEE5CFD41F0CFE091D0
:102460002E29F0912F29EE0FFF1FEE5EFD41E7CFE1
:1024700010920B2C10920C2C57CE4FE050E0A0CEB7
:10248000E091EC2BF091ED2BEE0FFF1FEE5AFD418A
:10249000408151814093E62B5093E72BA3CEE091EE
:1024A000EC2BF091ED2BEE0FFF1FEE5CFD41F0CF1A
:1024B000E091EC2BF091ED2BEE0FFF1FEE5EFD4156
:1024C000E7CF1092082C1092092C8CCE4FE050E0F0
:1024D000D5CEE091DC2BF091DD2BEE0FFF1FEE5AF5
:1024E000FD41408151814093D62B5093D72BD8CEBC
:1024F000E091DC2BF091DD2BEE0FFF1FEE5CFD4138
:10250000F0CFE091DC2BF091DD2BEE0FFF1FEE5EA4
:10251000FD41E7CF1092052C1092062CC1CE4FE062
:1025200050E00ACFE091CC2BF091CD2BEE0FFF1FA6
:10253000EE5AFD41408151814093C62B5093C72BE9
:102540000DCFE091CC2BF091CD2BEE0FFF1FEE5C69
:10255000FD41F0CFE091CC2BF091CD2BEE0FFF1F82
:10256000EE5EFD41E7CF1092022C1092032CF6CEC6
:102570008FE090E03FCFE091BC2BF091BD2BEE0FB0
:10258000FF1FEE5AFD41808191818093B62B90937D
:10259000B72B3ECDE091BC2BF091BD2BEE0FFF1F72
:1025A000EE5CFD41F0CF1092FF2B1092002C30CD4D
:1025B0001092FD2B08954F925F926F927F928F92AF
:1025C0009F92AF92BF92CF92DF92EF92FF92CF9302
:1025D000DF9300D000D0CDB7DEB74B015C010E9485
:1025E000EB02C0902029D0902129E0902229F09080
:1025F0002329409024295090252960902629709005
:10260000272984149504A604B70408F462C0A30122
:102610009201245631094109510929833A834B8398
:102620005C83D701C60172E0B695A795979587950B
:102630007A95D1F7820F931FA41FB51F88159905AE
:10264000AA05BB0508F042C0D701C601B695A795FB
:1026500097958795820F931FA41FB51F881699061B
:10266000AA06BB0608F458C0A3E0B0E0A701960193
:102670000E94C44622E096958795779567952A959E
:10268000D1F729813A814B815C81620F731F841FCE
:10269000951F86169706A806B90608F440C0C40C14
:1026A000D51CE61CF71C34E6C31AD108E108F10872
:1026B00083E090E08C149D04AE04BF04D8F084E065
:1026C00090E0C814D904EA04FB04A0F090E080E094
:1026D00011C0481859086A087B0881E090E044E678
:1026E000441651046104710410F490E080E0919567
:1026F000819591092496CDBFDEBFDF91CF91FF90E8
:10270000EF90DF90CF90BF90AF909F908F907F9091
:102710006F905F904F90089581E090E0EBCF82E062
:1027200090E0E8CF81E08093AB2A0E94EB026093B7
:10273000A72A7093A82A8093A92A9093AA2A089579
:1027400081E08093B02A0E94EB026093AC2A7093E0
:10275000AD2A8093AE2A9093AF2A089581E08093AA
:10276000B52A0E94EB026093B12A7093B22A80933B
:10277000B32A9093B42A089581E08093BA2A0E94E4
:10278000EB026093B62A7093B72A8093B82A90938D
:10279000B92A08958091302890913128009709F442
:1027A00050C062E370E04EEF5FEF8130910511F0B1
:1027B00050E040E02091CD283091CE28460F571FA1
:1027C0004217530708F440C0109230281092312865
:1027D0008091532B9091542B8130910509F434C191
:1027E00008F428C1029709F43AC180912E299091EA
:1027F0002F29009709F43CC160E470E04CEE5FEFD4
:102800008130910511F050E040E020916429309131
:102810006529460F571F4217530708F42CC1109221
:102820002E2910922F298091AC2B9091AD2B8130C5
:10283000910509F47DC308F46CC3029709F481C3C0
:1028400008956CE370E0B4CF81309105A9F068E79A
:1028500070E046EF5FEF8230910511F050E040E00C
:10286000460F571F4217530750F081E090E08093C6
:10287000302890933128ACCF62E870E0EFCF8230FF
:10288000910589F06CE271E046EF5FEF83309105CE
:1028900011F050E040E0460F571F4217530730F049
:1028A00082E090E0E4CF66E371E0F3CF82309105FF
:1028B00011F16CE271E046EF5FEF8330910511F0AA
:1028C00050E040E0460F571F42175307D0F48330C3
:1028D0009105A1F068E072E046EF5FEF843091056A
:1028E00011F050E040E0460F571F4217530748F0E1
:1028F00083E090E0BCCF66E371E0E2CF62E172E09A
:10290000F0CF8330910511F168E072E046EF5FEFA0
:102910008430910511F050E040E0460F571F4217F8
:102920005307D0F484309105A1F068EA72E046EFD5
:102930005FEF8530910511F050E040E0460F571FE2
:102940004217530748F084E090E091CF62E172E0D3
:10295000E2CF62EB72E0F0CF8430910511F168EACA
:1029600072E046EF5FEF8530910511F050E040E0F6
:10297000460F571F42175307D0F485309105A1F039
:1029800060E773E046EF5FEF8630910511F050E0AD
:1029900040E0460F571F4217530748F085E090E08C
:1029A00066CF62EB72E0E2CF6AE773E0F0CF85308A
:1029B000910511F160E773E046EF5FEF8630910516
:1029C00011F050E040E0460F571F42175307D0F474
:1029D00086309105A1F068EE73E046EF5FEF873037
:1029E000910511F050E040E0460F571F4217530782
:1029F00048F086E090E03BCF6AE773E0E2CF62EF19
:102A000073E0F0CF8630910579F048EE53E00797F8
:102A100071F090E080E0840F951F8217930708F013
:102A2000D7CE87E090E023CF42EF53E0F2CF86EF9E
:102A30009FEFF1CF809130289091312801968093BB
:102A4000382990933929D1CEE0913028F09131285E
:102A5000EE0FFF1FEE5BFD4180819181F0CFE09191
:102A60003028F0913128EE0FFF1FEE5DFD41F4CFCD
:102A700064E570E0C8CE81309105A9F060E870E0AF
:102A80004CEE5FEF8230910511F050E040E0460FD0
:102A9000571F4217530750F081E090E080932E2992
:102AA00090932F29C0CE64E970E0EFCF823091057A
:102AB00089F060EC70E04CEE5FEF8330910511F02F
:102AC00050E040E0460F571F4217530730F082E0B6
:102AD00090E0E4CF64ED70E0F3CF8230910511F126
:102AE00060EC70E04CEE5FEF8330910511F050E048
:102AF00040E0460F571F42175307D0F4833091052B
:102B0000A1F060E071E04CEE5FEF8430910511F0D0
:102B100050E040E0460F571F4217530748F083E04C
:102B200090E0BCCF64ED70E0E2CF64E171E0F0CF03
:102B30008330910511F160E071E04CEE5FEF84307D
:102B4000910511F050E040E0460F571F4217530720
:102B5000D0F484309105A1F060E471E04CEE5FEFB9
:102B60008530910511F050E040E0460F571F4217A5
:102B7000530748F084E090E091CF64E171E0E2CF48
:102B800064E571E0F0CF8430910511F160E471E00B
:102B90004CEE5FEF8530910511F050E040E0460FBC
:102BA000571F42175307D0F485309105A1F060E814
:102BB00071E04CEE5FEF8630910511F050E040E09F
:102BC000460F571F4217530748F085E090E066CF45
:102BD00064E571E0E2CF64E971E0F0CF8530910502
:102BE00011F160E871E04CEE5FEF8630910511F075
:102BF00050E040E0460F571F42175307D0F486308D
:102C00009105A1F060EC71E04CEE5FEF873091052B
:102C100011F050E040E0460F571F4217530748F0AD
:102C200086E090E03BCF64E971E0E2CF64ED71E0D3
:102C3000F0CF8630910511F160EC71E04CEE5FEF62
:102C40008730910511F050E040E0460F571F4217C2
:102C50005307D0F487309105A1F060E072E04CEEAC
:102C60005FEF8830910511F050E040E0460F571FAC
:102C70004217530748F087E090E010CF64ED71E011
:102C8000E2CF64E172E0F0CF8730910511F160E0AE
:102C900072E04CEE5FEF8830910511F050E040E0BB
:102CA000460F571F42175307D0F488309105A1F003
:102CB00060E472E04CEE5FEF8930910511F050E076
:102CC00040E0460F571F4217530748F088E090E056
:102CD000E5CE64E172E0E2CF64E572E0F0CF8830E7
:102CE000910511F160E472E04CEE5FEF89309105DF
:102CF00011F050E040E0460F571F42175307D0F441
:102D000089309105A1F060E872E04CEE5FEF8A3007
:102D1000910511F050E040E0460F571F421753074E
:102D200048F089E090E0BACE64E572E0E2CF64E971
:102D300072E0F0CF8930910511F160E872E04CEE5D
:102D40005FEF8A30910511F050E040E0460F571FC9
:102D500042175307D0F48A309105A1F060EC72E07D
:102D60004CEE5FEF8B30910511F050E040E0460FE4
:102D7000571F4217530748F08AE090E08FCE64E96E
:102D800072E0E2CF64ED72E0F0CF8A30910511F18C
:102D900060EC72E04CEE5FEF8B30910511F050E08B
:102DA00040E0460F571F42175307D0F48B30910570
:102DB000A1F060E073E04CEE5FEF8C30910511F014
:102DC00050E040E0460F571F4217530748F08BE092
:102DD00090E064CE64ED72E0E2CF64E173E0F0CFA6
:102DE0008B30910511F160E073E04CEE5FEF8C30B9
:102DF000910511F050E040E0460F571F421753076E
:102E0000D0F48C309105A1F060E473E04CEE5FEFFC
:102E10008D30910511F050E040E0460F571F4217EA
:102E2000530748F08CE090E039CE64E173E0E2CFE4
:102E300064E573E0F0CF8C30910511F160E473E04C
:102E40004CEE5FEF8D30910511F050E040E0460F01
:102E5000571F42175307D0F48D309105A1F060E859
:102E600073E04CEE5FEF8E30910511F050E040E0E2
:102E7000460F571F4217530748F08DE090E00ECEE3
:102E800064E573E0E2CF64E973E0F0CF8D30910543
:102E900011F160E873E04CEE5FEF8E30910511F0B8
:102EA00050E040E0460F571F42175307D0F48E30D2
:102EB0009105A1F060EC73E04CEE5FEF8F3091056F
:102EC00011F050E040E0460F571F4217530748F0FB
:102ED0008EE090E0E3CD64E973E0E2CF64ED73E06F
:102EE000F0CF8E30910579F040EC53E00F9771F000
:102EF00090E080E0840F951F8217930708F093CC31
:102F00008FE090E0CBCD44ED53E0F2CF8CEE9FEF1D
:102F1000F1CFE0912E29F0912F29EE0FFF1FEE5AED
:102F2000FD418081918180933229909333290895C6
:102F3000E0912E29F0912F29EE0FFF1FEE5CFD414D
:102F4000F0CFE0912E29F0912F29EE0FFF1FEE5EBA
:102F5000FD41E7CFCF93DF93C091D328D091D42800
:102F60002197C093D328D093D428C0FF07C070E026
:102F700060E08DE00E94B80181E019C061E070E07E
:102F80008DE00E94B801CD2BB9F710924B2C8091A7
:102F9000622990916329019769F480910B2C90919B
:102FA0000C2C892B39F081E080934A2C80E0DF9152
:102FB000CF91089510924A2CF9CFDC01ED91FC914C
:102FC0000088F189E02D23E030E00994CF93DF936E
:102FD000FC0101900020E9F73197AF01481B590B24
:102FE000BC0180E29DE20E94AA03EC0142E050E0B5
:102FF0006CE373EE80E29DE20E94AA038C0F9D1F9A
:10300000DF91CF91089588ED90E084BF90936100A7
:1030100080E094E2A4EFB0E080931E2890931F28F4
:10302000A0932028B0932128809102068660809387
:10303000020680910006816080930006809102065E
:103040008F7C809302068091A0008F788093A000EF
:10305000809102068061809302061092E20581E071
:103060008093E40583E08093010A8FEF90E08093E2
:10307000260A9093270A80E890E08093380A90937C
:10308000390A80933A0A90933B0A80933C0A9093C2
:103090003D0A8BE08093000A8091E5058160809372
:1030A000E5058091E50582608093E505E0E8FAE0BA
:1030B00037E02FEF90E885E0318324879587808380
:1030C0007096E03C4AE0F407B9F780E094E0809322
:1030D0005E2C90935F2C80915E2C90915F2C2FEF53
:1030E00030E0B9010E94AF4860935C2C70935D2C76
:1030F00080915E2C90915F2CE8EEF3E0BF010E947E
:10310000AF4860935A2C70935B2C80915E2C909109
:103110005F2CBF010E94AF488093582C9093592C8C
:103120002093BC0A3093BD0A8091B50A81608093D8
:10313000B50A84E08093B00A8091B00A81608093E0
:10314000B00A7894089580916D2890916E2820910E
:103150006B2830916C288217930769F020916A28B8
:10316000222391F080FD0CC0089A81FD0BC0AD9A1E
:1031700082FD1FC04E9A80936B2890936C2808950F
:103180000898F3CFAD98F4CF88309105A0F7FC01F3
:10319000E453F74E0C94D748D418D718DB18DE1830
:1031A000E118E318E518E718089AAD9802C00898E6
:1031B000AD9A4E98E0CF0898AD98DCCF0898AD9ABC
:1031C000D9CF089AFCCF089AF7CF089AF1CF089880
:1031D000ECCFCF92DF92EF92FF929C01ACE2B1E094
:1031E0000E94F9466B017C010E949E03A701960193
:1031F00024543D4F4F4F5F4F0E94D7466C157D05BD
:103200008E059F0588F42CE231E040E050E00E94FA
:10321000D746663971058105910530F44C9AFF90C7
:10322000EF90DF90CF9008954C98F9CF20916A28C5
:10323000222371F080FD08C0089A81FD07C0AD9A75
:1032400082FD1BC04E9A08950898F7CFAD98F8CF2D
:103250008830910598F4805D964EFC010C94D74817
:1032600038193B193F1942194519471949194B1982
:10327000089AAD9802C00898AD9A4E98089508989B
:10328000AD98E0CF0898AD9ADDCF089AFCCF089AA8
:10329000F7CF089AF1CF0898ECCF0F931F93CF93F5
:1032A000DF9380915D2B8823E9F0E0915B2BF09117
:1032B0005C2BEE0FFF1FE45FF74D808191818093BF
:1032C0006D2890936E280E94A31880915B2B90919B
:1032D0005C2B01960E94E91881E0DF91CF911F914C
:1032E0000F9108958091612B811106C080914D2C22
:1032F000882309F466C07AC08091622B9091632B79
:103300002091602B222309F45EC08730910509F0DB
:103310004FC080911428909115288230910508F4AF
:1033200050C00E94E918C0910A28D0910B288091C2
:10333000602B882309F4BBC00E949E0300912628BD
:10334000109127282091282830912928AB01BC0111
:10335000401B510B620B730B8091DE289091DF288C
:103360000CEB12E020E030E0009721F002EC11E0DD
:1033700020E030E0041715072607370788F4019688
:10338000837099278093DE289093DF280E949E0304
:1033900060932628709327288093282890932928C3
:1033A000209749F12197C0930A28D0930B2894CFF6
:1033B000059739F480910D2C90910E2C009709F00F
:1033C000B0CF4C98B0CF079799F48091512B8823B8
:1033D000C1F30E949E0320E931E040E050E00E94EA
:1033E000D746683C71058105910558F74C9A9BCFEB
:1033F00080914D2B7DCF80916D2890916E28E0912A
:10340000DE28F091DF2871E02091142830911528F2
:103410002230310508F470E061E020914F2B3091AB
:10342000502B232B09F460E051E020910D2C3091BA
:103430000E2C232B09F450E0A0910F2C29E030E052
:10344000EE0FFF1FEA5EF74D0196877099270097F0
:10345000E9F08530910529F18630910521F1873019
:10346000910519F1EC012197249798F4C081D1813D
:10347000C817D90771F480936D2890936E2823E0C4
:1034800030E020930A2830930B2852C04A2F411174
:10349000F2CF21503109C1F680936D2890936E28A8
:1034A000F0CF452FF4CF462FF2CF472FF0CF4091EA
:1034B0004D2C209709F03FC080916D2890916E2887
:1034C00001968770992780936D2890936E2820919C
:1034D000612B211114C0411112C021E130E0FC0127
:1034E000E050F84D5081511106C001968770992720
:1034F00021503109A1F780936D2890936E2881E0C7
:1035000080932E284423F9F08091612B81111BC0F8
:103510008091402990914129209134293091352979
:10352000820F931F8770992780936D2890936E2840
:103530000E94A318D1CE2197C0930A28D0930B28BC
:1035400010922E28DFCF8091FD2B882309F491C0A3
:103550008091522B811105C08091FA2B9091FB2B09
:10356000E3CF80912E28882319F380912C28909105
:103570002D28019665E070E00E94AF48AC01E09113
:103580000B2CF0910C2CA091082CB091092CC0911F
:10359000052CD091062C0091022C1091032C6091E7
:1035A000FF2B7091002C20910A2890910B28411537
:1035B000510559F4309761F020930A2890930B2815
:1035C00010922C2810922D28C7CF4130510589F434
:1035D000109791F020930A2890930B2881E090E0B7
:1035E00080932C2890932D288091F82B9091F92B83
:1035F0009BCF4230510589F4209791F020930A28FF
:1036000090930B2882E090E080932C2890932D28B3
:103610008091F62B9091F72B87CF4330510591F491
:103620000115110579F020930A2890930B2883E067
:1036300090E080932C2890932D288091F42B9091EA
:10364000F52B72CF322F892F21E090E061157105A3
:1036500009F4B0CF30930A2880930B2884E090E0DF
:1036600080932C2890932D288091F22B9091F32B0E
:103670005BCF80912E28882309F45ACFE0916D28E2
:10368000F0916E288091612B811123C08091FA2BDB
:103690009091FB2B8E179F07A9F420912A28309137
:1036A0002B282817390758F02AE030E020930A2801
:1036B00030930B2880932A2890932B2839CF21E030
:1036C00030E0F4CF81E090E080930A2890930B28BB
:1036D0002FCF4091522B2091532B3091542B80911E
:1036E000AC2B9091AD2B5091552BE830F105E8F7BC
:1036F000E458F44E0C94D748841B8D1B971BA11BD8
:10370000AA1BB01BB61BBC1B552339F010926D28A9
:1037100010926E2882E090E0D7CF8230910539F484
:1037200021E030E020936D2830936E28CDCF81309A
:10373000910539F482E090E080936D2890936E2893
:10374000C3CF009739F483E090E080936D28909385
:103750006E28E0CF2115310519F484E090E0F5CF13
:103760002130310519F485E090E0EFCF22303105AA
:1037700019F486E090E090CE442331F287E090E0A7
:10378000E4CFCF93DF938091C9289091CA28009706
:1037900029F001978093C9289093CA288091522BD1
:1037A000882361F18091C7289091C828009729F05B
:1037B00001978093C7289093C8288091C52890913D
:1037C000C628009729F001978093C5289093C628B2
:1037D0008091C3289091C428009729F00197809385
:1037E000C3289093C4288091C1289091C228009743
:1037F00029F001978093C1289093C2280E943146F6
:103800002091C9283091CA284AE5429FE001439F90
:10381000D00D112428EE33E040E050E00E94A54690
:10382000DC01CB018C0F9D1FA11DB11D893E23E042
:103830009207A105B10524F088EE93E0A0E0B0E086
:103840008093BF289093C0282091522B222309F403
:103850003BC10E9431462091C7283091C8284AE5D3
:10386000429FE001439FD00D112428EE33E040E059
:1038700050E00E94A546DC01CB018C0F9D1FA11DCD
:10388000B11D893E23E09207A105B10524F088EE21
:1038900093E0A0E0B0E08093BD289093BE280E9402
:1038A00031462091C5283091C6284AE5429FE00163
:1038B000439FD00D112428EE33E040E050E00E94F9
:1038C000A546DC01CB018C0F9D1FA11DB11D893EBA
:1038D00023E09207A105B10524F088EE93E0A0E073
:1038E000B0E08093BB289093BC280E943146209181
:1038F000C3283091C4284AE5429FE001439FD00D80
:10390000112428EE33E040E050E00E94A546DC019F
:10391000CB018C0F9D1FA11DB11D893E23E0920795
:10392000A105B10524F088EE93E0A0E0B0E080931B
:10393000B9289093BA280E9431462091C12830912D
:10394000C2284AE5429FE001439FD00D112428EE92
:1039500033E040E050E00E94A546DC01CB018C0F33
:103960009D1FA11DB11D893E23E09207A105B10550
:1039700024F088EE93E0A0E0B0E08093B728909325
:10398000B82880910B2C90910C2C8130910569F412
:1039900021E02093432B209162293091632921500B
:1039A00031092093C9283093CA282091522B222311
:1039B00009F450C02091082C3091092C2130310598
:1039C00069F421E02093442B2091602930916129F2
:1039D000215031092093C7283093C8282091052C05
:1039E0003091062C2130310569F421E02093452BDC
:1039F00020915E2930915F29215031092093C528FB
:103A00003093C6282091022C3091032C21303105AF
:103A100069F421E02093462B20915C2930915D29A7
:103A2000215031092093C3283093C4282091FF2BC3
:103A30003091002C2130310569F421E02093472B8F
:103A400020915A2930915B29215031092093C128B6
:103A50003093C22820914D2C211133C0009729F0BA
:103A6000019780930B2C90930C2C8091082C9091B3
:103A7000092C009729F001978093082C9093092C2A
:103A80008091052C9091062C009729F00197809346
:103A9000052C9093062C8091022C9091032C00977A
:103AA00029F001978093022C9093032C8091FF2B97
:103AB0009091002C009729F001978093FF2B909311
:103AC000002CDF91CF9108958093B7289093B82868
:103AD0008093B9289093BA288093BB289093BC28F0
:103AE0008093BD289093BE284CCF2F923F924F9247
:103AF0005F926F927F928F929F92AF92BF92CF927E
:103B0000DF92EF92FF920F931F93CF93DF936B019E
:103B10007C012A010E94314620E130E040E050E083
:103B20000E94A5462091AC2B3091AD2B660F771FDC
:103B30002230310509F06AC06E5E7D41FB01C08113
:103B4000D18120E030E0A901C230D10508F449C09C
:103B500010E000E0712C612C812C94E0992EA12CB6
:103B6000B12C0E9431461801FFEF2F1A3F0AA50120
:103B700094010E94A54664157505860597050CF00D
:103B80004EC081010830110561F70E9431464E0197
:103B9000B12CA12C2FEF221A320A910150E040E003
:103BA0000E94A5469B01AC0144275527C501BE01D3
:103BB0000E949F48AB01BC0183E0769567955795BD
:103BC00047958A95D1F7DE0111974A175B0708F4EC
:103BD000DA01A70196010E94C446A50194010E9442
:103BE000D746CA01B901DF91CF911F910F91FF9084
:103BF000EF90DF90CF90BF90AF909F908F907F908D
:103C00006F905F904F903F902F9008952130310535
:103C100019F46E5C7D4192CF6E5A7D418FCF1801B1
:103C2000B4CF2F923F924F925F926F927F928F927A
:103C30009F92AF92BF92CF92DF92EF92FF920F933B
:103C40001F93CF93DF9300D000D0CDB7DEB76B01C9
:103C50007C0129833A83413022E0520788F551954F
:103C600041955109440F551F5C5FB6010E94751DB7
:103C7000611571058105910509F45FC0E981FA813B
:103C8000608371838283938321E030E02B833C83C4
:103C90008B819C812496CDBFDEBFDF91CF911F9198
:103CA0000F91FF90EF90DF90CF90BF90AF909F90DB
:103CB0008F907F906F905F904F903F902F900895DE
:103CC00052581A01220C331C03E010E01B821C82A4
:103CD0004101B12CA12C412C44E0542E612C712CBB
:103CE000A101C701B6010E94751D6115710581050D
:103CF000910599F0EB81FC81EE0FFF1FEE0FFF1F86
:103D000029813A81E20FF31F608371838283938359
:103D10008B819C8101968B839C830E943146A301F9
:103D200092010E94A546681579058A059B050CF04D
:103D3000AFCF01501109A1F6ABCF1B821C82A8CFD7
:103D40004F925F926F927F928F929F92AF92BF92AB
:103D5000CF92DF92EF92FF920E94EB024B015C0147
:103D600080910B2C90910C2C892BE9F08091FA2BEF
:103D70009091FB2B0197B9F48091EE2B9091EF2B52
:103D8000A091F02BB091F12BB501A401481B590B68
:103D90006A0B7B0B81E0403157426105710508F0E9
:103DA00080E080934C2C8091082C9091092C892BD9
:103DB00009F45BC08091F82B9091F92B019709F0E1
:103DC00054C08091EC2B9091ED2B089708F483C19F
:103DD00081E090E00E94690D2091E62B3091E72B65
:103DE00050E040E00E94D7462115310541055105BC
:103DF00009F46EC169017A01F694E794D794C794E7
:103E000088EEC81683E0D806E104F10430F4A8EE89
:103E1000CA2EA3E0DA2EE12CF12C8091E22B9091B6
:103E2000E32BA091E42BB091E52B24013501481A36
:103E3000590A6A0A7B0AC301B2010E94D74621E1EE
:103E4000C21627E2D206E104F10430F0F0E1CF2EF1
:103E5000F7E2DF2EE12CF12C21E06C157D058E05BB
:103E60009F0508F020E02093492C8091052C90912B
:103E7000062C892B09F45BC08091F62B9091F72BCF
:103E8000019709F054C08091DC2B9091DD2B0897AD
:103E900008F457C182E090E00E94690D2091D62B72
:103EA0003091D72B50E040E00E94D74621153105D4
:103EB0004105510509F442C169017A01F694E7947C
:103EC000D794C79488EEC81683E0D806E104F104BD
:103ED00030F468EEC62E63E0D62EE12CF12C8091F2
:103EE000D22B9091D32BA091D42BB091D52B240120
:103EF0003501481A590A6A0A7B0AC301B2010E94B5
:103F0000D74621E1C21627E2D206E104F10430F0DF
:103F100050E1C52E57E2D52EE12CF12C21E06C1595
:103F20007D058E059F0508F020E02093472C8091A9
:103F3000022C9091032C892B09F45BC08091F42B07
:103F40009091F52B019709F054C08091CC2B909162
:103F5000CD2B089708F42BC183E090E00E94690DF7
:103F60002091C62B3091C72B50E040E00E94D746ED
:103F7000211531054105510509F416C169017A0180
:103F8000F694E794D794C79488EEC81683E0D806D1
:103F9000E104F10430F4A8EECA2EA3E0DA2EE12CFD
:103FA000F12C8091C22B9091C32BA091C42BB09186
:103FB000C52B24013501481A590A6A0A7B0AC30134
:103FC000B2010E94D74621E1C21627E2D206E104DF
:103FD000F10430F0F0E1CF2EF7E2DF2EE12CF12CEE
:103FE00021E06C157D058E059F0508F020E02093EB
:103FF000452C8091FF2B9091002C892B09F45BC0FC
:104000008091F22B9091F32B019709F054C080918D
:10401000BC2B9091BD2B089708F4FFC084E090E082
:104020000E94690D2091B62B3091B72B50E040E0F3
:104030000E94D746211531054105510509F4EAC012
:1040400069017A01F694E794D794C79488EEC8166C
:1040500083E0D806E104F10430F468EEC62E63E094
:10406000D62EE12CF12C8091B22B9091B32BA09104
:10407000B42BB091B52B24013501481A590A6A0AAC
:104080007B0AC301B2010E94D74621E1C21627E292
:10409000D206E104F10430F050E1C52E57E2D52EEE
:1040A000E12CF12C21E06C157D058E059F0508F0B3
:1040B00020E02093432CFF90EF90DF90CF90BF90B3
:1040C000AF909F908F907F906F905F904F900895EA
:1040D0001092492CCACE8091E12B882321F1E090E7
:1040E000A22BF090A32B0E94314620E032E02E1943
:1040F0003F096901CC0CDD1C36FF02C0D12CC12C5C
:104100000D2C000CEE08FF0828EE33E040E050E0F4
:104110000E94A54621E06C157D058E059F050CF0DB
:1041200020E0209386288091072C882321F080911D
:10413000862891E089278093492C97CE1092472CAE
:10414000F6CE8091D12B882321F1E090922BF09034
:10415000932B0E94314620E032E02E193F0969017D
:10416000CC0CDD1C36FF02C0D12CC12C0D2C000C58
:10417000EE08FF0828EE33E040E050E00E94A5463C
:1041800021E06C157D058E059F050CF020E0209345
:1041900085288091042C882321F08091852891E046
:1041A00089278093472CC3CE1092452C22CF809133
:1041B000C12B882321F1E090822BF090832B0E9469
:1041C000314620E032E02E193F096901CC0CDD1C9C
:1041D00036FF02C0D12CC12C0D2C000CEE08FF08BC
:1041E00028EE33E040E050E00E94A54621E06C1547
:1041F0007D058E059F050CF020E02093842880919A
:10420000012C882321F08091842891E089278093D4
:10421000452CEFCE1092432C4ECF8091B12B8823AA
:1042200021F1E090722BF090732B0E94314620E038
:1042300032E02E193F096901CC0CDD1C36FF02C0AB
:10424000D12CC12C0D2C000CEE08FF0828EE33E019
:1042500040E050E00E94A54621E06C157D058E05EA
:104260009F050CF020E0209383288091FE2B88236B
:1042700021F08091832891E089278093432C1BCFE4
:104280008F929F92AF92BF92CF92DF92EF92FF9266
:104290000E94EB026B017C0180910B2C90910C2C05
:1042A000892BE9F08091FA2B9091FB2B892BB9F4A3
:1042B0008091EE2B9091EF2BA091F02BB091F12BF0
:1042C000B701A601481B590B6A0B7B0B81E04031FB
:1042D00057426105710508F080E080934C2C809175
:1042E000082C9091092C892B21F18091F82B909129
:1042F000F92B892BF1F48091E12B882381F0209117
:10430000A22B3091A32B20938128309382282091D7
:10431000EC2B3091ED2B20937F2830938028209137
:104320008128309182282431310508F089C010920B
:10433000492C8091052C9091062C892B21F180919C
:10434000F62B9091F72B892BF1F48091D12B8823B8
:1043500081F02091922B3091932B20937C283093E5
:104360007D282091DC2B3091DD2B20937A2830930F
:104370007B2820917C2830917D282431310508F05C
:10438000C1C01092472C8091022C9091032C892B54
:1043900021F18091F42B9091F52B892BF1F48091F0
:1043A000C12B882381F02091822B3091832B209385
:1043B0007728309378282091CC2B3091CD2B2093E7
:1043C00075283093762820917728309178282431E9
:1043D000310508F0F9C01092452C8091FF2B909187
:1043E000002C892B21F18091F22B9091F32B892BBA
:1043F000F1F48091B12B882381F02091722B3091C0
:10440000732B20937228309373282091BC2B30910A
:10441000BD2B209370283093712820917228309101
:1044200073282431310508F031C11092432CFF90DC
:10443000EF90DF90CF90BF90AF909F908F900895B6
:1044400040917F28509180284830510508F58823F5
:10445000B9F00E9431468090812890908228B12C3A
:10446000A12C22EC31E040E050E00E94A54621E082
:10447000681579058A059B050CF020E020937E28BD
:104480008091072C811180917E288093492C51CFF7
:10449000E091072C4830510519F4E093492C49CF9D
:1044A000E111FBCF8091522990915329A091542979
:1044B000B091552946015701881A990AAA0ABB0AE0
:1044C000809160299091612901963250829FA001CC
:1044D000839F500D929F500D1124A52FA6952091DA
:1044E0002029309121294091222950912329B0E09F
:1044F0000E94C446E1E086169706A806B90668F24F
:10450000E0E0CBCF40917A2850917B28483051058C
:1045100008F58823B9F00E94314680907C2890905D
:104520007D28B12CA12C22EC31E040E050E00E942B
:10453000A54621E0681579058A059B050CF020E069
:10454000209379288091042C81118091792880937F
:10455000472C19CFE091042C4830510519F4E09311
:10456000472C11CFE111FBCF80914E2990914F291B
:10457000A0915029B091512946015701881A990AF2
:10458000AA0ABB0A80915E2990915F290196325058
:10459000829FA001839F500D929F500D1124A52F43
:1045A000A6952091202930912129409122295091CE
:1045B0002329B0E00E94C446E1E086169706A806CB
:1045C000B90668F2E0E0CBCF40917528509176288B
:1045D0004830510508F58823B9F00E943146809093
:1045E000772890907828B12CA12C22EC31E040E083
:1045F00050E00E94A54621E0681579058A059B05D3
:104600000CF020E0209374288091012C811180917E
:1046100074288093452CE1CEE091012C483051055F
:1046200019F4E093452CD9CEE111FBCF80914A29B2
:1046300090914B29A0914C29B0914D2946015701E9
:10464000881A990AAA0ABB0A80915C2990915D296F
:1046500001963250829FA001839F500D929F500D72
:104660001124A52FA6952091202930912129409130
:10467000222950912329B0E00E94C446E1E0861629
:104680009706A806B90668F2E0E0CBCF4091702803
:10469000509171284830510508F58823B9F00E94DF
:1046A0003146C0907228D0907328F12CE12C22EC76
:1046B00031E040E050E00E94A54621E06C157D0508
:1046C0008E059F050CF020E020936F288091FE2B33
:1046D000811180916F288093432CA9CEE091FE2B0D
:1046E0004830510519F4E093432CA1CEE111FBCFE2
:1046F0008091462990914729A0914829B091492954
:10470000C81AD90AEA0AFB0A80915A2990915B29B2
:1047100001963250829FA001839F500D929F500DB1
:104720001124A52FA695209120293091212940916F
:10473000222950912329B0E00E94C446E1E0C61628
:10474000D706E806F90678F2E0E0CDCF0C94914662
:104750004F925F926F927F928F929F92AF92BF9291
:10476000CF92DF92EF92FF920F931F93CF93DF933D
:104770004091622B5091632B6091D1287091D22887
:10478000E2ECF1ED30E020E01CEE81919191F22E0F
:10479000032FD90111974A175B0709F053C1A4E110
:1047A000B0E08A0F9B1FACEEBFEF2417350711F066
:1047B000B0E0A0E02F5F3F4F8A0F9B1F861797073F
:1047C00008F043C1C080D180C9010197C4E1D0E0A5
:1047D0004817590711F0D0E0C0E01203D001139F31
:1047E000B00D112481E090E0A417B50711F090E01E
:1047F00080E08C0D9D1D8C0F9D1F8617970708F478
:1048000024C1F092622B0093632B8091572B882355
:1048100009F43EC08091612B81113AC08091562BE2
:10482000811136C080914D2C811132C0E091622BF4
:10483000F091632BE050F84D808191E089278083CF
:10484000A0E0B8E228E038E2FD0190E080E041918C
:10485000840F911D2E173F07D1F7892B41F4E0916A
:104860006328F0916428E050F84D81E0808327E0D0
:1048700030E060E08D91022E01C0880F0A94EAF7C3
:10488000680F21503109B0F782E090E00E94A62322
:10489000E2E3F8E282E698E2DF011D921C921197B2
:1048A00012961D921C92139714961D921C921597A6
:1048B00016968A179B0789F7C0E0D8E230E020E01F
:1048C00090E080E046E05991552369F0429FD00185
:1048D000439FB00D1124AE5CB74D14968D939C93FD
:1048E00015972F5F3F4F01968830910561F7209310
:1048F000082830930928B90161507109C2E3D8E250
:1049000050E040E000E014E04217530709F0A2C075
:104910004090632850906428C091D128D091D2282B
:1049200030E020E07CEE2417350709F46AC080816E
:104930009181B0E0A0E089010150110964E1C62E27
:10494000D12CE12CF12C4016510619F0C12CD12CA0
:1049500076018C0D9D1DAE1DBF1D0CEEC02EDD24FD
:10496000DA94ED2CFD2C4216530619F0C12CD12CF3
:1049700076018C0D9D1DAE1DBF1D14E1C12ED12CE5
:10498000E12CF12C4216530619F0C12CD12C7601E2
:1049900039011FEF611A710AB7FF03C080E090E090
:1049A000DC01C817D90708F495C082819381C80E2D
:1049B000D91EE11CF11C83017003C001719F900D91
:1049C0001124812C912C540183948415950519F0A0
:1049D000812C912C5401C80CD91CEA1CFB1CCC1551
:1049E000DD0508F077C086E0829FF001839FF00D1F
:1049F0001124EE5CF74D8481958180936328909318
:104A0000642880916328909164282091FD2B2111C6
:104A100008C02091612B211104C08093FA2B909340
:104A2000FB2BDF91CF911F910F91FF90EF90DF90C3
:104A3000CF90BF90AF909F908F907F906F905F903E
:104A40004F900895B0E0A0E0ACCE2830310509F0D9
:104A50009CCEDBCE4115510569F41092322810929C
:104A6000332846175707F9F40A831B834F5F5F4FBC
:104A700026964ACFDE0112978D919C91AC81BD8123
:104A80008A0F9B1F9F778F30910550F4880F991FD5
:104A9000DC01AC52BE428D919C9188839983E1CF19
:104AA00090E080E0FACF8A859B85AC81BD818A0F3A
:104AB0009B1F9F778F30910550F4880F991FDC0161
:104AC000AC52BE428D919C918A839B83CFCF90E064
:104AD00080E0FACF3696930126CFCF92DF92EF9205
:104AE000FF920E94EB02AB01BC018091482B88230E
:104AF00009F4A6C18091512B882309F440C080910C
:104B0000CB289091CC288093642990936529809339
:104B1000722B9093732B8093822B9093832B809393
:104B2000922B9093932B8093A22B9093A32B809105
:104B30002E2990912F298093BC2B9093BD2B80938D
:104B4000CC2B9093CD2B8093DC2B9093DD2B8093FB
:104B5000EC2B9093ED2B8091322990913329809307
:104B6000B62B9093B72B8093C62B9093C72B809333
:104B7000D62B9093D72B8093E62B9093E72B8091A5
:104B800038299091392980930B2C90930C2C809389
:104B90006229909363298091FC2B882309F456C3E2
:104BA0004093EE2B5093EF2B6093F02B7093F12BEF
:104BB0008091522B811149C12091FA2B3091FB2B0E
:104BC0008091692881117AC01092A3281092A4289C
:104BD0001092A5281092A6281092A7281092A82813
:104BE0001092A9281092AA288FEF9FEF8093872810
:104BF0009093882880938E2890938F28809395286F
:104C00009093962880939C2890939D2810928928B1
:104C100010928A2810928B2810928C28109290283B
:104C2000109291281092922810929328109297280F
:104C3000109298281092992810929A2810929E28E3
:104C400010929F281092A0281092A1281092AF2BAA
:104C50001092B02B1092BF2B1092C02B1092CF2B22
:104C60001092D02B1092DF2B1092E02B1092642B1D
:104C70001092652B1092742B1092752B1092842B2E
:104C80001092852B1092942B1092952B8091072CCB
:104C9000811102C01092482C8091042C811102C015
:104CA0001092462C8091012C811102C01092442C4C
:104CB0008091FE2B811102C01092422C232B09F00F
:104CC0005CC00E943146C0906429D0906529F12CC7
:104CD000E12C22EC31E040E050E00E94A54621E0CA
:104CE0006C157D058E059F050CF020E020937E2835
:104CF0000E943146C0906429D0906529F12CE12CA6
:104D000022EC31E040E050E00E94A54621E06C1525
:104D10007D058E059F050CF020E0209379280E94E8
:104D20003146C0906429D0906529F12CE12C22EC09
:104D300031E040E050E00E94A54621E06C157D0581
:104D40008E059F050CF020E0209374280E943146C8
:104D5000C0906429D0906529F12CE12C22EC31E03F
:104D600040E050E00E94A54621E06C157D058E05CF
:104D70009F050CF020E020936F2810928D28109250
:104D8000942810929B281092A2288091FA2B90913F
:104D9000FB2B83309105E1F42091072C222319F09D
:104DA00021E02093A2282091042C222319F021E055
:104DB00020939B282091012C222319F021E020939D
:104DC00094282091FE2B222319F021E020938D2896
:104DD0008093F22B9093F32B8093F42B9093F52BED
:104DE0008093F62B9093F72B8093F82B9093F92BCD
:104DF00080910B2C90910C2C8093FF2B9093002C86
:104E00008093022C9093032C8093052C9093062C76
:104E10008093082C9093092C8091622990916329AA
:104E200080935A2990935B2980935C2990935D2904
:104E300080935E2990935F298093602990936129E4
:104E40008091522B882309F4FCC18091492B88233F
:104E500009F47AC00E94A8238093F82B9093F92B31
:104E60002091512B2223C1F02091CB283091CC28C6
:104E70002093A22B3093A32B20912E2930912F2900
:104E80002093EC2B3093ED2B209132293091332954
:104E90002093E62B3093E72B209138293091392944
:104EA0002093082C3093092C20936029309361299A
:104EB000892BB9F40E943146C0906429D0906529AD
:104EC000F12CE12C22EC31E040E050E00E94A546BC
:104ED00021E06C157D058E059F050CF020E02093E8
:104EE0007E288091F82B9091F92B039709F0BFC190
:104EF0008091072C882309F4BAC181E08093A2280D
:104F000080916828811120C01092A9281092AA28A7
:104F10008FEF9FEF80939C2890939D2810929E285E
:104F200010929F281092A0281092A1281092DF2B97
:104F30001092E02B1092942B1092952B8091072CBD
:104F4000811102C01092482C80914A2B882309F4C9
:104F50007AC00E94A8238093F62B9093F72B209180
:104F6000512B2223C1F02091CB283091CC282093C3
:104F7000922B3093932B20912E2930912F2920931F
:104F8000DC2B3093DD2B2091322930913329209373
:104F9000D62B3093D72B2091382930913929209363
:104FA000052C3093062C20935E2930935F29892BA2
:104FB000B9F40E943146C0906429D0906529F12C43
:104FC000E12C22EC31E040E050E00E94A54621E0D7
:104FD0006C157D058E059F050CF020E02093792847
:104FE0008091F62B9091F72B039709F043C18091A4
:104FF000042C882309F43EC181E080939B28809192
:105000006728811120C01092A7281092A8288FEF3E
:105010009FEF80939528909396281092972810924E
:1050200098281092992810929A281092CF2B1092BB
:10503000D02B1092842B1092852B8091042C8111FF
:1050400002C01092462C80914B2B882309F47AC021
:105050000E94A8238093F42B9093F52B2091512B41
:105060002223C1F02091CB283091CC282093822B91
:105070003093832B20912E2930912F292093CC2BF4
:105080003093CD2B20913229309133292093C62B98
:105090003093C72B20913829309139292093022C45
:1050A0003093032C20935C2930935D29892BB9F42C
:1050B0000E943146C0906429D0906529F12CE12CE2
:1050C00022EC31E040E050E00E94A54621E06C1562
:1050D0007D058E059F050CF020E0209374288091BB
:1050E000F42B9091F52B039709F0C7C08091012C08
:1050F000882309F4C2C081E08093942880916628B7
:10510000811120C01092A5281092A6288FEF9FEF42
:1051100080938E2890938F28109290281092912837
:1051200010929228109293281092BF2B1092C02BAD
:105130001092742B1092752B8091012C811102C05A
:105140001092442C80914C2B882309F47AC00E9441
:10515000A8238093F22B9093F32B2091512B2223A1
:10516000C1F02091CB283091CC282093722B309322
:10517000732B20912E2930912F292093BC2B309313
:10518000BD2B20913229309133292093B62B3093B7
:10519000B72B20913829309139292093FF2B309358
:1051A000002C20935A2930935B29892BB9F40E9453
:1051B0003146C0906429D0906529F12CE12C22EC75
:1051C00031E040E050E00E94A54621E06C157D05ED
:1051D0008E059F050CF020E020936F288091F22B24
:1051E0009091F32B039709F04BC08091FE2B8823FD
:1051F00009F446C081E080938D2880916528811153
:1052000020C01092A3281092A4288FEF9FEF8093C4
:105210008728909388281092892810928A281092C3
:105220008B2810928C281092AF2B1092B02B1092DA
:10523000642B1092652B8091FE2B811102C010927D
:10524000422CFF90EF90DF90CF9008958091242919
:1052500090912529A0912629B09127298093EE2BA2
:105260009093EF2BA093F02BB093F12BA1CC109245
:10527000A22846CE10929B28C2CE109294283ECFF0
:1052800010928D28BACF8091572B882309F455C0EE
:105290008091FD2B882309F450C080910B2C9091B4
:1052A0000C2C892B29F080915F2B81110E94F80D25
:1052B000809162299091632901978093C9289093E6
:1052C000CA2810920B2C10920C2C8091522B882300
:1052D000A1F1809160299091612901978093C7285D
:1052E0009093C8281092082C1092092C80915E2966
:1052F00090915F2901978093C5289093C6281092BA
:10530000052C1092062C80915C2990915D290197C3
:105310008093C3289093C4281092022C1092032CDF
:1053200080915A2990915B2901978093C12890938D
:10533000C2281092FF2B1092002C9091FC2B9923E5
:10534000D9F020910B2C30910C2C232BA9F4209117
:10535000CF283091D0284091BF285091C0284217C3
:10536000530750F42031310538F08091612B8111C1
:1053700003C081E08093482B8091522B882309F44D
:105380006FC0992309F46CC02091082C3091092C2E
:10539000232BA9F42091CF283091D0284091BD280B
:1053A0005091BE284217530750F42031310538F090
:1053B0009091612B911103C091E09093492B209122
:1053C000052C3091062C232BA9F42091CF28309165
:1053D000D0284091BB285091BC284217530750F465
:1053E0002031310538F09091612B911103C091E08B
:1053F00090934A2B2091022C3091032C232BA9F45B
:105400002091CF283091D0284091B9285091BA28C6
:105410004217530750F42031310538F09091612B39
:10542000911103C091E090934B2B2091FF2B309171
:10543000002C232BA9F42091CF283091D028409123
:10544000B7285091B8284217530750F4203131053E
:1054500038F09091612B911103C091E090934C2B07
:105460009091482B992309F46CC09091432B992378
:1054700009F467C091E09093692881115BC0809125
:10548000622990916329029708F0AFC08091692842
:10549000882361F09091522B911108C020916328CC
:1054A000309164282093FA2B3093FB2B20910B2C06
:1054B00030910C2C232BC9F42091082C3091092C0D
:1054C000232B99F42091052C3091062C232B69F481
:1054D0002091022C3091032C232B39F42091FF2BA7
:1054E0003091002C232B09F48CC091E09093FD2B7C
:1054F000811111C08091682881110DC080916728A9
:10550000811109C080916628811105C080916528AC
:10551000882309F479C081E0809362288091622811
:10552000882309F474C08AE090E080930A2890935D
:105530000B2808958091492B81110DC01092682885
:1055400017C0109269288111F5CF8091432B8823D1
:1055500009F49CCF94CF8091442B882379F381E088
:10556000809368280E94A8238093F82B9093F92BAE
:1055700080914A2B882381F18091452B882361F10A
:1055800081E0809367280E94A8238093F62B909354
:10559000F72B80914B2B882311F18091462B882388
:1055A000F1F081E0809366280E94A8238093F42B79
:1055B0009093F52B80914C2B8823A1F08091472B61
:1055C000882381F081E0809365280E94A82380933E
:1055D000F22B9093F32BB9CF10926728DACF109269
:1055E0006628E8CF10926528B0CF80914D2C8111AC
:1055F0004DCF80915F2B882309F448CF0E94F80D8E
:1056000045CF1092FD2B74CF1092622887CF08955A
:1056100063E590E080E00E94A62360E081E090E0F6
:105620000E94A6236FEF82E090E00E94A62360E034
:1056300083E090E00E94A62360E084E090E00E9476
:10564000A62364EE89E090E00E94A62360E086E055
:1056500090E00E94A62363E387E090E00E94A623E7
:1056600063E388E090E00C94A6230C9489464F9263
:105670005F926F927F928F929F92AF92BF92EF92C2
:10568000FF920F931F93CF93DF93CDB7DEB725978C
:10569000CDBFDEBF61E070E081E00E94150270E0E6
:1056A00060E080E10E94150261E070E082E00E940B
:1056B000150261E070E083E00E94150261E070E095
:1056C00084E00E94150270E060E08FE00E94150205
:1056D00070E060E08EE00E94150270E060E089E01A
:1056E0000E94150270E060E08BE00E94150270E0FD
:1056F00060E08AE00E94150261E070E08DE00E94A7
:10570000150261E070E087E00E94150261E070E040
:1057100088E00E94150261E070E086E00E941502B8
:1057200061E070E085E00E94150270E060E08CE0CE
:105730000E94150270E060E081E10E94150262E0C3
:1057400070E080E00E94150261E070E081E00E945C
:10575000150270E060E085E10E94150270E060E0F3
:1057600084E10E94150270E060E082E10E9415026F
:1057700070E060E083E10E9415020E94EB0200915C
:10578000BED11091BFD12091C0D13091C1D1098338
:105790001A832B833C8310E09E012F5F3F4F7901DA
:1057A0002B013C01440C551C661C771CE12FE37057
:1057B000EE0DFF2DF11D80810E94C9028170992795
:1057C000092E000CAA0BBB0B4C015D018428952807
:1057D000A628B7280E94EB022B013C01C501B401A9
:1057E00064257525862597251F5F1031C9F6841419
:1057F0009504A604B70411F00E94804655992FC164
:1058000064E170E080E090E00E946E03559927C14A
:105810000E94082B01E09EB181E0292F227091FDAA
:1058200080E080932F2821110DC064E170E080E0BA
:1058300090E00E946E038EB18695817091E0892779
:1058400080932F2890E080E00E94161990E080E07D
:105850000E94352B833509F043C181E090E00E941E
:10586000352B182F82E090E00E94352BB82E83E074
:1058700090E00E94352B90E08093AC2B9093AD2B61
:1058800084E090E00E94352B90E08093532B90931E
:10589000542B85E090E00E94352B91E0811101C0EE
:1058A00090E090936A28E0E0F8E227E030E08B2D6A
:1058B00090E0AC01022E02C0559547950A94E2F79C
:1058C0004170419321503109A0F7812F817080935D
:1058D000552B11FB882780F98093522B12FB8827C8
:1058E00080F98093DD2813FB882780F980934D2B66
:1058F00014FB882780F98093512B15FB882780F9AA
:1059000080930F2C1295169516951370812F90E0A9
:1059100080930D2C90930E2C89E090E00E94352B03
:1059200095E0F70111929A95E9F7A6E1B8E230E027
:1059300020E041E090E051E0FC01022E02C0F5952C
:10594000E7950A94E2F7E370FF273196ED93FD9314
:10595000EE0DFF1D6081611184C050832E5F3F4FAB
:105960002830310549F7411118C081E090E080935B
:1059700016289093172882E090E08093182890933F
:10598000192883E090E080931A2890931B2884E0E4
:1059900090E080931C2890931D2886E090E00E9460
:1059A000352B982F907F09F45EC010924F2B1092E8
:1059B000502B81E090E0809314289093152888E084
:1059C00090E00E94352B182F87E090E00E94352B45
:1059D000912F982B987809F45BC083E090E0809336
:1059E0001228909313288093102890931128809365
:1059F0000E2890930F2880930C2890930D28809167
:105A00002F28882309F4E7C060916A2881E068277D
:105A100060936A2885E090E00E94A623002309F4A1
:105A200069C0F12CE12C002311F0559B07C0809137
:105A30002F28882309F496C0719994C0C7010E9449
:105A400016194C9AFFEFEF1AFF0A27E0E222FF2413
:105A500068E270E080E090E00E946E03E4CF00E036
:105A6000DACE40E07BCF282F2370223060F430E084
:105A700020934F2B3093502B90E0959587959595DB
:105A80008795019698CF10924F2B1092502BF4CF00
:105A9000282F277030E020930C2830930D2890E0B9
:105AA00024E0959587952A95E1F78770992780934B
:105AB0000E2890930F28812F877090E080931028F4
:105AC00090931128812F90E034E0959587953A9531
:105AD000E1F78770992780931228909313288FCF2E
:105AE0000E94082B10926A2860E085E090E00E94F6
:105AF000A62385CF80912F28811193CF6CEB73E182
:105B00008EE00E947B006EEA73E189E00E947B00D8
:105B100060EA73E18BE00E947B0062E973E18AE056
:105B20000E947B000E949E034B015C010BEB12E183
:105B30000E949E03681979098A099B09683E73408F
:105B400081059105A8F490E080E00E941619C80133
:105B50000197F1F787E090E00E941619C8010197BC
:105B6000F1F7E6CF4C9890E080E00E941619C6CF7E
:105B70004C9A68E770E080E090E00E946E034C98D9
:105B80006CED70E080E090E00E946E0383E090E0B6
:105B90000E94161968EE73E080E090E00E946E03A8
:105BA0002DE439E141E050E060E070E08DEC9DE2F1
:105BB0002596CDBFDEBFDF91CF911F910F91FF9052
:105BC000EF90BF90AF909F908F907F906F905F907D
:105BD0004F900C941A03011124CF90CF1F920F9273
:105BE0000FB60F9211242F933F934F935F936F93B0
:105BF0007F938F939F93AF93BF934091502C50917D
:105C0000512C6091522C7091532C80914E2C90917C
:105C10004F2C20915A2C30915B2C420F531F611D49
:105C2000711D2091582C3091592C820F931F883E62
:105C300023E0920730F0885E93404F5F5F4F6F4FD5
:105C40007F4F80934E2C90934F2C4093502C509329
:105C5000512C6093522C7093532C8091542C909122
:105C6000552CA091562CB091572C0196A11DB11D19
:105C70008093542C9093552CA093562CB093572C72
:105C800081E08093B60ABF91AF919F918F917F91F0
:105C90006F915F914F913F912F910F900FBE0F9099
:105CA0001F9018951F920F920FB60F9211242F93E9
:105CB0003F934F935F936F937F938F939F93AF9394
:105CC000BF93EF93FF9385E00E94D703FF91EF917D
:105CD000BF91AF919F918F917F916F915F914F9104
:105CE0003F912F910F900FBE0F901F9018951F920C
:105CF0000F920FB60F9211242F933F934F935F9300
:105D00006F937F938F939F93AF93BF93EF93FF9383
:105D100084E00E94D703FF91EF91BF91AF919F91D3
:105D20008F917F916F915F914F913F912F910F9044
:105D30000FBE0F901F9018951F920F920FB60F92E3
:105D400011242F933F934F935F936F937F938F9380
:105D50009F93AF93BF93EF93FF9383E00E94D7038A
:105D6000FF91EF91BF91AF919F918F917F916F9133
:105D70005F914F913F912F910F900FBE0F901F9009
:105D800018951F920F920FB60F9211242F933F93E5
:105D90004F935F936F937F938F939F93AF93BF9333
:105DA000EF93FF9382E00E94D703FF91EF91BF91A1
:105DB000AF919F918F917F916F915F914F913F91A3
:105DC0002F910F900FBE0F901F9018951F920F925A
:105DD0000FB60F9211242F933F934F935F936F93BE
:105DE0007F938F939F93AF93BF93EF93FF9381E044
:105DF0000E94D703FF91EF91BF91AF919F918F9137
:105E00007F916F915F914F913F912F910F900FBEB6
:105E10000F901F9018951F920F920FB60F9211249A
:105E20002F933F934F935F936F937F938F939F93A2
:105E3000AF93BF93EF93FF9380E00E94D703FF914E
:105E4000EF91BF91AF919F918F917F916F915F91F2
:105E50004F913F912F910F900FBE0F901F9018956B
:105E60001F920F920FB60F9211242F933F934F93CF
:105E70005F936F937F938F939F93AF93BF93EF93B2
:105E8000FF9380E29DE20E940001FF91EF91BF919C
:105E9000AF919F918F917F916F915F914F913F91C2
:105EA0002F910F900FBE0F901F9018951F920F9279
:105EB0000FB60F9211242F933F934F935F936F93DD
:105EC0007F938F939F93AF93BF93EF93FF93E09153
:105ED0002C2DF0912D2D818181FD2FC0608180912D
:105EE000322D8F5F8F739091332D891741F0E091A0
:105EF000322DF0E0E05EF24D618F8093322D809183
:105F0000B92D9091BA2D009739F0DC01ED91FC91FB
:105F10000190F081E02D0995FF91EF91BF91AF9134
:105F20009F918F917F916F915F914F913F912F91B1
:105F30000F900FBE0F901F9018958081EDCFE0E27B
:105F4000FDE21282138288EE93E0A0E0B0E0848349
:105F50009583A683B78386E293EE8083918380E660
:105F600098E08487958788E1868789E1878780E440
:105F7000808B128A138A148A158A86E2868B178A86
:105F8000108E1092B92D1092BA2D1092CD2D109224
:105F9000CE2D80E1EFECFDE2DF01982F1D929A9566
:105FA000E9F71092BB2D1092BC2DEDEBFDE2DF0165
:105FB0001D928A95E9F70895CF93DF93CDB7DEB7A9
:105FC0006797CDBFDEBF0E9403180E94372B332492
:105FD0003394222423948BEB9DE20E948B048BEB61
:105FE0009DE20E9412048DEC9DE20E948B048DECD8
:105FF0009DE20E9412049EB181E0292F2470922E0E
:1060000092FD80E080930A2C9EB181E0392F387098
:10601000A32E93FD80E08093072CE6B0E0944E2DF4
:106020004170E42E4093042CF2B2F0945F2D517035
:10603000F52E5093012C96B181E0A92FA270BA2EB3
:1060400091FD80E08093FE2B8EB1809581708093CE
:106050005F2B92B381E0B92FB270CB2E91FD80E01F
:10606000809309299EB181E0E92FE270DE2E91FD37
:1060700080E08093EC288AB185FB882780F983250E
:106080008093EA2885E10E94C902412C64E0562EE3
:10609000481A590A4092D1285092D22884E10E948D
:1060A000C902612C74E0772E681A790A6092CF28B1
:1060B0007092D02882E10E94C90220E034E0281BBF
:1060C000390B2093CD283093CE2883E10E94C9025A
:1060D00000E014E0081B190B0093CB281093CC2888
:1060E00000936429109365290E94CA138091512B53
:1060F000811195C380914D2C811191C30093722B16
:106100001093732B0093822B1093832B0093922B6D
:106110001093932B0093A22B1093A32B80913229E1
:10612000909133298093B62B9093B72B8093C62BF5
:106130009093C72B8093D62B9093D72B8093E62BED
:106140009093E72B80912E2990912F298093BC2B3F
:106150009093BD2B8093CC2B9093CD2B8093DC2BF5
:106160009093DD2B8093EC2B9093ED2B1092BB2A18
:106170001092BC2A1092BD2A1092BE2A1092B12B06
:106180001092C12B1092D12B1092E12B1092FC2B6C
:10619000911006C08091F128811102C02092FC2B41
:1061A000A11006C08091F028811102C02092E12B3D
:1061B000EE2031F08091EF28811102C02092D12B86
:1061C000FF2031F08091EE28811102C02092C12B76
:1061D000B11006C08091ED28811102C02092B12B30
:1061E000AA2029F08091F02881112092BE2AE11086
:1061F00005C08091EF2881112092BD2AF11005C0C1
:106200008091EE2881112092BC2ABB2029F0809138
:10621000ED2881112092BB2A80914B2C882389F094
:106220008091FC2B882369F080914D2C811109C04D
:106230008091D3289091D42802968093D32890936C
:10624000D4280E94EB02D1101092E828CC2011F43F
:106250000C9478451092E628D1102FC02091EB289D
:10626000211108C06093D9287093DA288093DB2825
:106270009093DC28C1103DC320910829211108C04A
:106280006093D5287093D6288093D7289093D828E8
:10629000DD2009F42EC30091D5281091D628209135
:1062A000D7283091D828601B710B820B930B663076
:1062B00071058105910508F038C38091E7288111A7
:1062C00037C38091E828882309F432C320924E2BEB
:1062D0008091E52881112FC38091E628882309F455
:1062E0002AC320920A290E94EB026B017C01809153
:1062F000572B882331F01092572B1092E4281092DC
:10630000562B1091EA28112311F40C947D458091AD
:10631000E928811108C0C092E028D092E128E092DB
:10632000E228F092E3288091E0289091E128A09162
:10633000E228B091E32826013701481A590A6A0A6F
:106340007B0AD301C201893E23E09207A105B10572
:1063500008F493C02091E428211106C020914D2C0F
:10636000211102C02092E42881349244AF40B1054B
:1063700008F483C08091562B81117FC08091612BDE
:1063800083258093612B2092562B1092602B1092C4
:106390005D2B811172C06091AC2B83E090E00E9474
:1063A000A6236091532B84E090E00E94A623E6E1AF
:1063B000F8E230E020E060E08191919101978370F4
:1063C0009927022E01C0880F0A94EAF7682B2E5FE6
:1063D0003F4F2830310581F789E090E00E94A623E5
:1063E000609114286150660F660F6C7080914F2B7E
:1063F0008370682B86E090E00E94A62360910E28AF
:106400006295607780910C288770682B87E090E018
:106410000E94A623609112286295607780911028CF
:106420008770682B88E090E00E94A6236091552B2E
:106430008091522B811162608091DD28811164600E
:1064400080914D2B811168608091512B8111606189
:1064500080910F2C8111606280910D2C8295880FA4
:10646000880F807C682B81E090E00E94A623109129
:10647000EA28112311F40C947E458091E028909134
:10648000E128A091E228B091E328C81AD90AEA0AC3
:10649000FB0A51EAC51655E2D50656E2E506F104B7
:1064A00070F08091612B882351F08091602B8111D5
:1064B00006C02092602B1092DE281092DF280E94E6
:1064C000EB024090FC2B4A86442031F1C0902429F5
:1064D000D0902529E0902629F09027293B014C01F6
:1064E0006C187D088E089F087401630125E6C216AA
:1064F000D104E104F10480F0C0922029D092212936
:10650000E0922229F092232960932429709325296F
:1065100080932629909327290091E12B20914D2CDF
:106520002111D6C0002331F1C090E22BD090E32B93
:10653000E090E42BF090E52B2B013C014C185D081A
:106540006E087F087301620125E6C216D104E104DA
:10655000F10480F0C092E82BD092E92BE092EA2B74
:10656000F092EB2B6093E22B7093E32B8093E42B60
:106570009093E52B2091BE2A222341F0609352296B
:106580007093532980935429909355292091D12BAE
:10659000222331F1C090D22BD090D32BE090D42B7A
:1065A000F090D52B2B013C014C185D086E087F083C
:1065B0007301620125E6C216D104E104F10480F002
:1065C000C092D82BD092D92BE092DA2BF092DB2B11
:1065D0006093D22B7093D32B8093D42B9093D52B95
:1065E0002091BD2A222341F060934E2970934F29B8
:1065F00080935029909351292091C12B222331F16E
:10660000C090C22BD090C32BE090C42BF090C52B30
:106610002B013C014C185D086E087F087301620174
:1066200025E6C216D104E104F10480F0C092C82B23
:10663000D092C92BE092CA2BF092CB2B6093C22B45
:106640007093C32B8093C42B9093C52B2091BC2AAD
:10665000222341F060934A2970934B2980934C295F
:1066600090934D292091B12B222331F1C090B22B70
:10667000D090B32BE090B42BF090B52B2B013C01C4
:106680004C185D086E087F087301620125E6C2168A
:10669000D104E104F10480F0C092B82BD092B92B60
:1066A000E092BA2BF092BB2B6093B22B7093B32B7A
:1066B0008093B42B9093B52B2091BB2A222341F0D9
:1066C00060934629709347298093482990934929DC
:1066D00080910A2C8093F1288091072C8093F028D8
:1066E0008091042C8093EF288091012C8093EE28D8
:1066F0008091FE2B8093ED288091092980930829B1
:106700008091EC288093EB281093E9288091E82869
:106710008093E7288091E6288093E5280E94EB0289
:106720002B013C011092A62A109205298090242961
:1067300090902529A0902629B09027298C869D86A7
:10674000AE86BF867C016B01C818D908EA08FB0831
:106750008090202990902129A0902229B09023296F
:10676000D501C40152E0B695A795979587955A959E
:10677000D1F78C159D05AE05BF0550F488519C4F8F
:10678000AF4FBF4FF1E0C816D906EA06FB0608F086
:10679000F0E0D501C401B695A795979587958C151E
:1067A0009D05AE05BF0550F488519C4FAF4FBF4FBC
:1067B000E1E0C816D906EA06FB0608F0E0E0A3E02F
:1067C000B0E0A50194010E94C44632E096958795F9
:1067D000779567953A95D1F76C157D058E059F05E0
:1067E00050F468517C4F8F4F9F4F21E0C616D7065B
:1067F000E806F90608F020E038EEC31633E0D306C9
:10680000E104F10408F49DC0F11198C0E11199C0B0
:1068100090E080E0222309F4A2C080E099C080913A
:10682000082C9091092C892BA1F40093A22B109392
:10683000A32B80913229909133298093E62B90935A
:10684000E72B80912E2990912F298093EC2B909308
:10685000ED2B8091052C9091062C892BA1F40093AF
:10686000922B1093932B809132299091332980930E
:10687000D62B9093D72B80912E2990912F298093FE
:10688000DC2B9093DD2B8091022C9091032C892B93
:10689000A1F40093822B1093832B80913229909145
:1068A00033298093C62B9093C72B80912E299091EA
:1068B0002F298093CC2B9093CD2B8091FF2B9091FF
:1068C000002C892B09F052CC0093722B1093732B60
:1068D00080913229909133298093B62B9093B72BD6
:1068E00080912E2990912F298093BC2B9093BD2BC2
:1068F0003DCC0091D9281091DA282091DB283091E5
:10690000DC282B013C01401A510A620A730A9301E8
:106910008201053F11402105310520F4CC2009F406
:10692000BACCCBCC2092E828F9CF2092E628C5CC6F
:1069300010924E2BCDCC10920A29D5CCEE2309F41F
:106940006CCF8091F328811103C02092052981E04A
:106950009091F228911103C02092A62A91E0109103
:106960000529112341F04092012950920229609299
:106970000329709204298093F3289093F22848EE1B
:10698000C41643E0D406E104F10420F41092412B34
:106990001092422BFF2331F081E090E08093412B55
:1069A0009093422BEE2331F082E090E08093412BD4
:1069B0009093422B222331F083E090E08093412B8F
:1069C0009093422B01112092482C8091D12B811160
:1069D0002092462C8091C12B81112092442C8091D1
:1069E000B12B81112092422C0E94EB026B017C01A1
:1069F00010920629809114289091152882309105D3
:106A000008F04AC410930629111113C04A8441109A
:106A100023C080910629882349F18091F428909120
:106A2000F52801968F7099278093F4289093F52884
:106A30001DC08091012990910229A0910329B09154
:106A400004298093FD289093FE28A093FF28B093FB
:106A500000294A84442009F38091FA28811165C4F1
:106A60002092FA281092F4281092F5288091072994
:106A7000811130C08091FC2B882361F10E94EB02D0
:106A80006B017C0183E10E94C902BC01990F880B54
:106A9000990BF6E0660F771F881F991FFA95D1F7BB
:106AA000C626D726E826F92684E10E94C902092EC7
:106AB000000CAA0BBB0BC816D906EA06FB0641F070
:106AC000BC01CD016C257D258E259F250E94804629
:106AD000209207290E94A82300914E2B002349F001
:106AE0008091612B811105C080914D2C832580936D
:106AF0004D2C10910A2980914D2C90914D2B99236A
:106B000009F43DC4112319F0832580934D2C809105
:106B10000929811109C080910829882329F08091D1
:106B20004D2C832580934D2C01112FC411112DC4A0
:106B30001091FC2B112359F080913F2B9091402B09
:106B400001968770992780933F2B9093402B8091DB
:106B50004D2C882309F4FDC40E94EB024B015C011B
:106B60008091612B81112AC0809138299091392917
:106B700080933629909337298091622B9091632BD3
:106B80002091342930913529821B930B97FD8BC4BA
:106B900087709927809342299093432980913229C5
:106BA00090913329809330299093312980912E2917
:106BB00090912F2980932C2990932D291123C1F096
:106BC00080912A2990912B2901966091302970910A
:106BD00031290E94AF4880932A2990932B298091D4
:106BE0002829909129290196809328299093292971
:106BF000E0902C29F0902D29670127E0C21AD108D6
:106C00003AE0E316F10408F456C4809124299091E7
:106C10002529A0912629B091272924013501481A58
:106C2000590A6A0A7B0A209130293091312950E0B3
:106C300040E0609120297091212980912229909132
:106C400023290E94D746C301B2010E94D74621E002
:106C5000683873418105910508F020E020934529AB
:106C600000913629109137290130110551F4A8E01F
:106C7000EA16F10431F41092452910923A29109243
:106C80003B2980914529882381F1809144298111F4
:106C90002CC080911E2990911F290196B8010E9455
:106CA000AF4880931E2990931F2980911A299091B3
:106CB0001B29A0911C29B0911D2924013501481AD6
:106CC000590A6A0A7B0AD301C2018093162990935C
:106CD0001729A0931829B093192980921A29909204
:106CE0001B29A0921C29B0921D2923E0C216D104B1
:106CF00018F180911A2990911B29A0911C29B0911B
:106D00001D29881A990AAA0ABB0AC501B401E2E042
:106D1000660F771F881F991FEA95D1F720911629D2
:106D20003091172940911829509119290E94D7466E
:106D300020933A2930933B2980914229909143290D
:106D40000130110509F0E6C3809340299093412951
:106D5000209140293091412980913E2990913F29ED
:106D60002817390709F4F0C3209215290E943146EB
:106D700026EB33E040E050E00E94A54660931329E3
:106D8000709314292091522B222309F4CCC30E9422
:106D9000314626EB33E040E050E00E94A546609388
:106DA0001129709312290E94314626EB33E040E00E
:106DB00050E00E94A54660930F29709310290E940D
:106DC000314626EB33E040E050E00E94A546609358
:106DD0000D2970930E290E94314626EB33E040E0E6
:106DE00050E00E94A54660930B2970930C290091F6
:106DF00040291091412940913E2950913F29041783
:106E0000150779F0C801841B950B2091552B23257C
:106E100030E04017510708F09AC3821B930B0E9481
:106E20008E0DE0913C29F0913D29E00FF11FE770B4
:106E3000FF2780913A2990913B29EE0FFF1FEE0F1B
:106E4000FF1FE154F54DE80FF91FC080C092072CD9
:106E5000D0A0D092042CDF01A05CBF4FEC90E09258
:106E6000012CE05AFF4FF080F092FE2B80914529D3
:106E70008093442900933E2910933F290E94EB02FE
:106E80001092BB2A1092BC2A1092BD2A1092BE2AE0
:106E90001092B12B1092C12B1092D12B1092E12B9A
:106EA000CC2031F020915929211102C02092E12BF0
:106EB000DD2031F020915829211102C02092D12BE0
:106EC000EE2031F020915729211102C02092C12BD0
:106ED000FF2031F020915629211102C02092B12BC0
:106EE000C11005C02091592921112092BE2AD1102C
:106EF00005C02091582921112092BD2AE11005C01A
:106F00002091572921112092BC2AF11005C020910F
:106F1000562921112092BB2A5091E12B552301F1D2
:106F20000091E22B1091E32B2091E42B3091E52B83
:106F30002B013C01401A510A620A730A9301820133
:106F40000093E82B1093E92B2093EA2B3093EB2B43
:106F50006093E22B7093E32B8093E42B9093E52BCB
:106F60002091BE2A222341F0609352297093532925
:106F700080935429909355294091D12B442301F1BA
:106F80000091D22B1091D32B2091D42B3091D52B63
:106F90003B014C01601A710A820A930A9401830131
:106FA0000093D82B1093D92B2093DA2B3093DB2B23
:106FB0006093D22B7093D32B8093D42B9093D52BAB
:106FC0002091BD2A222341F060934E2970934F29CE
:106FD00080935029909351293091C12B332301F193
:106FE0008090C22B9090C32BA090C42BB090C52B47
:106FF0002B013C01481859086A087B0853014201DB
:107000008092C82B9092C92BA092CA2BB092CB2B06
:107010006093C22B7093C32B8093C42B9093C52B8A
:107020002091BC2A222341F060934A2970934B2976
:1070300080934C2990934D292091B12B222301F16B
:107040008090B22B9090B32BA090B42BB090B52B26
:107050002B013C01481859086A087B08530142017A
:107060008092B82B9092B92BA092BA2BB092BB2BE6
:107070006093B22B7093B32B8093B42B9093B52B6A
:10708000E091BB2AEE2341F0609346297093472993
:107090008093482990934929C0925929D092582920
:1070A000E0925729F092562951112092482C411113
:1070B0002092462C31112092442C21112092422CF6
:1070C00080914D2C811193C480910B2C90910C2CAC
:1070D0008930910530F08770992780930B2C90931D
:1070E0000C2C8091522B8823A1F18091082C909137
:1070F000092C8930910530F0877099278093082CEE
:107100009093092C8091052C9091062C8930910543
:1071100030F0877099278093052C9093062C8091EE
:10712000022C9091032C8930910530F087709927BB
:107130008093022C9093032C8091FF2B9091002C34
:107140008930910530F0877099278093FF2B9093B9
:10715000002C10924C2B10924B2B10924A2B109219
:10716000492B1092482B1092472B1092462B1092CD
:10717000452B1092442B1092432B8091FC2B8111B4
:107180000E94C11B0E9443290E946D2580910B2CF7
:1071900090910C2C892BC9F48091082C9091092C8A
:1071A000892B99F48091052C9091062C892B69F4F8
:1071B0008091022C9091032C892B39F48091FF2B24
:1071C0009091002C892B09F40FC42092FD2B609123
:1071D0005F2B8091612B882309F472C4E091622BAC
:1071E000F091632B3091602B20914E2B3323B1F023
:1071F00080915E2B861791F080915D2B8325809383
:107200005D2B882309F4F6C310925B2B10925C2B44
:1072100010925A2BE093582BF093592B80915D2BB1
:10722000882309F4E7C3222389F080915B2B909196
:107230005C2B01968370992780935B2B90935C2B3A
:1072400010925A2BE093582BF093592B8091582B86
:107250009091592BE817F90711F020925A2B809141
:107260005A2B882351F0A0915B2BB0915C2BAA0F75
:10727000BB1FA45FB74DED93FC93E093582BF093A5
:10728000592B222309F41CC431111AC480914D2BAF
:10729000832580934D2B14C45A84552039F06624DD
:1072A0006A94762C6092FB287092FC2881149104D9
:1072B000A104B10409F4AACB8C01000F111F98019D
:1072C00050E040E0C501B4010E94D74621153105C8
:1072D0004105510509F49ACBC701B6018C849D8400
:1072E000AE84BF84681979098A099B090E94D74630
:1072F000015011092017310708F489018091FB28FA
:107300009091FC288017910709F480CB20920629E0
:10731000C092FD28D092FE28E092FF28F09200292A
:107320000093FB281093FC2894CB8091F628909131
:10733000F728A091F828B091F92840912029509180
:10734000212960912229709123290097A105B10577
:1073500069F012E0880F991FAA1FBB1F1A95D1F779
:1073600084179507A607B70708F47CCB4093F62847
:107370005093F7286093F8287093F9284ACB11238B
:1073800009F4D2CB832580934D2C80914D2C8823FA
:1073900011F40C94704580915F2B882341F080910B
:1073A0000B2C90910C2C892B11F00E94F80D8091E0
:1073B0003F2B9091402B80933C2990933D29209125
:1073C000622B3091632B20933429309335292091FF
:1073D0000A2C222349F0019797FD61C087709927F5
:1073E00080933C2990933D2910922A2910922B29B1
:1073F000109228291092292910921E2910921F29D3
:107400001092442910923E2910923F29011103C085
:10741000112309F48DCB80914D2C811189CB809162
:107420005F2B882339F12091282930912929409117
:1074300040295091412924173507C1F0277033277F
:10744000C901841B950B4217530708F00896209139
:107450000A2C211101972091552B211103C000976F
:1074600029F00197009711F00E948E0D10922829A3
:10747000109229291092FF2B1092002C1092022CAE
:107480001092032C1092052C1092062C1092082CAE
:107490001092092C10920B2C10920C2C49CB0896B0
:1074A00097FDFDCF9DCF9C0120953095287F0896B4
:1074B000820F931F6FCB53E0C516D10468F48091FF
:1074C0000A2C809345298091412B9091422B8093E7
:1074D0003A2990933B29C4CB80912A2990912B295A
:1074E000892BA1F48091242990912529A091262906
:1074F000B0912729B501A401481B590B6A0B7B0BDE
:1075000081E0483853416105710508F080E08093BF
:107510004529A6CB20911E2930911F29820F931F48
:107520008770992711CC60930B2970930C29609375
:107530000D2970930E2960930F2970931029609381
:1075400011297093122953CC1092152950CC08960A
:1075500064CC112309F4B0C080913F2B9091402B53
:10756000FC0173E0EE0FFF1F7A95E1F7EA59F64D43
:107570002091FA2B3091FB2B2083318320916429B9
:10758000309165292283338340910B2C50910C2C30
:1075900044835583409162295091632946835783E0
:1075A000DC0113E0AA0FBB1F1A95E1F7AA55B64DEF
:1075B0004091F82B5091F92B4D935C93DF01AE5B1A
:1075C000BF4F2D933C93119712964091082C5091E8
:1075D000092C4D935C93119712964091602950911C
:1075E00061294D935C93DC0103E0AA0FBB1F0A9550
:1075F000E1F7AA51B64D4091F62B5091F72B4D93E0
:107600005C93DF01AE57BF4F2D933C9311971296B9
:107610004091052C5091062C4D935C931197129636
:1076200040915E2950915F294D935C93DC0143E0CA
:10763000AA0FBB1F4A95E1F7AA5DB54D4091F42B07
:107640005091F52B4D935C93DF01AE53BF4F2D93BB
:107650003C93119712964091022C5091032C4D931C
:107660005C931197129640915C2950915D294D933E
:107670005C9353E0880F991F5A95E1F7DC01AA59F2
:10768000B54D8091F22B9091F32B8D939C93DF015C
:10769000AE5FBE4F2D933C93119712968091FF2BB6
:1076A0009091002C8D939C93EA5FFE4F80915A2914
:1076B00090915B29808391830E94EB028091A62A9E
:1076C000882309F442C0E0913F2BF091402B809138
:1076D000412B9091422BAF01440F551F440F551F72
:1076E000DA01A154B54DA80FB91F9D01205A3F4F93
:1076F000F901108220523109F901108290961C92F2
:1077000090971C922091072C21113C922091042CDF
:10771000222339F0DA01A154B54DA80FB91F909674
:107720003C922091012C222331F0DC01A40FB51FE3
:10773000A150B54D3C922091FE2B222331F0FA014D
:10774000E80FF91FE15EF44D30828091BA2A882358
:1077500021F1F8946091B62A7091B72A8091B82AE5
:107760009091B92A78940E94DB129C012150310932
:107770002330310580F4E0913F2BF091402BEE0F48
:10778000FF1FEE0FFF1FE154F54DE80FF91F308288
:107790001092BA2A02C00497D8F38091B52A8823A0
:1077A00021F1F8946091B12A7091B22A8091B32AA4
:1077B0009091B42A78940E94DB129C0121503109E7
:1077C0002330310580F4E0913F2BF091402BEE0FF8
:1077D000FF1FEE0FFF1FE154F54DE80FF91F30A218
:1077E0001092B52A02C00497D8F38091B02A88235A
:1077F00021F1F8946091AC2A7091AD2A8091AE2A63
:107800009091AF2A78940E94DB129C01215031099B
:107810002330310580F4E0913F2BF091402BEE0FA7
:10782000FF1FEE0FFF1FE80FF91FE150F54D3082EB
:107830001092B02A02C00497D8F38091AB2A882313
:1078400021F1F8946091A72A7091A82A8091A92A21
:107850009091AA2A78940E94DB129C012150310950
:107860002330310580F4E0913F2BF091402BEE0F57
:10787000FF1FEE0FFF1FE80FF91FE15EF44D30828E
:107880001092AB2A02C00497D8F38091412B9091BB
:10789000422B9C012D7F2115310509F458C08230FF
:1078A000910529F54091C12B442369F0E0913F2BCC
:1078B000F091402BEE0FFF1FEE0FFF1FE80FF91F97
:1078C000E150F54D30822115310589F44091B12BFD
:1078D000442369F0E0913F2BF091402BEE0FFF1F06
:1078E000EE0FFF1FE80FF91FE15EF44D30822130EB
:1078F000310509F452C08330910509F0E1CB409184
:10790000BC2A442369F0E0913F2BF091402BEE0F0D
:10791000FF1FEE0FFF1FE80FF91FE150F54D10821A
:107920002130310509F0CCCB2091BB2A222309F468
:10793000C7CBE0913F2BF091402BEE0FFF1FEE0FD6
:10794000FF1FE80FF91FE15EF44D1082B9CB4091A3
:10795000E12B442369F0E0913F2BF091402BEE0F97
:10796000FF1FEE0FFF1FE154F54DE80FF91F3082A6
:107970004091D12B442369F0E0913F2BF091402BB3
:10798000EE0FFF1FEE0FFF1FE154F54DE80FF91F3B
:1079900030A2009709F486CF82CF4091BE2A4423BB
:1079A00069F0E0913F2BF091402BEE0FFF1FEE0F9F
:1079B000FF1FE154F54DE80FF91F10824091BD2AD9
:1079C000442369F0E0913F2BF091402BEE0FFF1F15
:1079D000EE0FFF1FE154F54DE80FF91F10A28130A3
:1079E000910509F48CCF87CF1092FD2BF0CB0E942C
:1079F000240FEDCB8091572B882309F442CC809142
:107A0000562B81113ECC311153C0E830F10508F0FE
:107A100038CCE35FF24C0C94D748153D1D3D253D15
:107A20002C3D313D363D3D3D453D8091552B8325D7
:107A30008093552B21112ACC43C082E0482E512C33
:107A40004092AC2B5092AD2BF5CF81E090E080932B
:107A5000AC2B9093AD2BEECF1092AC2B1092AD2BA4
:107A6000E9CF1092532B1092542BE4CF81E090E099
:107A70008093532B9093542BDDCF02E0602E712C1A
:107A80006092532B7092542BD5CF8091522B811141
:107A900005C02092522B1092512BCCCF8091512BAC
:107AA000811103C02092512BC5CF1092522BF3CFDE
:107AB000309709F089C080910F2C832580930F2C7B
:107AC00060935E2B80910B2C90910C2C892B31F4C0
:107AD00080910A2C80934C2C20924A2C8091082C67
:107AE0009091092C892B31F48091072C8093492C9B
:107AF0002092482C8091052C9091062C892B31F4F2
:107B00008091042C8093472C2092462C8091022C4B
:107B10009091032C892B31F48091012C8093452C7A
:107B20002092442C8091FF2B9091002C892B31F4D2
:107B30008091FE2B8093432C2092422C8091FD2B30
:107B4000882309F4A2C08091FC2B882331F0809116
:107B50004B2C811102C020924A2C10E000E0E090F2
:107B6000FA2BF090FB2BE016F106E9F08091F82B50
:107B70009091F92B08171907B1F08091F62B90918D
:107B8000F72B0817190779F08091F42B9091F52BBA
:107B90000817190741F08091F22B9091F32B0817E9
:107BA000190709F06CC0F8013197E730F10508F0CA
:107BB00064C0E352F24C0C94D748143F173FFA408C
:107BC000FD40134205440844CF010197049740F556
:107BD00026E138E2C90110E000E0DC014D915D9141
:107BE000CD01E417F50791F4D801AA0FBB1F8D0151
:107BF0000A5E174D2017310771F0D8015E914E9142
:107C0000CD01D8014D935C938C01F4CF0F5F1F4FD2
:107C10000430110511F7E0931628F093172850CF80
:107C2000E530F10561F480910D2C90910E2C0196B8
:107C30008370992780930D2C90930E2C41CFE630C2
:107C4000F10561F480914F2B9091502B019681703A
:107C5000992780934F2B9093502B32CF379709F071
:107C60002FCF809114289091152883709927019621
:107C7000809314289093152823CF0E9440210F5FF2
:107C80001F4F0830110509F06ACFD0904D2C80911C
:107C90000D2C90910E2C892B21F0D11002C00E9446
:107CA0002F0E19820091492C8091482C011101C09E
:107CB00080E08A83F090472C8091462CF11001C01F
:107CC00080E08B83E090452C8091442CE11001C032
:107CD00080E08C831091432C8091422C111101C0C3
:107CE00080E08D830E94EB02AB01BC015E0122E0CB
:107CF000A20EB11C8EE39CE28A879B87FC014501A2
:107D000081E090E0D4012D914D013191222309F4BD
:107D1000CAC6311110C0DC01AA0FBB1FAA0FBB1FBE
:107D2000A75DB34D4D935D936D937C931397DC01E9
:107D3000AC5DB34D1C92DF0111972C9301968530F9
:107D4000910501F780910F2C882309F4F4C6E6E130
:107D5000F8E22EE138E281919191A1E0B0E0AC0F20
:107D6000BD1FA80FB91FAC91A11105C02E173F0769
:107D700091F790E080E021E030E0D501ED915D01E8
:107D8000EE2339F08217930721F0F901EC5DF34DF2
:107D900030822F5F3F4F2530310579F7EDE2FCE26D
:107DA000EC87FD87E0E1FCE281E090E0AC85BD85F9
:107DB0008D909D90AD90BD90AC87BD872A013B0111
:107DC000481859086A087B084C8A5D8A6E8A7F8A3F
:107DD000AA85BB852D91AA87BB87211174C64480D3
:107DE0005580668077804A015B0184189508A60853
:107DF000B70830ED831637E09306A104B10408F408
:107E000062C68330910509F486C68430910509F471
:107E100084C68230910509F0D6C63496F22E212F01
:107E200083E090E0122FC2CF0E94A01E28CF0E94B4
:107E3000EB024B015C0180910B2C90910C2C892B57
:107E4000D9F0B2E0EB16F104B9F48091EE2B9091E9
:107E5000EF2BA091F02BB091F12BB501A401481BA1
:107E6000590B6A0B7B0B81E040315742610571056C
:107E700008F080E080934C2C8091082C9091092C84
:107E8000892BF1F18091F82B9091F92B0297C1F594
:107E90008091EC2B9091ED2B089708F402C1209172
:107EA000E62B3091E72B50E040E06091E82B709199
:107EB000E92B8091EA2B9091EB2B0E94D74621155C
:107EC00031054105510509F4E9C08091E22B9091FB
:107ED000E32BA091E42BB091E52B24013501481A46
:107EE000590A6A0A7B0AC301B2010E94D74621E0FF
:107EF000603177428105910508F020E02093492CFC
:107F00008091052C9091062C892BF1F18091F62B14
:107F10009091F72B0297C1F58091DC2B9091DD2B8E
:107F2000089708F4E9C02091D62B3091D72B50E068
:107F300040E06091D82B7091D92B8091DA2B9091F1
:107F4000DB2B0E94D746211531054105510509F467
:107F5000D0C08091D22B9091D32BA091D42BB091F3
:107F6000D52B24013501481A590A6A0A7B0AC30134
:107F7000B2010E94D74621E0603177428105910528
:107F800008F020E02093472C8091022C9091032C44
:107F9000892BF1F18091F42B9091F52B0297C1F58B
:107FA0008091CC2B9091CD2B089708F4D0C02091D4
:107FB000C62B3091C72B50E040E06091C82B7091E8
:107FC000C92B8091CA2B9091CB2B0E94D7462115AB
:107FD00031054105510509F4B7C08091C22B90913C
:107FE000C32BA091C42BB091C52B24013501481A95
:107FF000590A6A0A7B0AC301B2010E94D74621E0EE
:10800000603177428105910508F020E02093452CEE
:108010008091FF2B9091002C892B09F479C58091D8
:10802000F22B9091F32B029709F072C58091BC2B33
:108030009091BD2B089708F4B5C02091B62B3091D4
:10804000B72B50E040E06091B82B7091B92B809134
:10805000BA2B9091BB2B0E94D746211531054105C3
:10806000510509F49CC08091B22B9091B32BA09143
:10807000B42BB091B52B24013501481A590A6A0A6C
:108080007B0AC301B2010E94D74621E060317742EA
:108090008105910508F4B3C320E0B1C31092492CC7
:1080A0002FCF8091E12B8823D1F08091DF2B90910D
:1080B000E02B21E0009709F420E02093DE2B0196CD
:1080C0006091E62B7091E72B6115710511F461E069
:1080D00070E00E94AF488093DF2B9093E02B80915B
:1080E000072C882319F08091DE2B83258093492C5F
:1080F00007CF1092472C48CF8091D12B8823D1F005
:108100008091CF2B9091D02B21E0009709F420E0B3
:108110002093CE2B01966091D62B7091D72B6115B1
:10812000710511F461E070E00E94AF488093CF2B9D
:108130009093D02B8091042C882319F08091CE2B22
:1081400083258093472C20CF1092452C61CF8091BE
:10815000C12B8823D1F08091BF2B9091C02B21E0BF
:10816000009709F420E02093BE2B01966091C62B66
:108170007091C72B6115710511F461E070E00E94E8
:10818000AF488093BF2B9093C02B8091012C882304
:1081900019F08091BE2B83258093452C39CF109206
:1081A000432C6DCD8091B12B8823D1F08091AF2BE2
:1081B0009091B02B21E0009709F420E02093AE2BA2
:1081C00001966091B62B7091B72B6115710511F472
:1081D00061E070E00E94AF488093AF2B9093B02B8A
:1081E0008091FE2B882319F08091AE2B83258093FC
:1081F000432C45CD0E94B10742CD8090EC2B90904E
:10820000ED2BA090DC2BB090DD2BC090CC2BD09030
:10821000CD2B6090BC2B7090BD2B80910B2C90913E
:108220000C2C892BD9F044E0E416F104B9F40E9437
:10823000EB022091EE2B3091EF2B4091F02B5091DF
:10824000F12B621B730B840B950B21E0603177429D
:108250008105910508F020E020934C2C8091072C9B
:108260008E838091042C8F838091012C888780914C
:10827000FE2B89874090482C4A8649824090462CA4
:108280004A825090442C5B82E090422CEC86EC8237
:108290008091082C9091092C892B69F18091F82B01
:1082A0009091F92B049739F5F401EE7FEE58FD41DA
:1082B000E080F18021E0E21AF108E6E0F0E0EC0F66
:1082C000FD1FEE0DFF1D80818093492C80914D2C68
:1082D000811106C084E090E00E940E0E029741F0EA
:1082E000E1E0F0E0EC0FFD1FEE0DFF1D80808A86BF
:1082F0009A849092482C8091052C9091062C892B81
:1083000059F18091F62B9091F72B049729F5F501FF
:10831000EE7FEE57FD41E080F18021E0E21AF108A6
:10832000E6E0F0E0EC0FFD1FEE0DFF1D8081809375
:10833000472C80914D2C811106C084E090E00E9472
:108340000E0E029739F0E1E0F0E0EC0FFD1FEE0DAC
:10835000FF1D40804092462C8091022C9091032C6E
:10836000892B59F18091F42B9091F52B049729F5E5
:10837000F601EE7FEE56FD41E080F18031E0E31A38
:10838000F108E6E0F0E0EC0FFD1FEE0DFF1D80812F
:108390008093452C80914D2C811106C084E090E0A3
:1083A0000E940E0E029739F0E1E0F0E0EC0FFD1FA5
:1083B000EE0DFF1D50805092442C8091FF2B909128
:1083C000002C892B09F45BCC8091F22B9091F32B3C
:1083D000049709F054CCF301EE7FEE55FD41E080A7
:1083E000F18041E0E41AF108E6E0F0E0EC0FFD1F57
:1083F000EE0DFF1D80818093432C80914D2C8111C7
:1084000006C084E090E00E940E0E029741F0E1E089
:10841000F0E0EC0FFD1FEE0DFF1D40804C865C84EC
:108420005092422C2CCC0E94EB024B015C018091BB
:108430000B2C90910C2C892BD9F025E0E216F1043D
:10844000B9F48091EE2B9091EF2BA091F02BB0918D
:10845000F12BB501A401481B590B6A0B7B0B81E082
:10846000403157426105710508F080E080934C2C43
:108470008091082C9091092C892B09F46AC0809175
:10848000F82B9091F92B059709F063C08091E12BAF
:10849000882341F18091EC2B9091ED2B9695879557
:1084A00008968031910510F08FE090E02091AC2B80
:1084B0003091AD2B880F991F2115310531F48E5A5B
:1084C0009D41DC018D919C9109C02130310509F05D
:1084D0006DC08E5C9D41FC01808191818093AA2BAF
:1084E0009093AB2BA091AA2BB091AB2B2091E82BB2
:1084F0003091E92B4091EA2B5091EB2B0E94C4461E
:10850000E3E09695879577956795EA95D1F7C090C2
:10851000E22BD090E32BE090E42BF090E52B2401AC
:1085200035014C185D086E087F08730162016C15F7
:108530007D058E059F0550F4605F784D8F4F9F4FEE
:1085400021E0C616D706E806F90608F020E02093D9
:10855000492C8091052C9091062C892B09F46DC033
:108560008091F62B9091F72B059709F066C08091CA
:10857000D12B882359F18091DC2B9091DD2B96959E
:10858000879508968031910510F08FE090E020915A
:10859000AC2B3091AD2B880F991F2115310549F473
:1085A0008E5A9D41DC018D919C910CC08E5E9D4147
:1085B00088CF2130310509F06DC08E5C9D41FC01F2
:1085C000808191818093A82B9093A92BA091A82BB7
:1085D000B091A92B2091D82B3091D92B4091DA2B37
:1085E0005091DB2B0E94C446B3E096958795779512
:1085F0006795BA95D1F7C090D22BD090D32BE0904D
:10860000D42BF090D52B240135014C185D086E0851
:108610007F08730162016C157D058E059F0550F47E
:10862000605F784D8F4F9F4F21E0C616D706E80652
:10863000F90608F020E02093472C8091022C9091BD
:10864000032C892B09F46DC08091F42B9091F52BAC
:10865000059709F066C08091C12B882359F180915C
:10866000CC2B9091CD2B96958795089680319105CE
:1086700010F08FE090E02091AC2B3091AD2B880F63
:10868000991F2115310549F48E5A9D41DC018D91C8
:108690009C910CC08E5E9D4185CF2130310509F043
:1086A0006DC08E5C9D41FC01808191818093A62BE1
:1086B0009093A72BA091A62BB091A72B2091C82B0C
:1086C0003091C92B4091CA2B5091CB2B0E94C446AC
:1086D000E3E09695879577956795EA95D1F7C090F1
:1086E000C22BD090C32BE090C42BF090C52B24015B
:1086F00035014C185D086E087F08730162016C1526
:108700007D058E059F0550F4605F784D8F4F9F4F1C
:1087100021E0C616D706E806F90608F020E0209307
:10872000452C8091FF2B9091002C892B09F4F0C1EE
:108730008091F22B9091F32B059709F0E9C180917C
:10874000B12B882351F18091BC2B9091BD2B969534
:10875000879508968031910510F08FE090E0209188
:10876000AC2B3091AD2B880F991F2115310549F4A1
:108770008E5A9D41DC018D919C910BC08E5E9D4176
:1087800085CF21303105F1F58E5C9D41FC01808162
:1087900091818093A42B9093A52BA091A42BB091B1
:1087A000A52B2091B82B3091B92B4091BA2B509129
:1087B000BB2B0E94C44643E09695879577956795B5
:1087C0004A95D1F7C090B22BD090B32BE090B42B48
:1087D000F090B52B8C189D08AE08BF086815790578
:1087E0008A059B0508F058CC605F784D8F4F9F4FEE
:1087F00021E086169706A806B90608F04DCC20930E
:10880000432C3DCA8E5E9D41B5CF0E94160537CAE6
:108810000E94EB024B015C0180910B2C90910C2C7F
:10882000892BD9F0B7E0EB16F104B9F48091EE2B67
:108830009091EF2BA091F02BB091F12BB501A401F9
:10884000481B590B6A0B7B0B81E040315742610595
:10885000710508F080E080934C2C8091082C909159
:10886000092C892BE9F18091F82B9091F92B07972E
:10887000B9F58091E12B8823A1F04091A22B509172
:10888000A32B6091E82B7091E92B8091EA2B9091BA
:10889000EB2B26E93BE20E94111E8093942B9093D0
:1088A000952B2091942B3091952B8091072C21159D
:1088B0003105A1F08091E22B9091E32BA091E42B64
:1088C000B091E52B24013501481A590A6A0A7B0A3E
:1088D000C301B20146E95BE20E94ED048093492C9A
:1088E0008091052C9091062C892BE9F18091F62B33
:1088F0009091F72B0797B9F58091D12B8823A1F0A0
:108900004091922B5091932B6091D82B7091D92B41
:108910008091DA2B9091DB2B26E83BE20E94111E1E
:108920008093842B9093852B2091842B3091852BE1
:108930008091042C21153105A1F08091D22B9091CA
:10894000D32BA091D42BB091D52B75016401C81AFB
:10895000D90AEA0AFB0AC701B60146E85BE20E94AF
:10896000ED048093472C8091022C9091032C892B4D
:10897000E9F18091F42B9091F52B0797B9F580914F
:10898000C12B8823A1F04091822B5091832B6091C1
:10899000C82B7091C92B8091CA2B9091CB2B26E7C5
:1089A0003BE20E94111E8093742B9093752B2091B3
:1089B000742B3091752B8091012C21153105A1F07C
:1089C0008091C22B9091C32BA091C42BB091C52B49
:1089D00024013501481A590A6A0A7B0AC301B20107
:1089E00046E75BE20E94ED048093452C8091FF2BCB
:1089F0009091002C892B09F448C98091F22B909119
:108A0000F32B079709F041C98091B12B8823A1F07E
:108A10004091722B5091732B6091B82B7091B92BB0
:108A20008091BA2B9091BB2B26E63BE20E94111E4F
:108A30008093642B9093652B2091642B3091652B50
:108A40008091FE2B2115310509F4D1CB8091B22BF9
:108A50009091B32BA091B42BB091B52B750164010B
:108A6000C81AD90AEA0AFB0AC701B60146E65BE260
:108A70000E94ED04BCCB9C012C5D334DD9012C919F
:108A80002325BFC9882309F468C061E070E08DE048
:108A90000E94B80162C0099A6BC08B9A74C0AC9AEC
:108AA0007DC02A9A86C0332309F445C9DC01AA0F88
:108AB000BB1FAA0FBB1FA05FB34D4D935D936D937A
:108AC0007C93139738C94C885D886E887F8820ED29
:108AD000421627E052066104710468F620E091C94D
:108AE00001110C940F3A11110C940F3A0C94983513
:108AF000D1100C943C310C942E3110E08091E92877
:108B0000882311F40C945F322092572B0C945F321F
:108B10000F5F1F4F24C8E22E212F01963496853017
:108B2000910509F07FC92093432CE092452CF092E7
:108B3000472C0093492CD11010924C2C80914B2C37
:108B400081110BC080914A2C90914C2C992309F4EF
:108B500099CF70E060E081119ACF8091492C8823F1
:108B600009F499CF8091482C882309F494CF09986F
:108B70008091472C882309F490CF8091462C88233C
:108B800009F48BCF8B988091452C882309F487CFEB
:108B90008091442C882309F482CFAC988091432C97
:108BA000882309F47ECF8091422C882309F479CF61
:108BB0002A9880E090E0892B11F40C94EB2F0E940E
:108BC00000000C94EB2F022FA7CF8F929F92AF92B1
:108BD000BF92CF92DF92EF92FF92CF93DF93EC019F
:108BE000688179818A819B81611571058105910573
:108BF00021F464E279ED8BE597E02DE133EF41E07C
:108C000050E00E94A54649015A019B01AC01A7EA28
:108C1000B1E40E94C4466B017C01ACEEB4EFA50147
:108C200094010E94D246C60ED71EE81EF91EF7FE1A
:108C300006C081E0C81AD108E10880E8F80AC882B5
:108C4000D982EA82FB82C701B6019F77DF91CF917B
:108C5000FF90EF90DF90CF90BF90AF909F908F905C
:108C600008958F929F92AF92BF92CF92DF92EF9230
:108C7000FF9260912228709123288091242890915E
:108C80002528611571058105910521F464E279EDCE
:108C90008BE597E02DE133EF41E050E00E94A546DF
:108CA00049015A019B01AC01A7EAB1E40E94C44604
:108CB0006B017C01ACEEB4EFA50194010E94D24699
:108CC000C60ED71EE81EF91EF7FE06C081E0C81AC0
:108CD000D108E10880E8F80AC0922228D09223281F
:108CE000E0922428F0922528C701B6019F77FF90D3
:108CF000EF90DF90CF90BF90AF909F908F900895AE
:108D00006093222870932328809324289093252809
:108D1000089503D0808199270895FC01E050FC4E0E
:108D20000895262FAF93BF93E0E0F0E1328131FD4B
:108D3000FDCFDC01A050BC4E2C932DE924BF23E0D5
:108D400020830196BF91AF910895052E97FB1EF4E5
:108D500000940E94BC4657FD07D00E94D74607FCEE
:108D600003D04EF40C94BC46509540953095219517
:108D70003F4F4F4F5F4F0895909580957095619547
:108D80007F4F8F4F9F4F08950E94F946A59F900DEA
:108D9000B49F900DA49F800D911D11240895B7FFDD
:108DA0000C94C4460E94C446821B930B0895A1E212
:108DB0001A2EAA1BBB1BFD010DC0AA1FBB1FEE1F55
:108DC000FF1FA217B307E407F50720F0A21BB30BA0
:108DD000E40BF50B661F771F881F991F1A9469F71C
:108DE00060957095809590959B01AC01BD01CF0178
:108DF0000895A29FB001B39FC001A39F700D811D74
:108E00001124911DB29F700D811D1124911D089593
:108E10005058BB27AA270E9420470C94F8470E946D
:108E2000EA4738F00E94F14720F039F49F3F19F4E7
:108E300026F40C94E7470EF4E095E7FB0C94E14729
:108E4000E92F0E94094858F3BA176207730784078D
:108E5000950720F079F4A6F50C942B480EF4E095D4
:108E60000B2EBA2FA02D0B01B90190010C01CA01E4
:108E7000A0011124FF27591B99F0593F50F4503E8F
:108E800068F11A16F040A22F232F342F4427585F81
:108E9000F3CF469537952795A795F0405395C9F799
:108EA0007EF41F16BA0B620B730B840BBAF0915051
:108EB000A1F0FF0FBB1F661F771F881FC2F70EC0F0
:108EC000BA0F621F731F841F48F4879577956795C3
:108ED000B795F7959E3F08F0B0CF9395880F08F0AF
:108EE0009927EE0F9795879508950E94114888F06D
:108EF0009F5798F0B92F9927B751B0F0E1F0660F5E
:108F0000771F881F991F1AF0BA95C9F714C0B1309E
:108F100091F00E942B48B1E008950C942B48672FE4
:108F2000782F8827B85F39F0B93FCCF386957795CD
:108F30006795B395D9F73EF49095809570956195B6
:108F40007F4F8F4F9F4F0895E89409C097FB3EF4E1
:108F500090958095709561957F4F8F4F9F4F992386
:108F6000A9F0F92F96E9BB279395F6958795779504
:108F70006795B795F111F8CFFAF4BB0F11F460FFC4
:108F80001BC06F5F7F4F8F4F9F4F16C0882311F01C
:108F900096E911C0772321F09EE8872F762F05C030
:108FA000662371F096E8862F70E060E02AF09A95CB
:108FB000660F771F881FDAF7880F9695879597F9C0
:108FC000089597F99F6780E870E060E008959FEF4B
:108FD00080EC089500240A94161617061806090650
:108FE000089500240A94121613061406050608951F
:108FF000092E0394000C11F4882352F0BB0F40F4A7
:10900000BF2B11F460FF04C06F5F7F4F8F4F9F4FE6
:10901000089557FD9058440F551F59F05F3F71F068
:109020004795880F97FB991F61F09F3F79F08795CF
:109030000895121613061406551FF2CF4695F1DF58
:1090400008C0161617061806991FF1CF86957105E8
:10905000610508940895E894BB2766277727CB011C
:1090600097F908950E9445480C94F8470E94EA47F2
:1090700038F00E94F14720F0952311F00C94E1475D
:109080000C94E74711240C942C480E94094870F373
:10909000959FC1F3950F50E0551F629FF001729F9D
:1090A000BB27F00DB11D639FAA27F00DB11DAA1FAC
:1090B000649F6627B00DA11D661F829F2227B00DF9
:1090C000A11D621F739FB00DA11D621F839FA00D84
:1090D000611D221F749F3327A00D611D231F849FD4
:1090E000600D211D822F762F6A2F11249F5750402B
:1090F0009AF0F1F088234AF0EE0FFF1FBB1F661FA6
:10910000771F881F91505040A9F79E3F510580F06E
:109110000C94E1470C942C485F3FE4F3983ED4F361
:10912000869577956795B795F795E7959F5FC1F712
:10913000FE2B880F911D9695879597F90895DB0171
:109140008F939F930E94C446BF91AF91A29F800DC1
:10915000911DA39F900DB29F900D11240895AA1BFD
:10916000BB1B51E107C0AA1FBB1FA617B70710F012
:10917000A61BB70B881F991F5A95A9F78095909544
:10918000BC01CD01089597FB072E16F4009407D07B
:1091900077FD09D00E94AF4807FC05D03EF49095BA
:1091A00081959F4F0895709561957F4F0895EE0FBB
:0E91B000FF1F0590F491E02D0994F894FFCF75
:1091BE001514121300002800E60068010802580278
:1091CE003403D4030004000028006400E6002701E5
:1091DE006801B801080230025802C6023403840343
:1091EE00D40300040100010001000100020003008D
:1091FE000400080004000300020001000100010049
:10920E00010001000100000000000000000000004D
:10921E00000000000100000000000000000000003F
:10922E00000000000100000000000100000000002E
:10923E00010000000000000001000000010000001D
:10924E00000000000100000001000000010000000D
:10925E0001000000010000000100000001000000FC
:10926E0001000000000000000000000001000000EE
:10927E0000000000000000000000000001000000DF
:10928E0000000000010000000000000000000000CF
:10929E0000000000010000000000000000000000BF
:1092AE0001000000010000000000010000000000AD
:1092BE00000001000000000001000000010000009D
:1092CE00000000000100000001000000010000008D
:1092DE00010000000100000001000000010000007C
:1092EE00010002000000000000000000010000006C
:1092FE00000000000000000001000000010000005E
:10930E00000000000100000000000000000000004E
:10931E00000000000100000000000000000000003E
:10932E00000000000100000000000100000000002D
:10933E00010000000000000001000000000001001C
:10934E00000000000100000001000000010000000C
:10935E0001000000010000000100000001000000FB
:10936E0001000000000000000100000000000000ED
:10937E0000000100000000000000000001000000DD
:10938E0000000000010000000000010000000000CD
:10939E0001000000010000000000010000000000BC
:1093AE0001000000010000000000000000000000AD
:1093BE00000000000100000000000000000000009E
:1093CE00000000000100000001000000010000008C
:1093DE00010000000100000001000000010000007B
:1093EE00010000000000000000000100000000006D
:1093FE00010000000000000000000100000000005D
:10940E00010000000100000000000000000000004C
:10941E00000000000100000000000000000000003D
:10942E00000000000100000001000100000001002A
:10943E000100000001000000010001000000010019
:10944E00010000000100000001000000010000000A
:10945E0001000000010000000100000001000000FA
:10946E0001000000010000000000000000000000EC
:10947E0001000000010000000000000000000000DC
:10948E0001000000010000000000000000000000CC
:10949E0000000000010000000000000000000000BD
:1094AE0000000000010000000000010000000000AC
:1094BE00010000000000000001000000010000009B
:1094CE00000000000100000001000100000001008A
:1094DE00000001000000010001000000010000007A
:1094EE00010000000000000000000000010000006C
:1094FE00000000000000000000000000010000005D
:10950E00000000000100000000000000000000004C
:10951E00010000000000000000000000010000003B
:10952E00000000000100000001000000010000002A
:10953E00000001000000010000000100000000001A
:10954E000100000001000000010000000100000009
:10955E0001000000010000000100000001000000F9
:10956E0001000000010000000000000000000100EA
:10957E0000000000010000000000000000000100DB
:10958E0000000000000000000000010000000000CC
:10959E0001000000000000000000010000000000BB
:1095AE0001000000010000000000010000000000AA
:1095BE00000001000000000001000000010000009A
:1095CE00000000000100000001000000010000008A
:1095DE000100000001000000010000000100000079
:1095EE00010000000100000000000000010000006A
:1095FE00000000000000000001000000010000005B
:10960E00000000000100000000000000000000004B
:10961E00000000000100000000000000000000003B
:10962E00000000000100000000000000000001002A
:10963E00000000000000000000000100000000001B
:10964E00000000000100000000000000010000000A
:10965E0000000000010000000000000001000000FA
:10966E0000000000000000000100000000000000EB
:10967E0000000100000000000100000000000000DA
:10968E0000000000010000000000000001000000CA
:10969E0000000000010000000000000001000000BA
:1096AE0000000000010000000000000000000100AA
:1096BE00000000000000000000000100000000009B
:1096CE000000000001000000010000000100000089
:1096DE000100000001000000010000000100000078
:1096EE000100000001000000000000000000010069
:1096FE00000000000000000000000100000000005B
:10970E000000000001000000000000000100000049
:10971E000000000001000000000000000100000039
:10972E000000000001000000000001000000000029
:10973E000100000000000000010000000000010018
:10974E000000000001000000010000000100000008
:10975E0001000000010000000100000001000000F7
:10976E0001000000000000000100000000000000E9
:10977E0000000100000000000000010000000000D9
:10978E0001000000010000000000010000000000C8
:10979E0001000000000001000000000001000000B8
:1097AE0000000100010000000000010000000000A8
:1097BE000100000000000000010000000100000098
:1097CE000000000001000000010000000100000088
:1097DE000100000001000000010000000100000077
:1097EE000100000001000000000000000000000069
:1097FE00000000000100000000000000000000005A
:10980E000000000001000000000000000000000049
:10981E000100000001000000000000000000000038
:10982E000100000001000000000001000000000027
:10983E000100000000000000010000000100000017
:10984E000000000001000000010000000100000007
:10985E0001000000010000000100000001000000F6
:10986E0001000000000000000000000001000000E8
:10987E0000000000000000000000000001000000D9
:10988E0000000000000000000000000001000000C9
:10989E0000000000000000000000000001000000B9
:1098AE0000000000010000000000010000000000A8
:1098BE000100000000000100000000000100000097
:1098CE000100000001000100010000000100000085
:1098DE000100010001000100010000000100000074
:1098EE000200020001000000000001000000010063
:1098FE000000000001000000000001000000010057
:10990E000000000001000000000000000000000048
:10991E000100000000000000000000000100000037
:10992E000000000001000000010000000100000026
:10993E000000010000000100000001000000000016
:10994E000100000001000000020000000100000004
:10995E0001000000040000000100000001000000F2
:10996E0002000200010000000000010000000100E2
:10997E0000000000010000000000010000000100D6
:10998E0000000000040004000000010000000000C0
:10999E0001000000040004000000000001000000AF
:1099AE0001000000010000000000010000000000A6
:1099BE000100000000000000010000000100000096
:1099CE000200020004000400020002000100010077
:1099DE00010000000400040002000200010000006B
:1099EE00040004000100000000000100000001005E
:1099FE000000010001000000000001000000010055
:109A0E000200020001000000000000000000000043
:109A1E000000000000000000000000000000000038
:109A2E000000000001000000000000000000000027
:109A3E000000000000000000000000000000000018
:109A4E000000000001000000000000000100000006
:109A5E0000000000010000000000000001000000F6
:109A6E0000000000010000000000000000000000E7
:109A7E0000000000000000000000000000000000D8
:109A8E0000000000010000000000000000000000C7
:109A9E0000000000000000000000000001000000B7
:109AAE0000000000010000000000000000000000A7
:109ABE000000000000000000000000000000000098
:109ACE000000000001000000000000000100000086
:109ADE000100000001000000000000000100000075
:109AEE000000000001000000000000000000000067
:109AFE000000000000000000000000000000000058
:109B0E000000000001000000000000000000000046
:109B1E000100000000000000000000000000000036
:109B2E000000000001000000000000000000000026
:109B3E000000000000000000000000000000000017
:109B4E000000000001000000010000000100000004
:109B5E0000000000010000000100000001000000F4
:109B6E0000000000010000000000000000000000E6
:109B7E0000000000000000000000000001000000D6
:109B8E0000000000010000000000000000000000C6
:109B9E0001000000000000000000000000000000B6
:109BAE0000000000010000000000000000000000A6
:109BBE000000000000000000000000000000000097
:109BCE000000000001000000010000000100000084
:109BDE000100000001000000010000000100000073
:109BEE000100000001000000000000000000000065
:109BFE000000000001000000000000000100000055
:109C0E000000000001000000000000000000000045
:109C1E000100000000000000000000000100000034
:109C2E000000000001000000000000000000000025
:109C3E000000000000000000000000000100000015
:109C4E000000000001000000010000000100000003
:109C5E0001000000010001000100000001000000F1
:109C6E0001000200010000000000000000000000E2
:109C7E0000000000010000000000000000000000D5
:109C8E0000000000010000000000000000000000C5
:109C9E0001000000000000000000000001000000B4
:109CAE0000000000010000000000000000000000A5
:109CBE000000000000000000000000000000000096
:109CCE000100000001000000010000000100000082
:109CDE000100010001000000010001000100000070
:109CEE000100000001000000010000000000000063
:109CFE000000000000000000000000000000000056
:109D0E000100000001000000000001000000000042
:109D1E000100000000000000000000000100000033
:109D2E000000000001000000000000000000000024
:109D3E000000000000000000010000000000000014
:109D4E000100000001000100010000000100000000
:109D5E0001000000010001000100000001000000F0
:109D6E0002000200010000000000010000000000DF
:109D7E0001000000010000000100000000000000D2
:109D8E0000000000010000000000000000000000C4
:109D9E0001000000000000000000000001000000B3
:109DAE0001000000010000000000000000000000A3
:109DBE000000000000000000000000000000000095
:109DCE000100000001000000010000000100010080
:109DDE000100000004000400010000000100010069
:109DEE000100000001000000000001000000000062
:109DFE000100000000000100000000000100000052
:109E0E000000010001000000010000000000000041
:109E1E000000000000000000000000000100000033
:109E2E000000000001000000000000000000010022
:109E3E000000000001000000000000000000000013
:109E4E000000000001000100010000000000000001
:109E5E0000000000010001000100000000000000F1
:109E6E0000000000010000000100000001000000E1
:109E7E0001000000010001000100000001000000CF
:109E8E0001000000010000000100000001000000C0
:109E9E0000000000000000000000000000000000B4
:109EAE0000000000010000000000010000000100A1
:109EBE000000000000000000000000000000000094
:109ECE00000000000200020001000000010000007E
:109EDE00010000000100010001000000010000006F
:109EEE000400040001000000000001000000010059
:109EFE000000000001000000010000000000000052
:109F0E000000000001000000010000000100000040
:109F1E000000000000000000000000000000000033
:109F2E000100000001000000000000000000000021
:109F3E000000000000000000010000000100000011
:109F4E0000000000020002000100010001000000FC
:109F5E0001000000010001000100000001000000EE
:109F6E0001000400000000000100000000000000DD
:109F7E0001000000000000000100010000000000D0
:109F8E0001000000010000000000010000000000C0
:109F9E0001000000010000000000000000000000B1
:109FAE0001000000010000000000000001000000A0
:109FBE000000000000000000010000000100000091
:109FCE00000000000400000001000000010000007D
:109FDE00010000000400000001000000010000006C
:109FEE00010004000000000001000100000000005C
:109FFE000100010000000000040004000000000049
:10A00E00010001000100000000000100000000003E
:10A01E00010000000100000000000100000000002F
:10A02E000000000001000000000000000000000021
:10A03E000000000001000000000000000100000010
:10A04E0001000000010001000200020004000400F3
:10A05E0002000200010001000200020004000400E0
:10A06E0000000000010000000200020001000000DC
:10A07E0001000000010000000100000002000200CB
:10A08E0001000000010001000100000000000000BE
:10A09E0000000000010000000000010000000000B0
:10A0AE00000000000100000001000000010000009F
:10A0BE000000000000000000000000000000000092
:10A0CE00010001000100010001000100010001007A
:10A0DE000100010001000100020002000400040062
:10A0EE00000000000100000002000200010000005C
:10A0FE000100000004000400010000000200020044
:10A10E00010000000100010000000100010000003C
:10A11E00010000000100010000000100010000002C
:10A12E000400040001000100010001000100000014
:10A13E00010000000100000001000000010000000D
:10A14E0001000000040004000200020001000100F2
:10A15E0001000000040004000200020001000100E2
:10A16E0004000400040004000000040004000000C9
:10A17E0001000100000002000200000001000100C9
:10A18E0001000100040004000000000000000000B7
:10A19E0000000000040004000200020001000100A3
:10A1AE000000000004000400010001000100000096
:10A1BE000100000002000200020002000100000087
:10A1CE000000000004000400020002000100010073
:10A1DE000000000004000400020002000100000064
:10A1EE000100000004000400000001000000010056
:10A1FE00010000000100000000000000000000004F
:10A20E000100010008000800040004000200020022
:10A21E000100010001000100020002000400040020
:10A22E0008000800080006000600040004000200F2
:10A23E0002000100010002000200040004000600FA
:10A24E0006000800080007000600050004000300D1
:10A25E0002000100010002000300040005000600D8
:10A26E0007000800010003000400020001000400C2
:10A27E0003000200030004000300010002000100BD
:10A28E0004000300020001000200040003000200AB
:10A29E00010004000400020001000300040003009A
:10A2AE0002000100030201000C0D04050000000372
:10A2BE00000102000001010000000000000000008B
:10A2CE0000000000000020100120400410020801D0
:10A2DE0002010204080402010408102004082010E0
:10A2EE000202000502010500040101040404030337
:10A2FE000303050503030000010105040005060222
:10A30E00040103000100010203020100020304051F
:10A31E0002030504000000004501AA03AA009601ED
:10A32E00DB00B900CD00DD174B02E70010040D0A6B
:01A33E00001E
:10A33F000101010101010101080064000300030094
:10A34F0003000300010001000200030004000024C9
:06A35F00F4000100000003
:00000001FF
