:100000000C9451000C9479000C9479000C947900B4
:100010000C9479000C9479000C94FF2D0C947900C9
:100020000C9479000C9479000C9479000C9479006C
:100030000C9479000C9479000C9479000C9479005C
:100040000C9479000C9479000C9479000C9479004C
:100050000C94902D0C9479000C9479000C947900F8
:100060000C94B52D0C9479000C9479000C947900C3
:100070000C9479000C94462D0C9479000C94790022
:100080000C9479000C9479000C94DA2D0C946B2D5F
:100090000C94E22C0C944A2E0C94242E0C9479008F
:1000A000932E11241FBECFEFCDBFDFE3DEBF18E2DA
:1000B000A0E0B8E2E1EDF0EA02C005900D92A632B0
:1000C000B107D9F72DE2A6E2B8E201C01D92AB3A22
:1000D000B207E1F710E0C1E5D0E004C02197FE01CE
:1000E0000E94A047C035D107C9F70E94D02E0C94BA
:1000F000A6470C94000090E0FC01E656FF41E08129
:10010000EF3F39F180589F41DC012C91822F880FFD
:10011000880F880F8E0F8033E0F490E0880F991FCE
:10012000DC01A457B34D6D937C93845D934DDC014A
:100130001D921C92B0E22B9FC00111249C5F40963F
:10014000E80FF92FF11D8081887F80838081826094
:1001500080830895FC0154894589252F30E0842F40
:1001600090E0821B930B541710F0CF9608950197DF
:100170000895FC0192898389981761F0A389AE0FD5
:10018000BF2FB11D59968C9193899F5F9F73938B5D
:1001900090E008958FEF9FEF0895FC019289838985
:1001A000981731F08389E80FF11D818D90E0089553
:1001B0008FEF9FEF0895FC0192892389892F90E0AA
:1001C000805C9F4F821B91098F7399270895CF936D
:1001D000DF93EC01E881F9810680F781E02D099534
:1001E000EC85FD8586818F738683EC85FD85858111
:1001F0008F7585838B898A8B198ADF91CF910895BA
:10020000CF93DF93FC0194898589C485D5859813A4
:1002100006C08D818F7D8D83DF91CF910895A58953
:10022000AE0FBF2FB11DA75ABF4F2C91858990E00B
:1002300001968F739927858B80E48C83A485B5857F
:1002400012962C93948985899813E6CFA485B58559
:1002500015968C9115978F7D15968C938789882399
:10026000D9F2808D80931301178AD6CFDC011C96BA
:10027000ED91FC910FB607FE03C0258125FD04C05A
:10028000248125FD0C9400010895EF92FF920F93B5
:100290001F93CF93DF93EC0181E0898B9C898D893B
:1002A00098131CC0AC85BD8514968C91149785FF5E
:1002B00015C012966C93AC85BD8580E414968C9322
:1002C000EC85FD8585818F7D858381E090E0DF91E0
:1002D000CF911F910F91FF90EF90089580911101A0
:1002E00080FF08C080911301888F8E89809313014D
:1002F00081E08F8BF62E0C8910E00F5F1F4F0F737C
:100300001127E02E8D898E1104C0CE010E94360186
:10031000F9CFEC89EC0FFD2FF11DE75AFF4FF0826A
:100320000C8BEC85FD8585818062CECFCF93DF93EA
:10033000FC0121892223C9F0EC018091110180FF89
:1003400008C080911301808F86898093130181E01A
:10035000878BEC85FD85858185FD03C0848186FDC5
:1003600004C0CE010E943601F4CFDF91CF910895F1
:10037000282F30E0F901EA59FF4140814F3F09F44D
:100380004EC08B3258F4F901E45BFF41E081EE236B
:1003900029F0E13099F010F0E63010F1F901E05861
:1003A000FF41E081A0E2EA9FF0011124FC5F80811F
:1003B000842311F1672BF1F446830895E091010A3B
:1003C000D901A656BF415C915C5F81E090E001C01D
:1003D000880F5A95EAF780958E238093010ADECF25
:1003E00080E1E89FF0011124E05AF54F81818F7E72
:1003F0008183D4CF4583089526563F41D9018C91FE
:10040000309771F08F3F61F07096E80FF11D9FB744
:10041000F8948081672B39F4877F80839FBF08958C
:10042000F0E0E0E0F4CF8860F8CFCF93DF9390E086
:10043000FC01EA59FF4120812F3F71F0FC01E05897
:10044000FF41A08130E2A39FD0011124BC5F613045
:10045000710529F411962C93DF91CF91089586565A
:100460009F41EC01E881EF3F89F0CD014096E80F14
:10047000F92FF11D9FB7F89412962C93808162306A
:10048000710539F4886080839FBFE6CFF0E0E0E03B
:10049000F1CF877FF8CFCF92DF92EF92FF920F9349
:1004A0001F93CF93DF93EC016A017B01022F8989AF
:1004B000882339F0E881F9810288F389E02DCE01A3
:1004C000099598898091E205892B8093E2051FB7F1
:1004D000F89460E070E281EA97E0A70196010E943B
:1004E000A04569017A018FEFC81AD80AE80AF80A0C
:1004F000F694E794D794C794EC85FD8586818D7F2B
:100500008683EC85FD8586818683198AA0912311D7
:100510000A2E000CBB0BA70196010E94984520E013
:1005200034E040E050E00E946E45EC85FD85C20E4F
:10053000D31EE41EF51EC086D186EC85FD8507839B
:10054000EC85FD858681806C8683EC85FD858581C3
:10055000806885838E858B3220F462E070E00E9493
:1005600015028F858B3220F461E070E00E94B801A3
:100570008F858B3220F461E070E00E9415021FBF6E
:10058000DF91CF911F910F91FF90EF90DF90CF906F
:100590000895E82FF0E0EC5BFF418E30B8F48081E5
:1005A0008F30B0F48093060681E080930806809136
:1005B0000B0680FFFCCF2FB7F89490911006809126
:1005C00011062FBF89279827892708953E97E7CFDF
:1005D0008FEF90E00895CF93DF938FB7F894209139
:1005E000282C3091292C40912A2C50912B2CE091D1
:1005F000BA0A9091B60A90FF06C02F5F3F4F4F4F47
:100600005F4FE091BA0A8FBFA091262CB091272CA2
:10061000C091242CD091252C0E948D45EC9F9001F7
:10062000ED9F300D1124620F731F811D911DDF910D
:10063000CF9108958F929F92AF92BF92EF92FF92C7
:100640001F93CF93DF93EC014A015B01790111E025
:1006500081149104A104B10409F410E00E94EB029A
:10066000FE013296AE014E5E5F4FE417F50798F536
:1006700020813181232B11F07096F7CF309759F1FB
:10068000288139812F5F3F4F19F1288339834881B1
:10069000598146875787E082F182128213826483F0
:1006A00075838683978380869186A286B386212F61
:1006B00030E024873587CF0184279527DF91CF91BC
:1006C0001F91FF90EF90BF90AF909F908F900895F3
:1006D00021E030E0DACF90E080E0F0CF8F929F927F
:1006E000AF92BF92CF92DF92EF92FF924B015C01EB
:1006F0000E94EB026B017C01A8EEB3E0A50194011E
:100700000E948D45C60ED71EE81EF91EC616D706D6
:10071000E806F90618F40E94EB02F8CF0E94EB02FB
:100720006C157D058E059F05C8F3FF90EF90DF9057
:10073000CF90BF90AF909F908F9008952FB7F8946F
:100740006091202C7091212C8091222C9091232C4F
:100750002FBF0895AF92BF92CF92DF92EF92FF9298
:100760000F931F93CF93DF936C017B018B01040FD9
:10077000151FEB015E01AE18BF08C017D10759F075
:100780006991D601ED91FC910190F081E02DC601B7
:100790000995892B79F7C501DF91CF911F910F91B1
:1007A000FF90EF90DF90CF90BF90AF900895EF92C1
:1007B000FF920F931F93CF93DF93C82FD0E0A096A3
:1007C00095E0CC0FDD1F9A95E1F7E984F82EFF0C38
:1007D000FF0CFF0C01E010E08E2D8023A9F02F2DDF
:1007E000210F30E0220F331FF901E457F34D8081D0
:1007F0009181892B49F00190F081E02D245D334DEA
:10080000D9018D919C9109951F5F000F183021F738
:10081000E986DF91CF911F910F91FF90EF9008959E
:1008200081E008954F925F926F927F928F929F9294
:10083000AF92BF92CF92DF92EF92FF920F931F93EE
:10084000CF93DF938C010E94EB026B017C01E801E6
:10085000229688248A94982C54010E5E1F4FC0174C
:10086000D10748F588819981892B01F10E94EB021B
:100870004C805D806E807F80AB01BC0144195509BE
:100880006609770988859985AA85BB854817590720
:100890006A077B0768F4841B950BA60BB70B8815BA
:1008A0009905AA05BB0510F44C015D016096D7CFF0
:1008B000812C912C54010E94EB02DC01CB018C199C
:1008C0009D09AE09BF0988159905AA05BB05F8F46D
:1008D0002FEF82169206A206B206C9F0A501940176
:1008E000281B390B4A0B5B0BCA01B901DF91CF9171
:1008F0001F910F91FF90EF90DF90CF90BF90AF903E
:100900009F908F907F906F905F904F90089560E0E0
:1009100070E0CB01EBCFAF92BF92CF92DF92EF921C
:10092000FF920F931F93CF93DF93EC0122968C01DC
:100930000E5E1F4FAA24A394B12CC017D10708F054
:1009400041C088819981892B51F10E94EB026B0192
:100950007C018C819D81AE81BF81A7019601281BFE
:10096000390B4A0B5B0BDA01C901488559856A8549
:100970007B8584179507A607B70788F0E881F9817A
:100980008A819B810995882361F08C859D85892BBF
:1009900041F0AC86BD86CC82DD82EE82FF8260961D
:1009A000CCCF188219821A821B821C821D821E8261
:1009B0001F82188619861A861B861C861D861E862F
:1009C0001F86EDCFDF91CF911F910F91FF90EF9098
:1009D000DF90CF90BF90AF900895CF92DF92EF92CB
:1009E000FF926B017C01FA0150E040E0421753078F
:1009F000A9F081919191A191B1918C159D05AE05C0
:100A0000BF0548F4805F984DAF4FBF4FC816D90659
:100A1000EA06FB0648F04F5F5F4FE8CF80E0FF90AB
:100A2000EF90DF90CF90089581E0F9CF4F925F92E1
:100A30006F927F928F929F92AF92BF92CF92DF92EE
:100A4000EF92FF920F931F93CF93DF930E94EB02DD
:100A50004B015C012091EA2B3091EB2BE090DA2BDB
:100A6000F090DB2B0091CA2B1091CB2BC091BA2BAD
:100A7000D091BB2B80914D2B90914E2B54EAC52EDB
:100A80005FECD52E892B21F444EAC42E47EDD42EF9
:100A90008091092C90910A2C892BE9F08091F82BF8
:100AA0009091F92B0697B9F48091EC2B9091ED2B56
:100AB000A091EE2BB091EF2BB501A401481B590B6F
:100AC0006A0B7B0B81E0403157426105710508F0EC
:100AD00080E08093182C80910429882391F18091E3
:100AE000A7289091A8280196E0E1F0E0BF010E94BC
:100AF0008C478093A7289093A8288091A52890914F
:100B0000A6280196BF010E948C478093A528909348
:100B1000A6288091A3289091A4280196BF010E9445
:100B20008C478093A3289093A4288091A12890912A
:100B3000A2280196BF010E948C478093A128909320
:100B4000A2288091DF2B882321F01092A7281092F1
:100B5000A8288091CF2B882321F01092A5281092ED
:100B6000A6288091BF2B882321F01092A3281092F1
:100B7000A4288091AF2B882321F01092A1281092F5
:100B8000A2288091062C9091072C892B09F446C04D
:100B90008091F62B9091F72B069709F03FC0369580
:100BA000322F2227379527952C0D3D1DE091F228F5
:100BB000F091F328EE0FFF1FE20FF31F81E0408159
:100BC0005181452B09F480E08093B4288091A728B7
:100BD0009091A828880F991F280F391FF9012081AB
:100BE0003181223031050CF016C1232BA1F0809108
:100BF000FB289091FC28A091FD28B091FE28B5011A
:100C0000A401481B590B6A0B7B0B81E04838534108
:100C10006105710508F080E08093152C8091032C0C
:100C20009091042C892B09F448C08091F42B909169
:100C3000F52B069709F041C0F694FE2CEE24F794AC
:100C4000E794EC0CFD1CE091F228F091F3287096EB
:100C5000EE0FFF1FEE0DFF1D81E020813181232B60
:100C600009F480E08093B1288091A5289091A6286E
:100C70004096880F991FE80EF91EF70120813181F7
:100C8000223031050CF0F1C0232BA1F08091FB281C
:100C90009091FC28A091FD28B091FE28B501A401F7
:100CA000481B590B6A0B7B0B81E0483853416105A7
:100CB000710508F080E08093132C8091002C9091B6
:100CC000012C892B09F448C08091F22B9091F32BD1
:100CD000069709F041C01695102F00271795079524
:100CE0000C0D1D1DE091F228F091F328B096EE0F47
:100CF000FF1FE00FF11F81E020813181232B09F4D8
:100D000080E08093AE288091A3289091A4288096BB
:100D1000880F991F080F191FF80120813181223097
:100D200031050CF0CCC0232BA1F08091FB289091D1
:100D3000FC28A091FD28B091FE28B501A401481B14
:100D4000590B6A0B7B0B81E04838534161057105F3
:100D500008F080E08093112C8091FD2B9091FE2B68
:100D6000892B09F447C08091F02B9091F12B0697C5
:100D700009F040C0D695DC2FCC27D795C795CC0E6F
:100D8000DD1EE091F228F091F328F096EE0FFF1FA0
:100D9000EC0DFD1D81E020813181232B09F480E0E1
:100DA0008093AB28C091A128D091A228E096CC0FC7
:100DB000DD1FCC0DDD1D28813981223031050CF07D
:100DC000A8C0232BA1F08091FB289091FC28A09132
:100DD000FD28B091FE28881A990AAA0ABB0A81E068
:100DE00098E8891693E19906A104B10408F080E01F
:100DF00080930F2CDF91CF911F910F91FF90EF9077
:100E0000DF90CF90BF90AF909F908F907F906F902A
:100E10005F904F9008958091222990912329A0916D
:100E20002429B091252924013501481A590A6A0A52
:100E30007B0A032E000C440B550B60911E29709108
:100E40001F2980912029909121290E94A045C3014A
:100E5000B2010E94A04521E06838734181059105E7
:100E600008F020E02093152CD9CE80912229909172
:100E70002329A0912429B091252924013501481A5C
:100E8000590A6A0A7B0A032E000C440B550B609129
:100E90001E2970911F2980912029909121290E945B
:100EA000A045C301B2010E94A04521E0683873410A
:100EB0008105910508F020E02093132CFECE80914F
:100EC000222990912329A0912429B0912529240138
:100ED0003501481A590A6A0A7B0A032E000C440B92
:100EE000550B60911E2970911F29809120299091A6
:100EF00021290E94A045C301B2010E94A04521E022
:100F0000683873418105910508F020E02093112C89
:100F100023CF8091222990912329A0912429B09157
:100F20002529881A990AAA0ABB0A032E000C440B29
:100F3000550B60911E2970911F2980912029909155
:100F400021290E94A045C501B4010E94A04521E0CD
:100F5000683873418105910508F020E020930F2C3B
:100F600049CF8F929F92AF92BF92CF92DF92EF9232
:100F7000FF92CF93DF938091092C90910A2C892BBB
:100F8000E9F08091F82B9091F92B0397B9F40E9426
:100F9000EB02C090EC2BD090ED2BE090EE2BF0907C
:100FA000EF2B6C197D098E099F0921E06031774292
:100FB0008105910508F020E02093182C8091062CE3
:100FC0009091072C892B09F4D1C08091F62B909138
:100FD000F72B039709F0CAC08091DF2B2091EA2BF1
:100FE0003091EB2B2930310508F453C3811104C033
:100FF0008091A028882371F110929C2810929D283E
:1010000010929E2810929F284091102850911128EC
:101010008091A02B9091A12B969587952AE032E0A4
:10102000281B390B440F551FFA01EC56F043A081E1
:10103000B1810E94C2454C575043FA012081318151
:1010400050E040E00E94A04520939A2830939B28CE
:101050001092A02880909C2890909D28A0909E2877
:10106000B0909F28C0919A28D0919B286E01F12CB6
:10107000E12CFAE08F169104A104B104F0F4409140
:10108000102850911128440F551FFA01EC56F043D7
:1010900020813181A8EEB3E00E94C2454C575043F5
:1010A000FA012081318150E040E00E94A04581E0BA
:1010B000C216D306E406F50608F080E08093152CEE
:1010C000C814D904EA04FB04F0F510929C2810928D
:1010D0009D2810929E2810929F2840911028509190
:1010E00011282091A02B3091A12B81E094E0821B4C
:1010F000930B60915E2970915F29869F9001879F75
:10110000300D969F300D112463E0369527956A9532
:10111000E1F72F5F3F4F440F551FFA01EC56F043A4
:10112000A081B1810E94C2454C575043FA012081F1
:10113000318150E040E00E94A0452C0F3D1F2093DC
:101140009A2830939B2880919C2890919D28A0916B
:101150009E28B0919F280196A11DB11D80939C28C7
:1011600090939D28A0939E28B0939F288091032C54
:101170009091042C892B09F4D1C08091F42B90918B
:10118000F52B039709F0CAC08091CF2B2091DA2B61
:101190003091DB2B2930310508F403C3811104C0E1
:1011A00080919928882371F11092952810929628A1
:1011B0001092972810929828409112285091132845
:1011C0008091902B9091912B969587952AE032E013
:1011D000281B390B440F551FFA01EC56F043A08130
:1011E000B1810E94C2454C575043FA0120813181A0
:1011F00050E040E00E94A04520939328309394282B
:10120000109299288090952890909628A0909728E1
:10121000B0909828C0919328D09194286E01F12C19
:10122000E12CFAE08F169104A104B104F0F440918E
:10123000122850911328440F551FFA01EC56F04321
:1012400020813181A8EEB3E00E94C2454C57504343
:10125000FA012081318150E040E00E94A04581E008
:10126000C216D306E406F50608F080E08093132C3E
:10127000C814D904EA04FB04F0F5109295281092E2
:1012800096281092972810929828409112285091F1
:1012900013282091902B3091912B81E094E0821BB8
:1012A000930B60915C2970915D29869F9001879FC7
:1012B000300D969F300D1124F3E036952795FA9561
:1012C000E1F72F5F3F4F440F551FFA01EC56F043F3
:1012D000A081B1810E94C2454C575043FA01208140
:1012E000318150E040E00E94A0452C0F3D1F20932B
:1012F0009328309394288091952890919628A091D6
:101300009728B09198280196A11DB11D809395282A
:1013100090939628A0939728B09398288091002CBA
:101320009091012C892B09F4D1C08091F22B9091DE
:10133000F32B039709F0CAC08091BF2B2091CA2BD1
:101340003091CB2B2930310508F4B3C2811104C090
:1013500080919228882371F110928E2810928F2804
:10136000109290281092912840911428509115289D
:101370008091802B9091812B969587952AE032E081
:10138000281B390B440F551FFA01EC56F043A0817E
:10139000B1810E94C2454C575043FA0120813181EE
:1013A00050E040E00E94A04520938C2830938D2887
:1013B0001092922880908E2890908F28A09090284C
:1013C000B0909128C0918C28D0918D286E01F12C7D
:1013D000E12CFAE08F169104A104B104F0F44091DD
:1013E000142850911528440F551FFA01EC56F0436C
:1013F00020813181A8EEB3E00E94C2454C57504392
:10140000FA012081318150E040E00E94A04581E056
:10141000C216D306E406F50608F080E08093112C8E
:10142000C814D904EA04FB04F0F510928E28109237
:101430008F28109290281092912840911428509152
:1014400015282091802B3091812B81E094E0821B24
:10145000930B60915A2970915B29869F9001879F19
:10146000300D969F300D112483E0369527958A958F
:10147000E1F72F5F3F4F440F551FFA01EC56F04341
:10148000A081B1810E94C2454C575043FA0120818E
:10149000318150E040E00E94A0452C0F3D1F209379
:1014A0008C2830938D2880918E2890918F28A09140
:1014B0009028B09191280196A11DB11D80938E288E
:1014C00090938F28A0939028B09391288091FD2B22
:1014D0009091FE2B892B09F4D1C08091F02B909133
:1014E000F12B039709F0CAC08091AF2B2091BA2B42
:1014F0003091BB2B2930310508F463C2811104C03F
:1015000080918B28882371F1109287281092882867
:101510001092892810928A284091162850911728F5
:101520008091702B9091712B969587952AE032E0EF
:10153000281B390B440F551FFA01EC56F043A081CC
:10154000B1810E94C2454C575043FA01208131813C
:1015500050E040E00E94A0452093852830938628E3
:1015600010928B288090872890908828A0908928B6
:10157000B0908A28C0918528D09186286E01F12CE0
:10158000E12CFAE08F169104A104B104F0F440912B
:10159000162850911728440F551FFA01EC56F043B6
:1015A00020813181A8EEB3E00E94C2454C575043E0
:1015B000FA012081318150E040E00E94A04581E0A5
:1015C000C216D306E406F50608F080E080930F2CDF
:1015D000C814D904EA04FB04F0F51092872810928D
:1015E00088281092892810928A28409116285091B4
:1015F00017282091702B3091712B81E094E0821B91
:10160000930B6091582970915929869F9001879F6B
:10161000300D969F300D112463E0369527956A951D
:10162000E1F72F5F3F4F440F551FFA01EC56F0438F
:10163000A081B1810E94C2454C575043FA012081DC
:10164000318150E040E00E94A0452C0F3D1F2093C7
:101650008528309386288091872890918828A091AA
:101660008928B0918A280196A11DB11D80938728F1
:1016700090938828A0938928B0938A28DF91CF91EE
:10168000FF90EF90DF90CF90BF90AF909F908F90A2
:101690000895811104C08091A028882361F11092DF
:1016A0009C2810929D2810929E2810929F2840916D
:1016B0001028509111282091A02B3091A12B369504
:1016C00027952C593F4F440F551FFA01EC56F04314
:1016D000A081B1810E94C2454C575043FA0120813C
:1016E000318150E040E00E94A04520939A28309339
:1016F0009B281092A02840919C2850919D28609191
:101700009E2870919F28C0909A28D0909B284A309C
:1017100051056105710528F481E0FBE0CF16D10485
:1017200008F480E08093152CF12CE12CC416D5062A
:10173000E606F70608F007CD10929C2810929D2827
:1017400010929E2810929F2860915E2970915F29C7
:1017500090E080E00E946D4620E030E040E05EE3F3
:101760000E94FB462DEC3CEC4CEC5EE30E94FB46F9
:1017700020E030E040E05FE30E94D2454B015C0195
:10178000C701B6010E946D469B01AC01C501B401C1
:101790000E94FB460E943E4660939A2870939B28C5
:1017A000D2CC811104C080919928882361F11092D4
:1017B0009528109296281092972810929828409178
:1017C0001228509113282091902B3091912B36950F
:1017D00027952C593F4F440F551FFA01EC56F04303
:1017E000A081B1810E94C2454C575043FA0120812B
:1017F000318150E040E00E94A0452093932830932F
:10180000942810929928409195285091962860919B
:10181000972870919828C0909328D09094284A30A7
:1018200051056105710528F481E0FBE0CF16D10474
:1018300008F480E08093132CF12CE12CC416D5061B
:10184000E606F70608F057CD1092952810929628D4
:10185000109297281092982860915C2970915D29C8
:1018600090E080E00E946D4620E030E040E05EE3E2
:101870000E94FB462DEC3CEC4CEC5EE30E94FB46E8
:1018800020E030E040E05FE30E94D2454B015C0184
:10189000C701B6010E946D469B01AC01C501B401B0
:1018A0000E94FB460E943E466093932870939428C2
:1018B00022CD811104C080919228882361F1109279
:1018C0008E2810928F281092902810929128409183
:1018D0001428509115282091802B3091812B36951A
:1018E00027952C593F4F440F551FFA01EC56F043F2
:1018F000A081B1810E94C2454C575043FA0120811A
:10190000318150E040E00E94A04520938C28309324
:101910008D281092922840918E2850918F286091A6
:10192000902870919128C0908C28D0908D284A30B2
:1019300051056105710528F481E0FBE0CF16D10463
:1019400008F480E08093112CF12CE12CC416D5060C
:10195000E606F70608F0A7CD10928E2810928F2881
:10196000109290281092912860915A2970915B29C9
:1019700090E080E00E946D4620E030E040E05EE3D1
:101980000E94FB462DEC3CEC4CEC5EE30E94FB46D7
:1019900020E030E040E05FE30E94D2454B015C0173
:1019A000C701B6010E946D469B01AC01C501B4019F
:1019B0000E94FB460E943E4660938C2870938D28BF
:1019C00072CD811104C080918B28882361F110921F
:1019D0008728109288281092892810928A2840918E
:1019E0001628509117282091702B3091712B369525
:1019F00027952C593F4F440F551FFA01EC56F043E1
:101A0000A081B1810E94C2454C575043FA01208108
:101A1000318150E040E00E94A0452093852830931A
:101A2000862810928B2840918728509188286091B1
:101A3000892870918A28C0908528D09086284A30BD
:101A400051056105710528F481E0FBE0CF16D10452
:101A500008F480E080930F2CF12CE12CC416D506FD
:101A6000E606F70608F0F7CD10928728109288282E
:101A70001092892810928A286091582970915929CA
:101A800090E080E00E946D4620E030E040E05EE3C0
:101A90000E94FB462DEC3CEC4CEC5EE30E94FB46C6
:101AA00020E030E040E05FE30E94D2454B015C0162
:101AB000C701B6010E946D469B01AC01C501B4018E
:101AC0000E94FB460E943E466093852870938628BC
:101AD000C2CD880F991FFC01E25FF74D0190F081A4
:101AE000E02DEE0FFF1FDF01AC56B0430D90BC910F
:101AF000A02D20911E2930911F294091202950911D
:101B000021290E948D45EC57F0432081318150E01E
:101B100040E00E94A045CA01B90108950F931F93A8
:101B2000CF93DF932091532B2223C9F1EC0161E085
:101B300070E08DE00E94B80161E070E08DE00E94ED
:101B4000B80161E070E08DE00E94B80110E000E0B3
:101B5000C017D10769F070E060E08DE00E94B80125
:101B600061E070E08DE00E94B8010F5F1F4FF0CF81
:101B700061E070E08DE00E94B80161E070E08DE00E
:101B80000E94B80161E070E08DE00E94B80181E040
:101B90008093162CDF91CF911F910F91089501969C
:101BA000880F991F2091172C222359F02091D128BA
:101BB0003091D228820F931F8093D1289093D228FE
:101BC000E9CF1092162C8093D1289093D22881E0EF
:101BD0008093172C2AEA37E140E659E060E070E094
:101BE00087E89DE2DF91CF911F910F910C941A032A
:101BF0008091602990916129009779F02091092CBA
:101C000030910A2C2115310531F0821B930B00977E
:101C100021F00C948E0D0197FACF089520910B2C92
:101C200030910C2C2115310569F08D7F853091059F
:101C300059F42D7F91E080E02130310509F090E0EA
:101C4000292F382FC9010895049731F42130310527
:101C5000C9F322E030E0F6CF30E020E0F3CFCF93BD
:101C6000DF938091062C9091072C892B99F0C091DD
:101C7000F62BD091F72BCE010E940E0E81309105EC
:101C800009F056C08091152C811102C08091052C5D
:101C90008093152C8091032C9091042C892B99F022
:101CA000C091F42BD091F52BCE010E940E0E813005
:101CB000910509F060C08091132C811102C08091C0
:101CC000022C8093132C8091002C9091012C892B55
:101CD00099F0C091F22BD091F32BCE010E940E0E01
:101CE0008130910509F06AC08091112C811102C0E8
:101CF0008091FF2B8093112C8091FD2B9091FE2BD6
:101D0000892B99F0C091F02BD091F12BCE010E943C
:101D10000E0E8130910509F074C080910F2C811155
:101D200002C08091FC2B80930F2CDF91CF910895FE
:101D3000029709F0AFCF9091DF2B8091052C269769
:101D400061F4992321F09091B4289093B3288823CB
:101D500009F49ECF8091B3289BCF992331F09091C5
:101D6000152C21E092279093B228882309F490CF74
:101D70008091B2288DCF029709F0A5CF9091CF2BFB
:101D80008091022C269761F4992321F09091B1283B
:101D90009093B028882309F494CF8091B02891CFF4
:101DA000992331F09091132C21E092279093AF2842
:101DB000882309F486CF8091AF2883CF029709F05A
:101DC0009BCF9091BF2B8091FF2B269761F4992395
:101DD00021F09091AE289093AD28882309F48ACF02
:101DE0008091AD2887CF992331F09091112C21E07B
:101DF00092279093AC28882309F47CCF8091AC285B
:101E000079CF029709F091CF9091AF2B8091FC2B65
:101E1000269761F4992321F09091AB289093AA28FA
:101E2000882309F480CF8091AA287DCF992331F0AF
:101E300090910F2C21E092279093A928882309F4F0
:101E400072CF8091A9286FCF80911329882309F43C
:101E5000DFC080913E2990913F2920913A2930910D
:101E60003B29820F931F877099279C01B3E0220FB3
:101E7000331FBA95E1F7F901EC59F64D648175818C
:101E80004091502B411107C16115710509F4FEC045
:101E90008091CD289091CE2820911129309112293E
:101EA0002817390708F0F2C0409708F4EFC0809176
:101EB0005F2B8111EBC0808191818093F82B9093EF
:101EC000F92B828193818093622990936329609397
:101ED000092C70930A2C2681378120936029309336
:101EE0006129A6E096958795AA95E1F7803191053D
:101EF00008F0B1C080932C2990932D292091AA2B12
:101F00003091AB2B80912C2990912D2921303105D6
:101F100009F4B0C008F4A2C02230310509F4B0C001
:101F20008091F82B9091F92B8093F02B9093F12BCB
:101F30008093F22B9093F32B8093F42B9093F52BBB
:101F40008093F62B9093F72B8091622990916329CF
:101F50008093702B9093712B8093802B9093812B87
:101F60008093902B9093912B8093A02B9093A12BF7
:101F70008091092C90910A2C8093FD2B9093FE2B3D
:101F80008093002C9093012C8093032C9093042C2D
:101F90008093062C9093072C809160299091612961
:101FA000809358299093592980935A2990935B29BB
:101FB00080935C2990935D2980935E2990935F299B
:101FC00080912C2990912D298093BA2B9093BB2B33
:101FD0008093CA2B9093CB2B8093DA2B9093DB2B9F
:101FE0008093EA2B9093EB2B8091302990913129AB
:101FF0008093B42B9093B52B8093C42B9093C52BD7
:102000008093D42B9093D52B8093E42B9093E52B46
:102010008091092C90910A2C892BC9F48091062C6F
:102020009091072C892B99F48091032C9091042C8A
:10203000892B69F48091002C9091012C892B39F423
:102040008091FD2B9091FE2B892B09F4B1C281E088
:102050008093FB2B08958FE090E04CCF880F991F61
:10206000FC01EC51F0428081918180933029909362
:10207000312956CF880F991FFC01EC53F042F3CF62
:10208000880F991FFC01EC55F042EDCF1092092CFE
:1020900010920A2C45CF6115710509F4E9C14091F0
:1020A000CD285091CE28A0911129B0911229A417C2
:1020B000B50708F0DDC14031510508F4D9C14091A0
:1020C0005F2B4111D5C1408151814093F82B509332
:1020D000F92B428153814093622950936329609385
:1020E000092C70930A2C6681778160936029709324
:1020F000612966E0569547956A95E1F740315105AB
:1021000008F092C140932C2950932D294091AA2B7D
:102110005091AB2B4130510509F498C108F487C1A7
:102120004230510509F49BC1B9016C59764DFB0150
:10213000EC5BFF4FA081B181109709F4C2C14091BF
:10214000CD285091CE28E0910F29F0911029E41765
:10215000F50708F0B6C14031510508F4B2C140910D
:102160005F2B4111AEC1FC0143E0EE0FFF1F4A950A
:10217000E1F7EC55F64D408151814093F62B509399
:10218000F72BFB01EE5BFF4F408151814093A02B69
:102190005093A12BA093062CB093072C6A5B7F4F22
:1021A000FB016081718160935E2970935F2966E015
:1021B000569547956A95E1F74031510508F05DC1A4
:1021C0004093EA2B5093EB2B4091AA2B5091AB2BD1
:1021D0004130510509F463C108F452C14230510540
:1021E00009F466C1B9016C59764DFB01EC57FF4FFC
:1021F000A081B181109709F48DC14091CD285091F3
:10220000CE28E0910D29F0910E29E417F50708F08A
:1022100081C14031510508F47DC140915F2B4111CE
:1022200079C1FC0143E0EE0FFF1F4A95E1F7EC5145
:10223000F64D408151814093F42B5093F52BFB01D7
:10224000EE57FF4F408151814093902B5093912B3B
:10225000A093032CB093042C6A577F4FFB0160813D
:10226000718160935C2970935D2966E0569547956E
:102270006A95E1F74031510508F028C14093DA2B07
:102280005093DB2B4091AA2B5091AB2B4130510541
:1022900009F42EC108F41DC14230510509F431C1C1
:1022A000B9016C59764DFB01EC53FF4FA081B18110
:1022B000109709F458C14091CD285091CE28E09153
:1022C0000B29F0910C29E417F50708F04CC14031B7
:1022D000510508F448C140915F2B411144C1FC01F4
:1022E00053E0EE0FFF1F5A95E1F7EC5DF54D40818D
:1022F00051814093F22B5093F32BFB01EE53FF4F90
:10230000408151814093802B5093812BA093002CCE
:10231000B093012C6A537F4FFB0160817181609300
:102320005A2970935B2966E0569547956A95E1F7BF
:102330004031510508F0F3C04093CA2B5093CB2B8A
:102340004091AA2B5091AB2B4130510509F4F9C0B3
:1023500008F4E8C04230510509F4FCC02C59364D50
:10236000F901EC5FFE4F408151814115510509F49F
:102370001AC16091CD287091CE28E0910929F09181
:102380000A29E617F70708F00EC16031710508F455
:102390000AC160915F2B611106C163E0880F991F2C
:1023A0006A95E1F7FC01EC59F54D808191818093AC
:1023B000F02B9093F12BF901EE5FFE4F808191811C
:1023C0008093702B9093712B4093FD2B5093FE2B99
:1023D0002A5F3E4FF90120813181209358293093A3
:1023E000592976E0969587957A95E1F780319105A0
:1023F00008F0BEC08093BA2B9093BB2B8091AA2B80
:102400009091AB2B8130910509F4C4C008F4B3C09E
:10241000029709F0FDCDE091BA2BF091BB2BEE0FA6
:10242000FF1FEC55F042AFC04FE050E06BCEE091A3
:102430002C29F0912D29EE0FFF1FEC51F042408125
:10244000518140933029509331296ECEE0912C294F
:10245000F0912D29EE0FFF1FEC53F042F0CFE091E9
:102460002C29F0912D29EE0FFF1FEC55F042E7CFFC
:102470001092092C10920A2C57CE4FE050E0A0CEBB
:10248000E091EA2BF091EB2BEE0FFF1FEC51F042A5
:10249000408151814093E42B5093E52BA3CEE091F2
:1024A000EA2BF091EB2BEE0FFF1FEC53F042F0CF35
:1024B000E091EA2BF091EB2BEE0FFF1FEC55F04271
:1024C000E7CF1092062C1092072C8CCE4FE050E0F4
:1024D000D5CEE091DA2BF091DB2BEE0FFF1FEC5104
:1024E000F042408151814093D42B5093D52BD8CECC
:1024F000E091DA2BF091DB2BEE0FFF1FEC53F04253
:10250000F0CFE091DA2BF091DB2BEE0FFF1FEC55B3
:10251000F042E7CF1092032C1092042CC1CE4FE072
:1025200050E00ACFE091CA2BF091CB2BEE0FFF1FAA
:10253000EC51F042408151814093C42B5093C52B04
:102540000DCFE091CA2BF091CB2BEE0FFF1FEC5378
:10255000F042F0CFE091CA2BF091CB2BEE0FFF1F92
:10256000EC55F042E7CF1092002C1092012CF6CEE1
:102570008FE090E03FCFE091BA2BF091BB2BEE0FB4
:10258000FF1FEC51F042808191818093B42B909396
:10259000B52B3ECDE091BA2BF091BB2BEE0FFF1F78
:1025A000EC53F042F0CF1092FD2B1092FE2B30CD69
:1025B0001092FB2B08954F925F926F927F928F92B1
:1025C0009F92AF92BF92CF92DF92EF92FF92CF9302
:1025D000DF9300D000D0CDB7DEB74B015C010E9485
:1025E000EB02C0901E29D0901F29E0902029F09086
:1025F000212940902229509023296090242970900D
:10260000252984149504A604B70408F462C0A30124
:102610009201245631094109510929833A834B8398
:102620005C83D701C60172E0B695A795979587950B
:102630007A95D1F7820F931FA41FB51F88159905AE
:10264000AA05BB0508F042C0D701C601B695A795FB
:1026500097958795820F931FA41FB51F881699061B
:10266000AA06BB0608F458C0A3E0B0E0A701960193
:102670000E948D4522E096958795779567952A95D6
:10268000D1F729813A814B815C81620F731F841FCE
:10269000951F86169706A806B90608F440C0C40C14
:1026A000D51CE61CF71C34E6C31AD108E108F10872
:1026B00083E090E08C149D04AE04BF04D8F084E065
:1026C00090E0C814D904EA04FB04A0F090E080E094
:1026D00011C0481859086A087B0881E090E044E678
:1026E000441651046104710410F490E080E0919567
:1026F000819591092496CDBFDEBFDF91CF91FF90E8
:10270000EF90DF90CF90BF90AF909F908F907F9091
:102710006F905F904F90089581E090E0EBCF82E062
:1027200090E0E8CF81E08093A92A0E94EB026093B9
:10273000A52A7093A62A8093A72A9093A82A089581
:1027400081E08093AE2A0E94EB026093AA2A7093E4
:10275000AB2A8093AC2A9093AD2A089581E08093B0
:10276000B32A0E94EB026093AF2A7093B02A809341
:10277000B12A9093B22A089581E08093B82A0E94EA
:10278000EB026093B42A7093B52A8093B62A909393
:10279000B72A089580912F2890913028009709F446
:1027A00050C062E370E04EEF5FEF8130910511F0B1
:1027B00050E040E02091CB283091CC28460F571FA5
:1027C0004217530708F440C010922F281092302867
:1027D0008091512B9091522B8130910509F434C195
:1027E00008F428C1029709F43AC180912C299091EC
:1027F0002D29009709F43CC160E470E04CEE5FEFD6
:102800008130910511F050E040E020916229309133
:102810006329460F571F4217530708F42CC1109223
:102820002C2910922D298091AA2B9091AB2B8130CD
:10283000910509F47DC308F46CC3029709F481C3C0
:1028400008956CE370E0B4CF81309105A9F068E79A
:1028500070E046EF5FEF8230910511F050E040E00C
:10286000460F571F4217530750F081E090E08093C6
:102870002F2890933028ACCF62E870E0EFCF823001
:10288000910589F06CE271E046EF5FEF83309105CE
:1028900011F050E040E0460F571F4217530730F049
:1028A00082E090E0E4CF66E371E0F3CF82309105FF
:1028B00011F16CE271E046EF5FEF8330910511F0AA
:1028C00050E040E0460F571F42175307D0F48330C3
:1028D0009105A1F068E072E046EF5FEF843091056A
:1028E00011F050E040E0460F571F4217530748F0E1
:1028F00083E090E0BCCF66E371E0E2CF62E172E09A
:10290000F0CF8330910511F168E072E046EF5FEFA0
:102910008430910511F050E040E0460F571F4217F8
:102920005307D0F484309105A1F068EA72E046EFD5
:102930005FEF8530910511F050E040E0460F571FE2
:102940004217530748F084E090E091CF62E172E0D3
:10295000E2CF62EB72E0F0CF8430910511F168EACA
:1029600072E046EF5FEF8530910511F050E040E0F6
:10297000460F571F42175307D0F485309105A1F039
:1029800060E773E046EF5FEF8630910511F050E0AD
:1029900040E0460F571F4217530748F085E090E08C
:1029A00066CF62EB72E0E2CF6AE773E0F0CF85308A
:1029B000910511F160E773E046EF5FEF8630910516
:1029C00011F050E040E0460F571F42175307D0F474
:1029D00086309105A1F068EE73E046EF5FEF873037
:1029E000910511F050E040E0460F571F4217530782
:1029F00048F086E090E03BCF6AE773E0E2CF62EF19
:102A000073E0F0CF8630910579F048EE53E00797F8
:102A100071F090E080E0840F951F8217930708F013
:102A2000D7CE87E090E023CF42EF53E0F2CF86EF9E
:102A30009FEFF1CF80912F289091302801968093BD
:102A4000362990933729D1CEE0912F28F091302864
:102A5000EE0FFF1FEC52F04280819181F0CFE091A8
:102A60002F28F0913028EE0FFF1FEC54F042F4CFE6
:102A700064E570E0C8CE81309105A9F060E870E0AF
:102A80004CEE5FEF8230910511F050E040E0460FD0
:102A9000571F4217530750F081E090E080932C2994
:102AA00090932D29C0CE64E970E0EFCF823091057C
:102AB00089F060EC70E04CEE5FEF8330910511F02F
:102AC00050E040E0460F571F4217530730F082E0B6
:102AD00090E0E4CF64ED70E0F3CF8230910511F126
:102AE00060EC70E04CEE5FEF8330910511F050E048
:102AF00040E0460F571F42175307D0F4833091052B
:102B0000A1F060E071E04CEE5FEF8430910511F0D0
:102B100050E040E0460F571F4217530748F083E04C
:102B200090E0BCCF64ED70E0E2CF64E171E0F0CF03
:102B30008330910511F160E071E04CEE5FEF84307D
:102B4000910511F050E040E0460F571F4217530720
:102B5000D0F484309105A1F060E471E04CEE5FEFB9
:102B60008530910511F050E040E0460F571F4217A5
:102B7000530748F084E090E091CF64E171E0E2CF48
:102B800064E571E0F0CF8430910511F160E471E00B
:102B90004CEE5FEF8530910511F050E040E0460FBC
:102BA000571F42175307D0F485309105A1F060E814
:102BB00071E04CEE5FEF8630910511F050E040E09F
:102BC000460F571F4217530748F085E090E066CF45
:102BD00064E571E0E2CF64E971E0F0CF8530910502
:102BE00011F160E871E04CEE5FEF8630910511F075
:102BF00050E040E0460F571F42175307D0F486308D
:102C00009105A1F060EC71E04CEE5FEF873091052B
:102C100011F050E040E0460F571F4217530748F0AD
:102C200086E090E03BCF64E971E0E2CF64ED71E0D3
:102C3000F0CF8630910511F160EC71E04CEE5FEF62
:102C40008730910511F050E040E0460F571F4217C2
:102C50005307D0F487309105A1F060E072E04CEEAC
:102C60005FEF8830910511F050E040E0460F571FAC
:102C70004217530748F087E090E010CF64ED71E011
:102C8000E2CF64E172E0F0CF8730910511F160E0AE
:102C900072E04CEE5FEF8830910511F050E040E0BB
:102CA000460F571F42175307D0F488309105A1F003
:102CB00060E472E04CEE5FEF8930910511F050E076
:102CC00040E0460F571F4217530748F088E090E056
:102CD000E5CE64E172E0E2CF64E572E0F0CF8830E7
:102CE000910511F160E472E04CEE5FEF89309105DF
:102CF00011F050E040E0460F571F42175307D0F441
:102D000089309105A1F060E872E04CEE5FEF8A3007
:102D1000910511F050E040E0460F571F421753074E
:102D200048F089E090E0BACE64E572E0E2CF64E971
:102D300072E0F0CF8930910511F160E872E04CEE5D
:102D40005FEF8A30910511F050E040E0460F571FC9
:102D500042175307D0F48A309105A1F060EC72E07D
:102D60004CEE5FEF8B30910511F050E040E0460FE4
:102D7000571F4217530748F08AE090E08FCE64E96E
:102D800072E0E2CF64ED72E0F0CF8A30910511F18C
:102D900060EC72E04CEE5FEF8B30910511F050E08B
:102DA00040E0460F571F42175307D0F48B30910570
:102DB000A1F060E073E04CEE5FEF8C30910511F014
:102DC00050E040E0460F571F4217530748F08BE092
:102DD00090E064CE64ED72E0E2CF64E173E0F0CFA6
:102DE0008B30910511F160E073E04CEE5FEF8C30B9
:102DF000910511F050E040E0460F571F421753076E
:102E0000D0F48C309105A1F060E473E04CEE5FEFFC
:102E10008D30910511F050E040E0460F571F4217EA
:102E2000530748F08CE090E039CE64E173E0E2CFE4
:102E300064E573E0F0CF8C30910511F160E473E04C
:102E40004CEE5FEF8D30910511F050E040E0460F01
:102E5000571F42175307D0F48D309105A1F060E859
:102E600073E04CEE5FEF8E30910511F050E040E0E2
:102E7000460F571F4217530748F08DE090E00ECEE3
:102E800064E573E0E2CF64E973E0F0CF8D30910543
:102E900011F160E873E04CEE5FEF8E30910511F0B8
:102EA00050E040E0460F571F42175307D0F48E30D2
:102EB0009105A1F060EC73E04CEE5FEF8F3091056F
:102EC00011F050E040E0460F571F4217530748F0FB
:102ED0008EE090E0E3CD64E973E0E2CF64ED73E06F
:102EE000F0CF8E30910579F040EC53E00F9771F000
:102EF00090E080E0840F951F8217930708F093CC31
:102F00008FE090E0CBCD44ED53E0F2CF8CEE9FEF1D
:102F1000F1CFE0912C29F0912D29EE0FFF1FEC51FC
:102F2000F0428081918180933029909331290895D6
:102F3000E0912C29F0912D29EE0FFF1FEC53F04268
:102F4000F0CFE0912C29F0912D29EE0FFF1FEC55C9
:102F5000F042E7CFCF93DF93C091D128D091D22810
:102F60002197C093D128D093D228C0FF07C070E02A
:102F700060E08DE00E94B80181E019C061E070E07E
:102F80008DE00E94B801CD2BB9F71092172C8091DB
:102F9000602990916129019769F48091092C9091A1
:102FA0000A2C892B39F081E08093162C80E0DF9188
:102FB000CF9108951092162CF9CFDC01ED91FC9180
:102FC0000088F189E02D23E030E00994CF93DF936E
:102FD000FC0101900020E9F73197AF01481B590B24
:102FE000BC018CEE9CE20E94AA03EC0142E050E09E
:102FF0006EEC70EE8CEE9CE20E94AA038C0F9D1F7B
:10300000DF91CF91089580916B2890916C28209149
:10301000692830916A2882179307E9F08830910572
:10302000D0F4FC01EA5EF74E0C94A0471E1821185C
:10303000251828183018321834183618089AAD9800
:1030400002C00898AD9A4E9806C00898AD9802C084
:103050000898AD9A4E9A8093692890936A280895AB
:10306000089AF7CF089AF2CF089AECCF0898E7CFE2
:10307000CF92DF92EF92FF929C01ACE2B1E00E940E
:10308000C2456B017C010E949E03A7019601245456
:103090003D4F4F4F5F4F0E94A0456C157D058E053B
:1030A0009F0588F42CE231E040E050E00E94A0450A
:1030B000663971058105910530F44C9AFF90EF90C7
:1030C000DF90CF9008954C98F9CF8830910598F40F
:1030D000FC01E359F74E0C94A047751878187C183A
:1030E0007F188318851887188918089AAD9802C028
:1030F0000898AD9A4E9808950898AD9802C008981F
:10310000AD9A4E9A0895089AFBCF089AF6CF089A7E
:10311000F0CF0898EBCF0F931F93CF93DF9380915D
:103120005B2B8823E9F0E091592BF0915A2BEE0F9D
:10313000FF1FE05FF74D8081918180936B28909312
:103140006C280E9403188091592B90915A2B01965C
:103150000E94381881E0DF91CF911F910F9108955F
:1031600080915F2B811106C08091192C882309F46E
:1031700066C07AC08091602B9091612B20915E2B6C
:10318000222309F45EC08730910509F04FC0809179
:103190001828909119288230910508F450C00E9497
:1031A0003818C0910A28D0910B2880915E2B882373
:1031B00009F4BBC00E949E03009126281091272885
:1031C0002091282830912928AB01BC01401B510BCC
:1031D000620B730B8091DC289091DD280CEB12E0E0
:1031E00020E030E0009721F002EC11E020E030E038
:1031F000041715072607370788F401968370992767
:103200008093DC289093DD280E949E0360932628FB
:10321000709327288093282890932928209749F194
:103220002197C0930A28D0930B2894CF059739F49F
:1032300080910B2C90910C2C009709F0B0CF4C98FA
:10324000B0CF079799F480914F2B8823C1F30E9448
:103250009E0320E931E040E050E00E94A045683C38
:1032600071058105910558F74C9A9BCF80914B2BA6
:103270007DCF80916B2890916C28E091DC28F091B3
:10328000DD2871E02091182830911928223031056D
:1032900008F470E061E020914D2B30914E2B232BF0
:1032A00009F460E051E020910B2C30910C2C232B81
:1032B00009F450E0A0910D2C29E030E0EE0FFF1F43
:1032C000E65EF74D0196877099270097E9F0853003
:1032D000910529F18630910521F18730910519F189
:1032E000EC012197249798F4C081D181C817D907A0
:1032F00071F480936B2890936C2823E030E0209346
:103300000A2830930B2852C04A2F4111F2CF215086
:103310003109C1F680936B2890936C28F0CF452F2C
:10332000F4CF462FF2CF472FF0CF4091192C2097A2
:1033300009F03FC080916B2890916C2801968770AE
:10334000992780936B2890936C2820915F2B2111F3
:1033500014C0411112C021E130E0FC01E050F84DF1
:103360005081511106C0019687709927215031096B
:10337000A1F780936B2890936C2881E080932E288E
:103380004423F9F080915F2B81111BC080913E296D
:1033900090913F292091322930913329820F931F38
:1033A0008770992780936B2890936C280E9403184C
:1033B000D1CE2197C0930A28D0930B2810922E28A3
:1033C000DFCF8091FB2B882309F491C08091502B93
:1033D000811105C08091F82B9091F92BE3CF80915A
:1033E0002E28882319F380912C2890912D2801965E
:1033F00065E070E00E947847AC01E091092CF09103
:103400000A2CA091062CB091072CC091032CD091CE
:10341000042C0091002C1091012C6091FD2B7091D7
:10342000FE2B20910A2890910B284115510559F443
:10343000309761F020930A2890930B2810922C2843
:1034400010922D28C7CF4130510589F4109791F083
:1034500020930A2890930B2881E090E080932C28F9
:1034600090932D288091F62B9091F72B9BCF423093
:10347000510589F4209791F020930A2890930B2806
:1034800082E090E080932C2890932D288091F42B5B
:103490009091F52B87CF4330510591F4011511051B
:1034A00079F020930A2890930B2883E090E0809392
:1034B0002C2890932D288091F22B9091F32B72CF92
:1034C000322F892F21E090E06115710509F4B0CF0A
:1034D00030930A2880930B2884E090E080932C2876
:1034E00090932D288091F02B9091F12B5BCF8091C0
:1034F0002E28882309F45ACFE0916B28F0916C288C
:1035000080915F2B811123C08091F82B9091F92B32
:103510008E179F07A9F420912A2830912B2828176D
:10352000390758F02AE030E020930A2830930B281E
:1035300080932A2890932B2839CF21E030E0F4CFD4
:1035400081E090E080930A2890930B282FCF409140
:10355000502B2091512B3091522B8091AA2B90917E
:10356000AB2B5091532BE830F105E8F7E654F54EBC
:103570000C94A047C21ACB1AD51ADF1AE81AEE1A11
:10358000F41AFA1A552339F010926B2810926C280D
:1035900082E090E0D7CF8230910539F421E030E02D
:1035A00020936B2830936C28CDCF8130910539F46E
:1035B00082E090E080936B2890936C28C3CF0097B3
:1035C00039F483E090E080936B2890936C28E0CFEF
:1035D0002115310519F484E090E0F5CF2130310553
:1035E00019F485E090E0EFCF2230310519F486E040
:1035F00090E090CE442331F287E090E0E4CFCF9387
:10360000DF938091C7289091C828009729F00197EF
:103610008093C7289093C8288091502B882361F10C
:103620008091C5289091C628009729F00197809332
:10363000C5289093C6288091C3289091C4280097EC
:1036400029F001978093C3289093C4288091C128C2
:103650009091C228009729F001978093C1289093F8
:10366000C2288091BF289091C028009729F0019727
:103670008093BF289093C0280E94FA442091C728C5
:103680003091C8284AE5429FE001439FD00D1124A4
:1036900028EE33E040E050E00E946E45DC01CB01B3
:1036A0008C0F9D1FA11DB11D893E23E09207A1052E
:1036B000B10524F088EE93E0A0E0B0E08093BD284F
:1036C0009093BE282091502B222309F43BC10E94E5
:1036D000FA442091C5283091C6284AE5429FE0016E
:1036E000439FD00D112428EE33E040E050E00E94CB
:1036F0006E45DC01CB018C0F9D1FA11DB11D893EC4
:1037000023E09207A105B10524F088EE93E0A0E044
:10371000B0E08093BB289093BC280E94FA4420918B
:10372000C3283091C4284AE5429FE001439FD00D51
:10373000112428EE33E040E050E00E946E45DC01A9
:10374000CB018C0F9D1FA11DB11D893E23E0920767
:10375000A105B10524F088EE93E0A0E0B0E08093ED
:10376000B9289093BA280E94FA442091C128309138
:10377000C2284AE5429FE001439FD00D112428EE64
:1037800033E040E050E00E946E45DC01CB018C0F3D
:103790009D1FA11DB11D893E23E09207A105B10522
:1037A00024F088EE93E0A0E0B0E08093B7289093F7
:1037B000B8280E94FA442091BF283091C0284AE5D9
:1037C000429FE001439FD00D112428EE33E040E0FA
:1037D00050E00E946E45DC01CB018C0F9D1FA11DA6
:1037E000B11D893E23E09207A105B10524F088EEC2
:1037F00093E0A0E0B0E08093B5289093B628809144
:10380000092C90910A2C8130910569F421E02093D4
:10381000412B209160293091612921503109209359
:10382000C7283093C8282091502B222309F450C078
:103830002091062C3091072C2130310569F421E0CC
:103840002093422B20915E2930915F29215031092C
:103850002093C5283093C6282091032C3091042C46
:103860002130310569F421E02093432B20915C291C
:1038700030915D29215031092093C3283093C42809
:103880002091002C3091012C2130310569F421E088
:103890002093442B20915A2930915B2921503109E2
:1038A0002093C1283093C2282091FD2B3091FE2B0C
:1038B0002130310569F421E02093452B20915829CE
:1038C00030915929215031092093BF283093C028C5
:1038D0002091192C211133C0009729F00197809372
:1038E000092C90930A2C8091062C9091072C00971C
:1038F00029F001978093062C9093072C8091032C3C
:103900009091042C009729F001978093032C9093B9
:10391000042C8091002C9091012C009729F00197A4
:103920008093002C9093012C8091FD2B9091FE2B85
:10393000009729F001978093FD2B9093FE2BDF9148
:10394000CF9108958093B5289093B6288093B72897
:103950009093B8288093B9289093BA288093BB2875
:103960009093BC284CCF2F923F924F925F926F92D0
:103970007F928F929F92AF92BF92CF92DF92EF92FF
:10398000FF920F931F93CF93DF936B017C012A016A
:103990000E94FA4420E130E040E050E00E946E4591
:1039A0002091AA2B3091AB2B660F771F2230310567
:1039B00009F06AC06C557042FB01C081D18120E0E2
:1039C00030E0A901C230D10508F449C010E000E0A0
:1039D000712C612C812C94E0992EA12CB12C0E9489
:1039E000FA441801FFEF2F1A3F0AA50194010E9423
:1039F0006E4564157505860597050CF04EC081016E
:103A00000830110561F70E94FA444E01B12CA12C37
:103A10002FEF221A320A910150E040E00E946E45D9
:103A20009B01AC0144275527C501BE010E94684790
:103A3000AB01BC0183E076956795579547958A95CC
:103A4000D1F7DE0111974A175B0708F4DA01A701E5
:103A500096010E948D45A50194010E94A045CA01CE
:103A6000B901DF91CF911F910F91FF90EF90DF90FF
:103A7000CF90BF90AF909F908F907F906F905F900E
:103A80004F903F902F9008952130310519F46C53D9
:103A9000704292CF6C5170428FCF1801B4CF2F92E9
:103AA0003F924F925F926F927F928F929F92AF92CE
:103AB000BF92CF92DF92EF92FF920F931F93CF931B
:103AC000DF9300D000D0CDB7DEB76B017C01298336
:103AD0003A83413022E0520788F5519541955109CA
:103AE000440F551F5C5FB6010E94B31C6115710540
:103AF0008105910509F45FC0E981FA8160837183D2
:103B00008283938321E030E02B833C838B819C81F3
:103B10002496CDBFDEBFDF91CF911F910F91FF9013
:103B2000EF90DF90CF90BF90AF909F908F907F905D
:103B30006F905F904F903F902F90089552581A01C8
:103B4000220C331C03E010E01B821C824101B12CCB
:103B5000A12C412C44E0542E612C712CA101C701F1
:103B6000B6010E94B31C611571058105910599F09C
:103B7000EB81FC81EE0FFF1FEE0FFF1F29813A81C1
:103B8000E20FF31F60837183828393838B819C8117
:103B900001968B839C830E94FA44A30192010E94A8
:103BA0006E45681579058A059B050CF0AFCF01506D
:103BB0001109A1F6ABCF1B821C82A8CF4F925F9256
:103BC0006F927F928F929F92AF92BF92CF92DF922D
:103BD000EF92FF920E94EB024B015C018091092C55
:103BE00090910A2C892BE9F08091F82B9091F92B78
:103BF0000197B9F48091EC2B9091ED2BA091EE2BD5
:103C0000B091EF2BB501A401481B590B6A0B7B0B3C
:103C100081E0403157426105710508F080E08093F2
:103C2000182C8091062C9091072C892B09F45BC0ED
:103C30008091F62B9091F72B019709F054C0809159
:103C4000EA2B9091EB2B089708F483C181E090E078
:103C50000E94690D2091E42B3091E52B50E040E06B
:103C60000E94A045211531054105510509F46EC199
:103C700069017A01F694E794D794C79488EEC81640
:103C800083E0D806E104F10430F4A8EECA2EA3E0E4
:103C9000DA2EE12CF12C8091E02B9091E12BA09178
:103CA000E22BB091E32B24013501481A590A6A0A24
:103CB0007B0AC301B2010E94A04521E1C21627E29E
:103CC000D206E104F10430F0F0E1CF2EF7E2DF2E6E
:103CD000E12CF12C21E06C157D058E059F0508F087
:103CE00020E02093152C8091032C9091042C892B9B
:103CF00009F45BC08091F42B9091F52B019709F0AA
:103D000054C08091DA2B9091DB2B089708F457C1AF
:103D100082E090E00E94690D2091D42B3091D52B48
:103D200050E040E00E94A0452115310541055105B4
:103D300009F442C169017A01F694E794D794C794D3
:103D400088EEC81683E0D806E104F10430F468EE8A
:103D5000C62E63E0D62EE12CF12C8091D02B9091D1
:103D6000D12BA091D22BB091D32B24013501481A2D
:103D7000590A6A0A7B0AC301B2010E94A04521E1E7
:103D8000C21627E2D206E104F10430F050E1C52E5C
:103D900057E2D52EE12CF12C21E06C157D058E0526
:103DA0009F0508F020E02093132C8091002C909127
:103DB000012C892B09F45BC08091F22B9091F32B9D
:103DC000019709F054C08091CA2B9091CB2B089792
:103DD00008F42BC183E090E00E94690D2091C42B70
:103DE0003091C52B50E040E00E94A04521153105DF
:103DF0004105510509F416C169017A01F694E79469
:103E0000D794C79488EEC81683E0D806E104F1047D
:103E100030F4A8EECA2EA3E0DA2EE12CF12C80912A
:103E2000C02B9091C12BA091C22BB091C32B240128
:103E30003501481A590A6A0A7B0AC301B2010E9475
:103E4000A04521E1C21627E2D206E104F10430F0D8
:103E5000F0E1CF2EF7E2DF2EE12CF12C21E06C1502
:103E60007D058E059F0508F020E02093112C8091A0
:103E7000FD2B9091FE2B892B09F45BC08091F02BD8
:103E80009091F12B019709F054C08091BA2B909139
:103E9000BB2B089708F4FFC084E090E00E94690DF6
:103EA0002091B42B3091B52B50E040E00E94A0450A
:103EB000211531054105510509F4EAC069017A016E
:103EC000F694E794D794C79488EEC81683E0D80692
:103ED000E104F10430F468EEC62E63E0D62EE12C46
:103EE000F12C8091B02B9091B12BA091B22BB0917D
:103EF000B32B24013501481A590A6A0A7B0AC30107
:103F0000B2010E94A04521E1C21627E2D206E104D7
:103F1000F10430F050E1C52E57E2D52EE12CF12C02
:103F200021E06C157D058E059F0508F020E02093AB
:103F30000F2CFF90EF90DF90CF90BF90AF909F90AD
:103F40008F907F906F905F904F9008951092152CF6
:103F5000CACE8091DF2B882321F1E090A02BF09036
:103F6000A12B0E94FA4420E032E02E193F0969019A
:103F7000CC0CDD1C36FF02C0D12CC12C0D2C000C4A
:103F8000EE08FF0828EE33E040E050E00E946E4566
:103F900021E06C157D058E059F050CF020E0209337
:103FA00084288091052C882321F08091842891E039
:103FB00089278093152C97CE1092132CF6CE8091E2
:103FC000CF2B882321F1E090902BF090912B0E9431
:103FD000FA4420E032E02E193F096901CC0CDD1CC7
:103FE00036FF02C0D12CC12C0D2C000CEE08FF08AE
:103FF00028EE33E040E050E00E946E4521E06C1571
:104000007D058E059F050CF020E02093832880918C
:10401000022C882321F08091832891E089278093C6
:10402000132CC3CE1092112C22CF8091BF2B88234A
:1040300021F1E090802BF090812B0E94FA4420E047
:1040400032E02E193F096901CC0CDD1C36FF02C09D
:10405000D12CC12C0D2C000CEE08FF0828EE33E00B
:1040600040E050E00E946E4521E06C157D058E0514
:104070009F050CF020E0209382288091FF2B88235D
:1040800021F08091822891E089278093112CEFCE36
:1040900010920F2C4ECF8091AF2B882321F1E0900E
:1040A000702BF090712B0E94FA4420E032E02E1920
:1040B0003F096901CC0CDD1C36FF02C0D12CC12C9C
:1040C0000D2C000CEE08FF0828EE33E040E050E035
:1040D0000E946E4521E06C157D058E059F050CF054
:1040E00020E0209381288091FC2B882321F080916F
:1040F000812891E0892780930F2C1BCF8F929F926C
:10410000AF92BF92CF92DF92EF92FF920E94EB02AA
:104110006B017C018091092C90910A2C892BE9F08C
:104120008091F82B9091F92B892BB9F48091EC2B8D
:104130009091ED2BA091EE2BB091EF2BB701A60142
:10414000481B590B6A0B7B0B81E0403157426105DC
:10415000710508F080E08093182C8091062C9091D6
:10416000072C892B21F18091F62B9091F72B892B2D
:10417000F1F48091DF2B882381F02091A02B3091E6
:10418000A12B20937F28309380282091EA2B309117
:10419000EB2B20937D2830937E2820917F2830912F
:1041A00080282431310508F089C01092152C8091A7
:1041B000032C9091042C892B21F18091F42B909168
:1041C000F52B892BF1F48091CF2B882381F020915E
:1041D000902B3091912B20937A2830937B2820913B
:1041E000DA2B3091DB2B209378283093792820919B
:1041F0007A2830917B282431310508F0C1C0109213
:10420000132C8091002C9091012C892B21F180910D
:10421000F22B9091F32B892BF1F48091BF2B882303
:1042200081F02091802B3091812B20937528309341
:1042300076282091CA2B3091CB2B20937328309372
:10424000742820917528309176282431310508F0A2
:10425000F9C01092112C8091FD2B9091FE2B892B8F
:1042600021F18091F02B9091F12B892BF1F4809129
:10427000AF2B882381F02091702B3091712B2093EC
:104280007028309371282091BA2B3091BB2B20934A
:104290006E2830936F282091702830917128243136
:1042A000310508F031C110920F2CFF90EF90DF9094
:1042B000CF90BF90AF909F908F90089540917D28B0
:1042C00050917E284830510508F58823B9F00E94A6
:1042D000FA4480907F2890908028B12CA12C22EC69
:1042E00031E040E050E00E946E4521E0681579051C
:1042F0008A059B050CF020E020937C288091052CFA
:10430000811180917C288093152C51CFE091052C50
:104310004830510519F4E093152C49CFE111FBCF3A
:104320008091502990915129A0915229B0915329FF
:1043300046015701881A990AAA0ABB0A80915E2988
:1043400090915F2901963250829FA001839F500D6A
:10435000929F500D1124A52FA69520911E293091D2
:104360001F294091202950912129B0E00E948D45BC
:10437000E1E086169706A806B90668F2E0E0CBCF22
:1043800040917828509179284830510508F58823C4
:10439000B9F00E94FA4480907A2890907B28B12C42
:1043A000A12C22EC31E040E050E00E946E4521E07B
:1043B000681579058A059B050CF020E02093772885
:1043C0008091022C8111809177288093132C19CF32
:1043D000E091022C4830510519F4E093132C11CFD1
:1043E000E111FBCF80914C2990914D29A0914E294C
:1043F000B0914F2946015701881A990AAA0ABB0AA7
:1044000080915C2990915D2901963250829FA00194
:10441000839F500D929F500D1124A52FA69520919A
:104420001E2930911F294091202950912129B0E067
:104430000E948D45E1E086169706A806B90668F247
:10444000E0E0CBCF4091732850917428483051055B
:1044500008F58823B9F00E94FA448090752890905E
:104460007628B12CA12C22EC31E040E050E00E94F3
:104470006E4521E0681579058A059B050CF020E062
:10448000209372288091FF2B811180917228809354
:10449000112CE1CEE091FF2B4830510519F4E09347
:1044A000112CD9CEE111FBCF809148299091492957
:1044B000A0914A29B0914B2946015701881A990ABF
:1044C000AA0ABB0A80915A2990915B290196325021
:1044D000829FA001839F500D929F500D1124A52F04
:1044E000A69520911E2930911F2940912029509195
:1044F0002129B0E00E948D45E1E086169706A806C6
:10450000B90668F2E0E0CBCF40916E2850916F2859
:104510004830510508F58823B9F00E94FA44C0904C
:104520007028D0907128F12CE12C22EC31E040E091
:1045300050E00E946E4521E06C157D058E059F05BB
:104540000CF020E020936D288091FC2B811180914C
:104550006D2880930F2CA9CEE091FC2B483051059B
:1045600019F4E0930F2CA1CEE111FBCF80914429E7
:1045700090914529A0914629B0914729C81AD90A96
:10458000EA0AFB0A809158299091592901963250E4
:10459000829FA001839F500D929F500D1124A52F43
:1045A000A69520911E2930911F29409120295091D4
:1045B0002129B0E00E948D45E1E0C616D706E80645
:1045C000F90678F2E0E0CDCF0C945A454F925F9215
:1045D0006F927F928F929F92AF92BF92CF92DF9213
:1045E000EF92FF920F931F93CF93DF934091602B35
:1045F0005091612B6091CF287091D028E4E5FFECB9
:1046000030E020E01CEE81919191F22E032FD90130
:1046100011974A175B0709F053C1A4E1B0E08A0F74
:104620009B1FACEEBFEF2417350711F0B0E0A0E000
:104630002F5F3F4F8A0F9B1F8617970708F043C1D4
:10464000C080D180C9010197C4E1D0E04817590763
:1046500011F0D0E0C0E01203D001139FB00D11247F
:1046600081E090E0A417B50711F090E080E08C0D98
:104670009D1D8C0F9D1F8617970708F424C1F0928B
:10468000602B0093612B8091552B882309F43EC049
:1046900080915F2B81113AC08091542B811136C0DB
:1046A0008091192C811132C0E091602BF091612B27
:1046B000E050F84D808191E089278083A0E0B8E246
:1046C00028E038E2FD0190E080E04191840F911DE7
:1046D0002E173F07D1F7892B41F4E0916228F09122
:1046E0006328E050F84D81E0808327E030E060E00F
:1046F0008D91022E01C0880F0A94EAF7680F2150AD
:104700003109B0F782E090E00E94E422E1E3F8E2B0
:1047100081E698E2DF011D921C92119712961D927C
:104720001C92139714961D921C92159716968A1731
:104730009B0789F7C0E0D8E230E020E090E080E01D
:1047400046E05991552369F0429FD001439FB00D37
:104750001124AF5CB74D14968D939C9315972F5FE2
:104760003F4F01968830910561F7209308283093D8
:104770000928B90161507109C1E3D8E250E040E075
:1047800000E014E04217530709F0A2C040906228ED
:1047900050906328C091CF28D091D02830E020E0FD
:1047A0007CEE2417350709F46AC080819181B0E05E
:1047B000A0E089010150110964E1C62ED12CE12C41
:1047C000F12C4016510619F0C12CD12C76018C0D1C
:1047D0009D1DAE1DBF1D0CEEC02EDD24DA94ED2C08
:1047E000FD2C4216530619F0C12CD12C76018C0DEC
:1047F0009D1DAE1DBF1D14E1C12ED12CE12CF12C4D
:104800004216530619F0C12CD12C760139011FEF45
:10481000611A710AB7FF03C080E090E0DC01C8179D
:10482000D90708F495C082819381C80ED91EE11C76
:10483000F11C83017003C001719F900D1124812C24
:10484000912C540183948415950519F0812C912C99
:104850005401C80CD91CEA1CFB1CCC15DD0508F062
:1048600077C086E0829FF001839FF00D1124EF5CFA
:10487000F74D84819581809362289093632880917D
:104880006228909163282091FB2B211108C0209170
:104890005F2B211104C08093F82B9093F92BDF91AB
:1048A000CF911F910F91FF90EF90DF90CF90BF902D
:1048B000AF909F908F907F906F905F904F900895F2
:1048C000B0E0A0E0ACCE2830310509F09CCEDBCEC4
:1048D0004115510569F4109231281092322846177B
:1048E0005707F9F40A831B834F5F5F4F26964ACF21
:1048F000DE0112978D919C91AC81BD818A0F9B1F27
:104900009F778F30910550F4880F991FDC01AA59C9
:10491000B0438D919C9188839983E1CF90E080E0B2
:10492000FACF8A859B85AC81BD818A0F9B1F9F77BB
:104930008F30910550F4880F991FDC01AA59B043BC
:104940008D919C918A839B83CFCF90E080E0FACFBA
:104950003696930126CFCF92DF92EF92FF920E947C
:10496000EB02AB01BC018091462B882309F4A6C160
:1049700080914F2B882309F440C08091C9289091E1
:10498000CA2880936229909363298093702B909317
:10499000712B8093802B9093812B8093902B9093FD
:1049A000912B8093A02B9093A12B80912C299091F7
:1049B0002D298093BA2B9093BB2B8093CA2B909375
:1049C000CB2B8093DA2B9093DB2B8093EA2B909365
:1049D000EB2B80913029909131298093B42B9093C7
:1049E000B52B8093C42B9093C52B8093D42B90939D
:1049F000D52B8093E42B9093E52B809136299091D1
:104A000037298093092C90930A2C809360299093E6
:104A100061298091FA2B882309F456C34093EC2B2B
:104A20005093ED2B6093EE2B7093EF2B8091502BD6
:104A3000811149C12091F82B3091F92B8091682880
:104A400081117AC01092A1281092A2281092A32856
:104A50001092A4281092A5281092A6281092A72898
:104A60001092A8288FEF9FEF809385289093862837
:104A700080938C2890938D288093932890939428EA
:104A800080939A2890939B281092872810928828C8
:104A90001092892810928A2810928E2810928F28BE
:104AA0001092902810929128109295281092962892
:104AB000109297281092982810929C2810929D2866
:104AC00010929E2810929F281092AD2B1092AE2B20
:104AD0001092BD2B1092BE2B1092CD2B1092CE2B8C
:104AE0001092DD2B1092DE2B1092622B1092632B12
:104AF0001092722B1092732B1092822B1092832B98
:104B00001092922B1092932B8091052C811102C050
:104B10001092142C8091022C811102C01092122C40
:104B20008091FF2B811102C01092102C8091FC2BE0
:104B3000811102C010920E2C232B09F05CC00E9440
:104B4000FA44C0906229D0906329F12CE12C22EC28
:104B500031E040E050E00E946E4521E06C157D059B
:104B60008E059F050CF020E020937C280E94FA44DB
:104B7000C0906229D0906329F12CE12C22EC31E025
:104B800040E050E00E946E4521E06C157D058E05E9
:104B90009F050CF020E0209377280E94FA44C090F3
:104BA0006229D0906329F12CE12C22EC31E040E025
:104BB00050E00E946E4521E06C157D058E059F0535
:104BC0000CF020E0209372280E94FA44C0906229E1
:104BD000D0906329F12CE12C22EC31E040E050E050
:104BE0000E946E4521E06C157D058E059F050CF039
:104BF00020E020936D2810928B281092922810921A
:104C000099281092A0288091F82B9091F92B83304D
:104C10009105E1F42091052C222319F021E0209345
:104C2000A0282091022C222319F021E0209399281A
:104C30002091FF2B222319F021E02093922820912C
:104C4000FC2B222319F021E020938B288093F02B5A
:104C50009093F12B8093F22B9093F32B8093F42B72
:104C60009093F52B8093F62B9093F72B8091092C42
:104C700090910A2C8093FD2B9093FE2B8093002C17
:104C80009093012C8093032C9093042C8093062CFA
:104C90009093072C809160299091612980935829E5
:104CA0009093592980935A2990935B2980935C298A
:104CB00090935D2980935E2990935F298091502B7A
:104CC000882309F4FCC18091472B882309F47AC01A
:104CD0000E94E6228093F62B9093F72B20914F2B86
:104CE0002223C1F02091C9283091CA282093A02BFB
:104CF0003093A12B20912C2930912D292093EA2B40
:104D00003093EB2B20913029309131292093E42BE3
:104D10003093E52B20913629309137292093062CAA
:104D20003093072C20935E2930935F29892BB9F4A7
:104D30000E94FA44C0906229D0906329F12CE12CA2
:104D400022EC31E040E050E00E946E4521E06C151D
:104D50007D058E059F050CF020E020937C28809136
:104D6000F62B9091F72B039709F0BFC18091052C8A
:104D7000882309F4BAC181E08093A0288091672834
:104D8000811120C01092A7281092A8288FEF9FEFC2
:104D900080939A2890939B2810929C2810929D288B
:104DA00010929E2810929F281092DD2B1092DE2BDD
:104DB0001092922B1092932B8091052C811102C09E
:104DC0001092142C8091482B882309F47AC00E94F9
:104DD000E6228093F42B9093F52B20914F2B2223E6
:104DE000C1F02091C9283091CA282093902B30938C
:104DF000912B20912C2930912D292093DA2B30935F
:104E0000DB2B20913029309131292093D42B309302
:104E1000D52B20913629309137292093032C3093BC
:104E2000042C20935C2930935D29892BB9F40E94CE
:104E3000FA44C0906229D0906329F12CE12C22EC35
:104E400031E040E050E00E946E4521E06C157D05A8
:104E50008E059F050CF020E0209377288091F42B9D
:104E60009091F52B039709F043C18091022C882380
:104E700009F43EC181E080939928809166288111D0
:104E800020C01092A5281092A6288FEF9FEF809344
:104E90009328909394281092952810929628109217
:104EA0009728109298281092CD2B1092CE2B10920A
:104EB000822B1092832B8091022C811102C01092C0
:104EC000122C8091492B882309F47AC00E94E62293
:104ED0008093F22B9093F32B20914F2B2223C1F040
:104EE0002091C9283091CA282093802B3093812BA0
:104EF00020912C2930912D292093CA2B3093CB2B34
:104F000020913029309131292093C42B3093C52B27
:104F100020913629309137292093002C3093012C91
:104F200020935A2930935B29892BB9F40E94FA44C3
:104F3000C0906229D0906329F12CE12C22EC31E061
:104F400040E050E00E946E4521E06C157D058E0525
:104F50009F050CF020E0209372288091F22B909115
:104F6000F32B039709F0C7C08091FF2B882309F426
:104F7000C2C081E08093922880916528811120C071
:104F80001092A3281092A4288FEF9FEF80938C2873
:104F900090938D2810928E2810928F28109290282E
:104FA000109291281092BD2B1092BE2B1092722B52
:104FB0001092732B8091FF2B811102C01092102C44
:104FC00080914A2B882309F47AC00E94E6228093BC
:104FD000F02B9093F12B20914F2B2223C1F02091A5
:104FE000C9283091CA282093702B3093712B2091BF
:104FF0002C2930912D292093BA2B3093BB2B209153
:105000003029309131292093B42B3093B52B209146
:105010003629309137292093FD2B3093FE2B209396
:10502000582930935929892BB9F40E94FA44C09029
:105030006229D0906329F12CE12C22EC31E040E090
:1050400050E00E946E4521E06C157D058E059F05A0
:105050000CF020E020936D288091F02B9091F12BA3
:10506000039709F04BC08091FC2B882309F446C0BC
:1050700081E080938B2880916428811120C0109258
:10508000A1281092A2288FEF9FEF809385289093FC
:1050900086281092872810928828109289281092CA
:1050A0008A281092AD2B1092AE2B1092622B109288
:1050B000632B8091FC2B811102C010920E2CFF906B
:1050C000EF90DF90CF90089580912229909123292D
:1050D000A0912429B09125298093EC2B9093ED2B5E
:1050E000A093EE2BB093EF2BA1CC1092A02846CE2C
:1050F00010929928C2CE109292283ECF10928B28FF
:10510000BACF8091552B882309F455C08091FB2B91
:10511000882309F450C08091092C90910A2C892B86
:1051200029F080915D2B81110E94F80D80916029FA
:105130009091612901978093C7289093C828109275
:10514000092C10920A2C8091502B8823A1F1809178
:105150005E2990915F2901978093C5289093C62876
:105160001092062C1092072C80915C2990915D2959
:1051700001978093C3289093C4281092032C109217
:10518000042C80915A2990915B2901978093C12822
:105190009093C2281092002C1092012C80915829D3
:1051A0009091592901978093BF289093C02810921D
:1051B000FD2B1092FE2B9091FA2B9923D9F0209180
:1051C000092C30910A2C232BA9F42091CD28309161
:1051D000CE284091BD285091BE284217530750F465
:1051E0002031310538F080915F2B811103C081E0BF
:1051F0008093462B8091502B882309F46FC099230C
:1052000009F46CC02091062C3091072C232BA9F4B3
:105210002091CD283091CE284091BB285091BC28B8
:105220004217530750F42031310538F090915F2B2D
:10523000911103C091E09093472B2091032C309162
:10524000042C232BA9F42091CD283091CE28409115
:10525000B9285091BA284217530750F4203131052C
:1052600038F090915F2B911103C091E09093482BFF
:105270002091002C3091012C232BA9F42091CD28D2
:105280003091CE284091B7285091B8284217530743
:1052900050F42031310538F090915F2B911103C00B
:1052A00091E09093492B2091FD2B3091FE2B232BE5
:1052B000A9F42091CD283091CE284091B528509165
:1052C000B6284217530750F42031310538F0909139
:1052D0005F2B911103C091E090934A2B9091462B44
:1052E000992309F46CC09091412B992309F467C06C
:1052F00091E09093682881115BC080916029909122
:105300006129029708F0AFC080916828882361F076
:105310009091502B911108C0209162283091632800
:105320002093F82B3093F92B2091092C30910A2CE3
:10533000232BC9F42091062C3091072C232B99F4B0
:105340002091032C3091042C232B69F42091002C04
:105350003091012C232B39F42091FD2B3091FE2B21
:10536000232B09F48CC091E09093FB2B811111C089
:105370008091672881110DC080916628811109C034
:1053800080916528811105C080916428882309F4E3
:1053900079C081E08093612880916128882309F495
:1053A00074C08AE090E080930A2890930B280895B7
:1053B0008091472B81110DC01092672817C0109261
:1053C00068288111F5CF8091412B882309F49CCF67
:1053D00094CF8091422B882379F381E080936728D2
:1053E0000E94E6228093F62B9093F72B8091482B16
:1053F000882381F18091432B882361F181E08093A0
:1054000066280E94E6228093F42B9093F52B8091DE
:10541000492B882311F18091442B8823F1F081E0FE
:10542000809365280E94E6228093F22B9093F32BC1
:1054300080914A2B8823A1F08091452B882381F00D
:1054400081E0809364280E94E6228093F02B909361
:10545000F12BB9CF10926628DACF10926528E8CFE9
:1054600010926428B0CF8091192C81114DCF80917A
:105470005D2B882309F448CF0E94F80D45CF109288
:10548000FB2B74CF1092612887CF089561E590E0DF
:1054900080E00E94E42260E081E090E00E94E4224B
:1054A0006FEF82E090E00E94E42260E083E090E011
:1054B0000E94E42260E084E090E00E94E42264EE36
:1054C00085E090E00E94E42260E086E090E00E94A7
:1054D000E42263E387E090E00E94E42263E388E053
:1054E00090E00C94E4220C9452454F925F926F929C
:1054F0007F928F929F92AF92BF92EF92FF920F9303
:105500001F93CF93DF93CDB7DEB72597CDBFDEBF17
:1055100061E070E081E00E94150270E060E080E1EF
:105520000E94150261E070E082E00E94150261E0D5
:1055300070E083E00E94150261E070E084E00E9468
:10554000150270E060E08FE00E94150270E060E0FC
:105550008EE00E94150270E060E089E00E94150272
:1055600070E060E08BE00E94150270E060E08AE08D
:105570000E94150261E070E08DE00E94150261E07A
:1055800070E087E00E94150261E070E088E00E9410
:10559000150261E070E086E00E94150261E070E0B3
:1055A00085E00E94150270E060E08CE00E94150228
:1055B00070E060E081E10E94150262E070E080E04E
:1055C0000E94150261E070E081E00E94150270E027
:1055D00060E085E10E94150270E060E084E10E94D5
:1055E000150270E060E082E10E94150270E060E068
:1055F00083E10E9415020E94EB02009150CF1091AE
:1056000051CF209152CF309153CF09831A832B83EE
:105610003C8310E09E012F5F3F4F79012B013C013D
:10562000440C551C661C771CE12FE370EE0DFF2D1A
:10563000F11D80810E94C90281709927092E000CFA
:10564000AA0BBB0B4C015D0184289528A628B7281E
:105650000E94EB022B013C01C501B40164257525B4
:10566000862597251F5F1031C9F684149504A6047A
:10567000B70411F00E9449455599F4C064E170E007
:1056800080E090E00E946E035599ECC00E94462A8B
:1056900001E090E080E00E94651890E080E00E94C8
:1056A000732A813509F01FC181E090E00E94732ABE
:1056B000182F82E090E00E94732AB82E83E090E0D9
:1056C0000E94732A90E08093AA2B9093AB2B84E0E6
:1056D00090E00E94732A90E08093512B9093522B7C
:1056E000E0E0F8E227E030E08B2D90E0AC01022E04
:1056F00002C0559547950A94E2F7417041932150B5
:105700003109A0F7812F81708093532B11FB8827DB
:1057100080F98093502B12FB882780F98093DB2837
:1057200013FB882780F980934B2B14FB882780F983
:1057300080934F2B15FB882780F980930D2C1295B1
:10574000169516951370812F90E080930B2C9093F3
:105750000C2C85E090E00E94732A95E0F7011192ED
:105760009A95E9F7AAE1B8E230E020E041E090E064
:1057700051E0FC01022E02C0F595E7950A94E2F78C
:10578000E370FF273196ED93FD93EE0DFF1D6081D1
:1057900061116AC050832E5F3F4F2830310549F7B1
:1057A000411118C081E090E080931A2890931B2843
:1057B00082E090E080931C2890931D2883E090E085
:1057C00080931E2890931F2884E090E080932028E7
:1057D0009093212886E090E00E94732A982F907F72
:1057E00009F444C010924D2B10924E2B81E090E0B2
:1057F000809318289093192888E090E00E94732ADB
:10580000182F87E090E00E94732A912F982B9878A8
:1058100009F441C083E090E0809316289093172804
:10582000809314289093152880931228909313281E
:105830008093102890931128002309F45CC010E095
:1058400000E0559953C0C8010E9465184C9A0F5F3B
:105850001F4F0770112768E270E080E090E00E941F
:105860006E03EFCF00E015CF40E095CF282F2370D7
:10587000223060F430E020934D2B30934E2B90E09B
:1058800095958795959587950196B2CF10924D2B5A
:1058900010924E2BF4CF282F277030E02093102841
:1058A0003093112890E024E0959587952A95E1F7AB
:1058B000877099278093122890931328812F8770DF
:1058C00090E08093142890931528812F90E034E085
:1058D000959587953A95E1F78770992780931628D3
:1058E00090931728A9CF0E94462AA6CF4C9890E003
:1058F00080E00E9465186CEB73E18EE00E947B00F3
:105900006EEA73E189E00E947B0060EA73E18BE05C
:105910000E947B0062E973E18AE00E947B000E94A2
:105920009E034B015C010BEB12E10E949E03681980
:1059300079098A099B09683E73408105910578F4CD
:1059400090E080E00E946518C8010197F1F787E0B8
:1059500090E00E946518C8010197F1F7E6CF4C9AD4
:1059600068E770E080E090E00E946E034C986CED78
:1059700070E080E090E00E946E0381E090E00E9481
:10598000651868EE73E080E090E00E946E032BE8FB
:1059900038E141E050E060E070E089E99DE2259661
:1059A000CDBFDEBFDF91CF911F910F91FF90EF90A0
:1059B000BF90AF909F908F907F906F905F904F902F
:1059C0000C941A031F920F920FB60F9211242F936B
:1059D0003F934F935F936F937F938F939F93AF9377
:1059E000BF934091202C5091212C6091222C7091DA
:1059F000232C80911E2C90911F2C20911C2C3091D7
:105A00001D2C420F531F611D711D20911A2C3091C6
:105A10001B2C820F931F883E23E0920730F0885E94
:105A200093404F5F5F4F6F4F7F4F80931E2C90933B
:105A30001F2C4093202C5093212C6093222C709388
:105A4000232C8091282C9091292CA0912A2CB09164
:105A50002B2C0196A11DB11D8093282C9093292CED
:105A6000A0932A2CB0932B2C81E08093B60ABF918F
:105A7000AF919F918F917F916F915F914F913F91E6
:105A80002F910F900FBE0F901F9018951F920F929D
:105A90000FB60F9211242F933F934F935F936F9301
:105AA0007F938F939F93AF93BF93EF93FF9385E083
:105AB0000E94D703FF91EF91BF91AF919F918F917A
:105AC0007F916F915F914F913F912F910F900FBEFA
:105AD0000F901F9018951F920F920FB60F921124DE
:105AE0002F933F934F935F936F937F938F939F93E6
:105AF000AF93BF93EF93FF9384E00E94D703FF918E
:105B0000EF91BF91AF919F918F917F916F915F9135
:105B10004F913F912F910F900FBE0F901F901895AE
:105B20001F920F920FB60F9211242F933F934F9312
:105B30005F936F937F938F939F93AF93BF93EF93F5
:105B4000FF9383E00E94D703FF91EF91BF91AF9144
:105B50009F918F917F916F915F914F913F912F9185
:105B60000F900FBE0F901F9018951F920F920FB6B7
:105B70000F9211242F933F934F935F936F937F93D3
:105B80008F939F93AF93BF93EF93FF9382E00E9415
:105B9000D703FF91EF91BF91AF919F918F917F912B
:105BA0006F915F914F913F912F910F900FBE0F908A
:105BB0001F9018951F920F920FB60F9211242F93DA
:105BC0003F934F935F936F937F938F939F93AF9385
:105BD000BF93EF93FF9381E00E94D703FF91EF9172
:105BE000BF91AF919F918F917F916F915F914F91F5
:105BF0003F912F910F900FBE0F901F9018951F92FD
:105C00000F920FB60F9211242F933F934F935F93F0
:105C10006F937F938F939F93AF93BF93EF93FF9374
:105C200080E00E94D703FF91EF91BF91AF919F91C8
:105C30008F917F916F915F914F913F912F910F9035
:105C40000FBE0F901F9018951F920F920FB60F92D4
:105C500011242F933F934F935F936F937F938F9371
:105C60009F93AF93BF93EF93FF938CEE9CE20E94C0
:105C70000001FF91EF91BF91AF919F918F917F9123
:105C80006F915F914F913F912F910F900FBE0F90A9
:105C90001F9018951F920F920FB60F9211242F93F9
:105CA0003F934F935F936F937F938F939F93AF93A4
:105CB000BF93EF93FF93E091F82CF091F92C818141
:105CC00081FD2FC060818091FE2C8F5F8F7390913A
:105CD000FF2C891741F0E091FE2CF0E0E451F34DE8
:105CE000618F8093FE2C8091852D9091862D009759
:105CF00039F0DC01ED91FC910190F081E02D0995E6
:105D0000FF91EF91BF91AF919F918F917F916F9193
:105D10005F914F913F912F910F900FBE0F901F9069
:105D200018958081EDCFECEEFCE21282138288EEB2
:105D300093E0A0E0B0E084839583A683B78388EBEB
:105D400090EE8083918380E698E08487958788E150
:105D5000868789E1878780E4808B128A138A148A78
:105D6000158A86E2868B178A108E1092852D1092E6
:105D7000862D1092992D10929A2D80E1EBE9FDE28B
:105D8000DF01982F1D929A95E9F71092872D1092B6
:105D9000882DE9E8FDE2DF011D928A95E9F7089573
:105DA000CF93DF93CDB7DEB76097CDBFDEBF88ED71
:105DB00090E084BF9093610080E094E2A4EFB0E0B3
:105DC00080930C2890930D28A0930E28B0930F2851
:105DD00080910206866080930206809100068160B1
:105DE00080930006809102068F7C8093020680914A
:105DF000A0008F788093A00080910206806180933C
:105E000002061092E20581E08093E40583E080932E
:105E1000010A8FEF90E08093260A9093270A80E88A
:105E200090E08093380A9093390A80933A0A9093CD
:105E30003B0A80933C0A90933D0A8BE08093000AD2
:105E40008091E50581608093E5058091E50582609C
:105E50008093E505E0E8FAE037E02FEF90E885E091
:105E600031832487958780837096E03C0AE0F007B1
:105E7000B9F780E094E08093262C9093272C8091B2
:105E8000262C9091272C2FEF30E0B9010E94784703
:105E90006093242C7093252C8091262C9091272C94
:105EA000E8EEF3E0BF010E94784760931C2C7093EA
:105EB0001D2C8091262C9091272CBF010E947847A1
:105EC00080931A2C90931B2C2093BC0A3093BD0A0C
:105ED0008091B50A81608093B50A84E08093B00A0E
:105EE0008091B00A81608093B00A78940E94752AEC
:105EF0004424439455245394212C54E0352E87E8B0
:105F00009DE20E948B0487E89DE20E94120489E9C9
:105F10009DE20E948B0489E99DE20E9412049EB1D9
:105F200081E0192F1470912E92FD80E08093082C4F
:105F30009EB181E0292F2870A22E93FD80E08093EE
:105F4000052CE6B0E0943E2D3170E32E3093022C08
:105F5000F2B2F0944F2D4170F42E4093FF2B96B186
:105F600081E0592F5270B52E91FD80E08093FC2B7B
:105F70008EB18095817080935D2B92B381E0692F03
:105F80006270D62E91FD80E0809307299EB181E05A
:105F9000792F7270C72E91FD80E08093EA288AB134
:105FA00085FB882780F984258093E82885E10E9475
:105FB000C902D101A81BB90BA093CF28B093D02858
:105FC00084E10E94C902F101E81BF90BE093CD289E
:105FD000F093CE2882E10E94C9028101081B190BAF
:105FE0000093CB281093CC2883E10E94C902810141
:105FF000081B190B0093C9281093CA280093622923
:10600000109363290E94CA1380914F2B811197C36B
:106010008091192C811193C30093702B1093712BD5
:106020000093802B1093812B0093902B1093912B36
:106030000093A02B1093A12B8091302990913129AE
:106040008093B42B9093B52B8093C42B9093C52B46
:106050008093D42B9093D52B8093E42B9093E52BB6
:1060600080912C2990912D298093BA2B9093BB2B52
:106070008093CA2B9093CB2B8093DA2B9093DB2BBE
:106080008093EA2B9093EB2B1092B92A1092BA2AA4
:106090001092BB2A1092BC2A1092AF2B1092BF2BE9
:1060A0001092CF2B1092DF2B1092FA2B911006C07A
:1060B0008091EF28811102C05092FA2BA11006C0E6
:1060C0008091EE28811102C05092DF2BEE2031F03A
:1060D0008091ED28811102C05092CF2BFF2031F02A
:1060E0008091EC28811102C05092BF2BB11006C0E4
:1060F0008091EB28811102C05092AF2BAA2029F089
:106100008091EE2881115092BC2AE11005C0809147
:10611000ED2881115092BB2AF11005C08091EC2826
:1061200081115092BA2ABB2029F08091EB2881116D
:106130005092B92A8091172C882389F08091FA2BEC
:10614000882369F08091192C811109C08091D12890
:106150009091D22802968093D1289093D2280E94C1
:10616000EB02CC2011F40C949A441092E628DD2026
:1061700091F01092E428C1102FC02091E92821113C
:1061800008C06093D7287093D8288093D92890931B
:10619000DA28D1103EC320910629211108C060934E
:1061A000D3287093D4288093D5289093D628CC20D8
:1061B00009F42FC30091D3281091D4282091D52819
:1061C0003091D628601B710B820B930B66307105E2
:1061D0008105910508F038C38091E528811137C306
:1061E0008091E628882309F432C350924C2B809189
:1061F000E32881112FC38091E428882309F42AC35E
:10620000509208290E94EB026B017C018091552B72
:10621000882331F01092552B1092E2281092542BC3
:106220001091E828112311F40C94A0448091E728E0
:10623000811108C0C092DE28D092DF28E092E028C9
:10624000F092E1288091DE289091DF28A091E0284B
:10625000B091E128B701A601481B590B6A0B7B0BD3
:10626000DB01CA01893E53E09507A105B10508F499
:1062700093C02091E228211106C02091192C2111F0
:1062800002C05092E22881349244AF40B10508F434
:1062900083C08091542B81117FC080915F2B842516
:1062A00080935F2B5092542B10925E2B10925B2B9D
:1062B000811172C06091AA2B83E090E00E94E422D9
:1062C0006091512B84E090E00E94E422EAE1F8E240
:1062D00030E020E060E081919191019783709927EF
:1062E000022E01C0880F0A94EAF7682B2E5F3F4FF9
:1062F0002830310581F785E090E00E94E42260912A
:1063000018286150660F660F6C7080914D2B83705A
:10631000682B86E090E00E94E4226091122862954A
:106320006077809110288770682B87E090E00E944A
:10633000E422609116286295607780911428877016
:10634000682B88E090E00E94E4226091532B8091BA
:10635000502B811162608091DB28811164608091F3
:106360004B2B8111686080914F2B8111606180916E
:106370000D2C8111606280910B2C8295880F880F03
:10638000807C682B81E090E00E94E4221091E82854
:10639000112311F40C94A1448091DE289091DF2800
:1063A000A091E028B091E128C81AD90AEA0AFB0AAC
:1063B00051EAC51655E2D50656E2E506F10470F03D
:1063C00080915F2B882351F080915E2B811106C054
:1063D00050925E2B1092DC281092DD280E94EB0276
:1063E0007090FA2B772031F1C0902229D090232988
:1063F000E0902429F09025294B015C018C189D0820
:10640000AE08BF087501640105E6C016D104E104B9
:10641000F10480F0C0921E29D0921F29E092202919
:10642000F0922129609322297093232980932429B3
:10643000909325290091DF2B2091192C2111D6C092
:10644000002331F1C090E02BD090E12BE090E22BC3
:10645000F090E32B9B01AC012C193D094E095F091B
:1064600069017A0135E6C316D104E104F10480F034
:10647000C092E62BD092E72BE092E82BF092E92B2A
:106480006093E02B7093E12B8093E22B9093E32BAE
:106490002091BC2A222341F0609350297093512906
:1064A00080935229909353292091CF2B222331F1AD
:1064B000C090D02BD090D12BE090D22BF090D32B4A
:1064C0004B015C018C189D08AE08BF087501640182
:1064D00025E6C216D104E104F10480F0C092D62B67
:1064E000D092D72BE092D82BF092D92B6093D02B5F
:1064F0007093D12B8093D22B9093D32B2091BB2AD6
:10650000222341F060934C2970934D2980934E29AA
:1065100090934F292091BF2B222331F1C090C02BA3
:10652000D090C12BE090C22BF090C32B4B015C01AB
:106530008C189D08AE08BF087501640125E6C216D7
:10654000D104E104F10480F0C092C62BD092C72B95
:10655000E092C82BF092C92B6093C02B7093C12B93
:106560008093C22B9093C32B2091BA2A222341F00F
:10657000609348297093492980934A2990934B2925
:106580002091AF2B222331F1C090B02BD090B12BB2
:10659000E090B22BF090B32B4B015C018C189D085E
:1065A000AE08BF087501640125E6C216D104E104F6
:1065B000F10480F0C092B62BD092B72BE092B82BAA
:1065C000F092B92B6093B02B7093B12B8093B22BC8
:1065D0009093B32B2091B92A222341F06093442950
:1065E0007093452980934629909347298091082CE0
:1065F0008093EF288091052C8093EE288091022CC7
:106600008093ED288091FF2B8093EC288091FC2BC8
:106610008093EB2880910729809306298091EA28AE
:106620008093E9281093E7288091E6288093E52855
:106630008091E4288093E3280E94EB0269877A879F
:106640008B879C871092A42A10920329809022297C
:1066500090902329A0902429B09025298D869E868C
:10666000AF86B88A6B017C01C818D908EA08FB0814
:1066700080901E2990901F29A0902029B090212958
:10668000D501C40142E0B695A795979587954A959F
:10669000D1F78C159D05AE05BF0550F488519C4F70
:1066A000AF4FBF4FF1E0C816D906EA06FB0608F067
:1066B000F0E0D501C401B695A795979587958C15FF
:1066C0009D05AE05BF0550F488519C4FAF4FBF4F9D
:1066D000E1E0C816D906EA06FB0608F0E0E0A3E010
:1066E000B0E0A50194010E948D4522E09695879522
:1066F000779567952A95D1F76C157D058E059F05D1
:1067000050F468517C4F8F4F9F4F21E0C616D7063B
:10671000E806F90608F020E018EEC11613E0D106ED
:10672000E104F10408F49CC0F11197C0E11198C094
:1067300090E080E0222309F4A1C080E098C080911D
:10674000062C9091072C892BA1F40093A02B109379
:10675000A12B80913029909131298093E42B909343
:10676000E52B80912C2990912D298093EA2B9093F1
:10677000EB2B8091032C9091042C892BA1F4009396
:10678000902B1093912B80913029909131298093F7
:10679000D42B9093D52B80912C2990912D298093E7
:1067A000DA2B9093DB2B8091002C9091012C892B7C
:1067B000A1F40093802B1093812B8091302990912C
:1067C00031298093C42B9093C52B80912C299091D3
:1067D0002D298093CA2B9093CB2B8091FD2B9091E8
:1067E000FE2B892B09F050CC0093702B1093712B4A
:1067F00080913029909131298093B42B9093B52BBF
:1068000080912C2990912D298093BA2B9093BB2BAA
:106810003BCC0091D7281091D8282091D9283091CD
:10682000DA284B015C01801A910AA20AB30A950189
:106830008401053F11402105310518F4D110CCCC5D
:10684000B9CC5092E628FACF5092E428C5CC1092E9
:106850004C2BCDCC10920829D5CCEE2309F46DCF6A
:106860008091F128811103C05092032981E0909119
:10687000F028911103C05092A42A91E010910329AD
:10688000112361F049855A856B857C854093FF28EB
:106890005093002960930129709302298093F12875
:1068A0009093F02858EEC51653E0D506E104F104A4
:1068B00020F410923F2B1092402BFF2331F081E007
:1068C00090E080933F2B9093402BEE2331F062E0D9
:1068D00070E060933F2B7093402B222331F083E0D4
:1068E00090E080933F2B9093402B01115092142CF9
:1068F0008091CF2B81115092122C8091BF2B81114E
:106900005092102C8091AF2B811150920E2C0E942E
:10691000EB026B017C011092042980911828909160
:1069200019288230910508F04EC4109304291111E2
:1069300012C0711022C080910429882341F18091F6
:10694000F2289091F32801968F7099278093F2286E
:106950009093F3281CC08091FF2890910029A0916A
:106960000129B09102298093FB289093FC28A093E1
:10697000FD28B093FE28772011F38091F82881112B
:1069800069C45092F8281092F2281092F32880914E
:106990000529811130C08091FA2B882361F10E9472
:1069A000EB026B017C0183E10E94C902BC01990FDB
:1069B000880B990BF6E0660F771F881F991FFA95D1
:1069C000D1F7C626D726E826F92684E10E94C90217
:1069D000092E000CAA0BBB0BC816D906EA06FB064B
:1069E00041F0BC01CD016C257D258E259F250E949F
:1069F0004945509205290E94E62200914C2B002324
:106A000049F080915F2B811105C08091192C84255C
:106A10008093192C109108298091192C90914B2B5F
:106A2000992309F441C4112319F084258093192C6A
:106A300080910729811109C080910629882329F0B6
:106A40008091192C84258093192C011133C41111C4
:106A500031C41091FA2B112359F080913D2B909164
:106A60003E2B01968770992780933D2B90933E2B68
:106A70008091192C882309F401C50E94EB024B0177
:106A80005C0180915F2B81112AC080913629909101
:106A9000372980933429909335298091602B9091E8
:106AA000612B2091322930913329821B930B97FD62
:106AB0008FC48770992780934029909341298091B2
:106AC00030299091312980932E2990932F298091FC
:106AD0002C2990912D2980932A2990932B291123D9
:106AE000C1F08091282990912929019660912E2941
:106AF00070912F290E947847809328299093292903
:106B00008091262990912729019680932629909398
:106B10002729E0902A29F0902B29670107E0C01A65
:106B2000D1081AE0E116F10408F45AC48091222930
:106B300090912329A0912429B091252995018401C0
:106B4000081B190B2A0B3B0B09871A872B873C87DD
:106B500020912E2930912F2950E040E060911E298C
:106B600070911F2980912029909121290E94A04590
:106B700069857A858B859C850E94A04521E06838CF
:106B800073418105910508F020E02093432900918D
:106B90003429109135290130110551F448E0E416EB
:106BA000F10431F4109243291092382910923929B6
:106BB00080914329882381F18091422981112CC041
:106BC00080911C2990911D290196B8010E94784757
:106BD00080931C2990931D2980911829909119293F
:106BE000A0911A29B0911B29A5019401281B390BEA
:106BF0004A0B5B0BDA01C901809314299093152984
:106C0000A0931629B09317298092182990921929D8
:106C1000A0921A29B0921B2933E0C316D10418F1AF
:106C20008091182990911929A0911A29B0911B29B6
:106C3000881A990AAA0ABB0AC501B401E2E0660FE4
:106C4000771F881F991FEA95D1F720911429309159
:106C5000152940911629509117290E94A04520938B
:106C60003829309339298091402990914129013068
:106C7000110509F0E4C380933E2990933F292091A8
:106C80003E2930913F2980913C2990913D29281738
:106C9000390709F4EEC3509213290E94FA4426EBF7
:106CA00033E040E050E00E946E45609311297093FC
:106CB00012292091502B222309F4CAC30E94FA44BE
:106CC00026EB33E040E050E00E946E4560930F29D0
:106CD000709310290E94FA4426EB33E040E050E024
:106CE0000E946E4560930D2970930E290E94FA440C
:106CF00026EB33E040E050E00E946E4560930B29A4
:106D000070930C290E94FA4426EB33E040E050E0F7
:106D10000E946E456093092970930A2900913E29CB
:106D200010913F2940913C2950913D2904171507A6
:106D300079F0C801841B950B2091532B242530E05A
:106D40004017510708F098C3821B930B0E948E0DC9
:106D5000E0913A29F0913B29E00FF11FE770FF27FE
:106D60008091382990913929EE0FFF1FEE0FFF1FF8
:106D7000E354F54DE80FF91FC080C092052CD0A058
:106D8000D092022CDF01A05CBF4FEC90E092FF2B71
:106D9000E05AFF4FF080F092FC2B809143298093C2
:106DA000422900933C2910933D290E94EB02109246
:106DB000B92A1092BA2A1092BB2A1092BC2A1092B9
:106DC000AF2B1092BF2B1092CF2B1092DF2BCC2029
:106DD00031F020915729211102C05092DF2BDD2084
:106DE00031F020915629211102C05092CF2BEE2074
:106DF00031F020915529211102C05092BF2BFF2064
:106E000031F020915429211102C05092AF2BC110B2
:106E100005C02091572921115092BC2AD11005C0DC
:106E20002091562921115092BB2AE11005C02091D2
:106E3000552921115092BA2AF11005C020915429E8
:106E400021115092B92A5091DF2B552301F1009165
:106E5000E02B1091E12B2091E22B3091E32B4B01A1
:106E60005C01801A910AA20AB30A95018401009379
:106E7000E62B1093E72B2093E82B3093E92B6093BC
:106E8000E02B7093E12B8093E22B9093E32B2091E6
:106E9000BC2A222341F0609350297093512980939A
:106EA0005229909353294091CF2B442301F1009113
:106EB000D02B1091D12B2091D22B3091D32B4B0181
:106EC0005C01801A910AA20AB30A95018401009319
:106ED000D62B1093D72B2093D82B3093D92B60939C
:106EE000D02B7093D12B8093D22B9093D32B2091C6
:106EF000BB2A222341F060934C2970934D29809343
:106F00004E2990934F29F091BF2BFF2301F18090E0
:106F1000C02B9090C12BA090C22BB090C32B8B01A3
:106F20009C01081919092A093B0948015901809255
:106F3000C62B9092C72BA092C82BB092C92B6093FE
:106F4000C02B7093C12B8093C22B9093C32B2091A5
:106F5000BA2A222341F060934829709349298093EB
:106F60004A2990934B29A091AF2BAA2301F180903D
:106F7000B02B9090B12BA090B22BB090B32B8B0183
:106F80009C01081919092A093B09480159018092F5
:106F9000B62B9092B72BA092B82BB092B92B6093DE
:106FA000B02B7093B12B8093B22B9093B32BE091C5
:106FB000B92AEE2341F060934429709345298093C8
:106FC000462990934729C0925729D0925629E0929A
:106FD0005529F092542951115092142C411150927C
:106FE000122CF1115092102CA11150920E2C809164
:106FF000192C811191C48091092C90910A2C89300F
:10700000910530F0877099278093092C90930A2C72
:107010008091502B8823A1F18091062C9091072C10
:107020008930910530F0877099278093062C9093D2
:10703000072C8091032C9091042C8930910530F01D
:10704000877099278093032C9093042C8091002CB7
:107050009091012C8930910530F0877099278093A9
:10706000002C9093012C8091FD2B9091FE2B893068
:10707000910530F0877099278093FD2B9093FE2B1C
:1070800010924A2B1092492B1092482B1092472BAA
:107090001092462B1092452B1092442B1092432BAA
:1070A0001092422B1092412B8091FA2B81110E9459
:1070B000FF1A0E9481280E94AB248091092C909194
:1070C0000A2C892BC9F48091062C9091072C892BCE
:1070D00099F48091032C9091042C892B69F4809170
:1070E000002C9091012C892B39F48091FD2B9091EB
:1070F000FE2B892B09F40DC45092FB2B40915D2B84
:1071000080915F2B882309F470C4E091602BF0918B
:10711000612B30915E2B20914C2B3323B1F0809169
:107120005C2B841791F080915B2B842580935B2BE3
:10713000882309F4F4C31092592B10925A2B109201
:10714000582BE093562BF093572B80915B2B882381
:1071500009F4E5C3222389F08091592B90915A2B91
:107160000196837099278093592B90935A2B1092F4
:10717000582BE093562BF093572B8091562B9091E0
:10718000572BE817F90711F05092582B8091582B84
:10719000882351F0A091592BB0915A2BAA0FBB1FF5
:1071A000A05FB74DED93FC93E093562BF093572BD4
:1071B000222309F41AC4311118C480914B2B842561
:1071C00080934B2B12C4772031F0AFEFBFEFA09329
:1071D000F928B093FA2881149104A104B10409F4A8
:1071E000A8CB8C01000F111F980150E040E0C501B1
:1071F000B4010E94A045211531054105510509F44E
:1072000098CBC701B6018D849E84AF84B888681975
:1072100079098A099B090E94A0450150110920178C
:10722000310708F489018091F9289091FA28801794
:10723000910709F47ECB50920429C092FB28D0928A
:10724000FC28E092FD28F092FE280093F928109384
:10725000FA2891CB8091F4289091F528A091F628F6
:10726000B091F72840911E2950911F296091202943
:10727000709121290097A105B10569F012E0880FEE
:10728000991FAA1FBB1F1A95D1F784179507A60748
:10729000B70708F478CB4093F4285093F52860930F
:1072A000F6287093F72847CB112309F4CECB842519
:1072B0008093192C8091192C882311F40C949244FA
:1072C00080915D2B882341F08091092C90910A2CAC
:1072D000892B11F00E94F80D80913D2B90913E2B4F
:1072E00080933A2990933B292091602B3091612B18
:1072F00020933229309333292091082C222349F0FE
:10730000019797FD61C08770992780933A299093E0
:107310003B2910922829109229291092262910928F
:10732000272910921C2910921D291092422910928F
:107330003C2910923D29011103C0112309F489CB86
:107340008091192C811185CB80915D2B882339F197
:10735000209126293091272940913E2950913F299B
:1073600024173507C1F027703327C901841B950BFB
:107370004217530708F008962091082C2111019715
:107380002091532B211103C0009729F001970097FA
:1073900011F00E948E0D109226291092272910922A
:1073A000FD2B1092FE2B1092002C1092012C1092AB
:1073B000032C1092042C1092062C1092072C109281
:1073C000092C10920A2C45CB089697FDFDCF9DCF36
:1073D0009C0120953095287F0896820F931F6BCBD8
:1073E00023E0C216D10468F48091082C80934329CD
:1073F00080913F2B9091402B80933829909339298D
:10740000C6CB8091282990912929892BA1F48091BC
:10741000222990912329A0912429B0912529B501F1
:10742000A401481B590B6A0B7B0B81E04838534180
:107430006105710508F080E080934329A8CB209175
:107440001C2930911D29820F931F8770992713CC17
:107450006093092970930A2960930B2970930C2972
:1074600060930D2970930E2960930F297093102952
:1074700055CC1092132952CC089666CC112309F4EE
:10748000B0C080913D2B90913E2BFC0173E0EE0F3C
:10749000FF1F7A95E1F7EC59F64D2091F82B3091CA
:1074A000F92B208331832091622930916329228333
:1074B00033834091092C50910A2C44835583409189
:1074C00060295091612946835783DC0113E0AA0F9C
:1074D000BB1F1A95E1F7AC55B64D4091F62B509174
:1074E000F72B4D935C93DF01AE5BBF4F2D933C9325
:1074F000119712964091062C5091072C4D935C9356
:107500001197129640915E2950915F294D935C939B
:10751000DC0103E0AA0FBB1F0A95E1F7AC51B64DA1
:107520004091F42B5091F52B4D935C93DF01AE57B6
:10753000BF4F2D933C93119712964091032C50917D
:10754000042C4D935C931197129640915C295091B5
:107550005D294D935C93DC0143E0AA0FBB1F4A9564
:10756000E1F7AC5DB54D4091F22B5091F32B4D936B
:107570005C93DF01AE53BF4F2D933C93119712964E
:107580004091002C5091012C4D935C9311971296D1
:1075900040915A2950915B294D935C9353E0880F99
:1075A000991F5A95E1F7DC01AC59B54D8091F02B4C
:1075B0009091F12B8D939C93DF01AE5FBE4F2D9385
:1075C0003C93119712968091FD2B9091FE2B8D93F9
:1075D0009C93EA5FFE4F80915829909159298083AE
:1075E00091830E94EB028091A42A882309F442C06F
:1075F000E0913D2BF0913E2B80913F2B9091402BC1
:10760000AF01440F551F440F551FDA01A354B54D68
:10761000A80FB91F9D01205A3F4FF9011082205237
:107620003109F901108290961C9290971C9220913A
:10763000052C21114C922091022C222339F0DA01E1
:10764000A354B54DA80FB91F90964C922091FF2BD3
:10765000222331F0DC01A40FB51FA350B54D4C928D
:107660002091FC2B222331F0FA01E80FF91FE35E91
:10767000F44D40828091B82A882321F1F8946091DA
:10768000B42A7091B52A8091B62A9091B72A78943D
:107690000E94DB129C01215031092330310580F416
:1076A000E0913D2BF0913E2BEE0FFF1FEE0FFF1FE1
:1076B000E354F54DE80FF91F40821092B82A02C03A
:1076C0000497D8F38091B32A882321F1F89460912C
:1076D000AF2A7091B02A8091B12A9091B22A789401
:1076E0000E94DB129C01215031092330310580F4C6
:1076F000E0913D2BF0913E2BEE0FFF1FEE0FFF1F91
:10770000E354F54DE80FF91F40A21092B32A02C0CE
:107710000497D8F38091AE2A882321F1F8946091E0
:10772000AA2A7091AB2A8091AC2A9091AD2A7894C4
:107730000E94DB129C01215031092330310580F475
:10774000E0913D2BF0913E2BEE0FFF1FEE0FFF1F40
:10775000E80FF91FE350F54D40821092AE2A02C0A7
:107760000497D8F38091A92A882321F1F894609195
:10777000A52A7091A62A8091A72A9091A82A789488
:107780000E94DB129C01215031092330310580F425
:10779000E0913D2BF0913E2BEE0FFF1FEE0FFF1FF0
:1077A000E80FF91FE35EF44D40821092A92A02C04F
:1077B0000497D8F380913F2B9091402B9C012D7F13
:1077C0002115310509F458C08230910529F5409101
:1077D000BF2B442369F0E0913D2BF0913E2BEE0F3F
:1077E000FF1FEE0FFF1FE80FF91FE350F54D40821A
:1077F0002115310589F44091AF2B442369F0E091C4
:107800003D2BF0913E2BEE0FFF1FEE0FFF1FE80FF9
:10781000F91FE35EF44D40822130310509F452C076
:107820008330910509F0E3CB4091BA2A442369F0F3
:10783000E0913D2BF0913E2BEE0FFF1FEE0FFF1F4F
:10784000E80FF91FE350F54D10822130310509F0A2
:10785000CECB2091B92A222309F4C9CBE0913D2B4C
:10786000F0913E2BEE0FFF1FEE0FFF1FE80FF91FE9
:10787000E35EF44D1082BBCB4091DF2B442369F0D3
:10788000E0913D2BF0913E2BEE0FFF1FEE0FFF1FFF
:10789000E354F54DE80FF91F40824091CF2B44236C
:1078A00069F0E0913D2BF0913E2BEE0FFF1FEE0FA4
:1078B000FF1FE354F54DE80FF91F40A2009709F4AC
:1078C00086CF82CF4091BC2A442369F0E0913D2BC2
:1078D000F0913E2BEE0FFF1FEE0FFF1FE354F54D0F
:1078E000E80FF91F10824091BB2A442369F0E09110
:1078F0003D2BF0913E2BEE0FFF1FEE0FFF1FE354C9
:10790000F54DE80FF91F10A28130910509F48CCFD5
:1079100087CF1092FB2BF2CB0E94240FEFCB8091EC
:10792000552B882309F444CC8091542B811140CCF1
:10793000311153C0E830F10508F03ACCEE55F34C64
:107940000C94A047AA3CB23CBA3CC13CC63CCB3CE0
:10795000D23CDA3C8091532B84258093532B211108
:107960002CCC43C082E0882E912C8092AA2B90923E
:10797000AB2BF5CF81E090E08093AA2B9093AB2BBB
:10798000EECF1092AA2B1092AB2BE9CF1092512B75
:107990001092522BE4CF81E090E08093512B909392
:1079A000522BDDCF02E0A02EB12CA092512BB09231
:1079B000522BD5CF8091502B811105C05092502B66
:1079C00010924F2BCCCF80914F2B811103C050923E
:1079D0004F2BC5CF1092502BF3CF309709F089C0B1
:1079E00080910D2C842580930D2C40935C2B8091ED
:1079F000092C90910A2C892B31F48091082C8093CA
:107A0000182C5092162C8091062C9091072C892BC3
:107A100031F48091052C8093152C5092142C809178
:107A2000032C9091042C892B31F48091022C8093AB
:107A3000132C5092122C8091002C9091012C892BA8
:107A400031F48091FF2B8093112C5092102C809157
:107A5000FD2B9091FE2B892B31F48091FC2B809390
:107A60000F2C50920E2C8091FB2B882309F4A2C07E
:107A70008091FA2B882331F08091172C811102C05C
:107A80005092162C10E000E0E090F82BF090F92BCB
:107A9000E016F106E9F08091F62B9091F72B08178C
:107AA0001907B1F08091F42B9091F52B0817190765
:107AB00079F08091F22B9091F32B0817190741F080
:107AC0008091F02B9091F12B0817190709F06CC0E9
:107AD000F8013197E730F10508F064C0EE58F24C38
:107AE0000C94A0475D3E603E434046402A411C4303
:107AF0001F43CF010197049740F58AE198E270E0B7
:107B000060E0DC012D913D91CD01E217F30799F47E
:107B1000DB01AA0FBB1FBD01665E774DB8E26A317B
:107B20007B0771F0DB013E912E91CD01DB012D939E
:107B30003C93BC01F3CF6F5F7F4F6430710509F751
:107B4000E0931A28F0931B2850CFE530F10561F43B
:107B500080910B2C90910C2C019683709927809327
:107B60000B2C90930C2C41CFE630F10561F4809101
:107B70004D2B90914E2B01968170992780934D2B20
:107B800090934E2B32CF379709F02FCF8091182842
:107B900090911928837099270196809318289093C3
:107BA000192823CF0E947E200F5F1F4F0830110538
:107BB00009F06ACF1091192C80910B2C90910C2C0C
:107BC000892B21F0111102C00E942F0E80910D2CE3
:107BD000882359F150910F2CB0910E2C4091112C0B
:107BE000A091102C9091132C7091122C6091152C57
:107BF0000091142CEAE1F8E280E0219131912230E9
:107C0000310509F46AC608F04DC62130310509F482
:107C10005AC628E2E232F20781F750930F2C4093C4
:107C2000112C9093132C6093152C11111092182C79
:107C30008091172C81110BC08091162C9091182CDB
:107C4000992309F45EC670E060E081115FC68091FF
:107C5000152C882309F45EC68091142C882309F41E
:107C600059C609988091132C882309F455C6809130
:107C7000122C882309F450C68B988091112C8823EC
:107C800009F44CC68091102C882309F447C6AC989F
:107C900080910F2C882309F443C680910E2C8823F1
:107CA00009F43EC62A9880E090E0892B11F40C94E8
:107CB0007F2F0E9400000C947C2F0E94DE1D74CF49
:107CC0000E94EB024B015C018091092C90910A2CDF
:107CD000892BD9F0B2E0EB16F104B9F48091EC2BCA
:107CE0009091ED2BA091EE2BB091EF2BB501A4015B
:107CF000481B590B6A0B7B0B81E0403157426105F1
:107D0000710508F080E08093182C8091062C9091EA
:107D1000072C892BF1F18091F62B9091F72B02978C
:107D2000C1F58091EA2B9091EB2B089708F402C1E2
:107D30002091E42B3091E52B50E040E06091E62B60
:107D40007091E72B8091E82B9091E92B0E94A04540
:107D5000211531054105510509F4E9C08091E02B59
:107D60009091E12BA091E22BB091E32B750164017E
:107D7000C81AD90AEA0AFB0AC701B6010E94A0453F
:107D800021E0603177428105910508F020E02093E1
:107D9000152C8091032C9091042C892BF1F180916A
:107DA000F42B9091F52B0297C1F58091DA2B9091ED
:107DB000DB2B089708F4E9C02091D42B3091D52B08
:107DC00050E040E06091D62B7091D72B8091D82B5A
:107DD0009091D92B0E94A0452115310541055105EF
:107DE00009F4D0C08091D02B9091D12BA091D22BAF
:107DF000B091D32B75016401C81AD90AEA0AFB0AAB
:107E0000C701B6010E94A04521E06031774281059B
:107E1000910508F020E02093132C8091002C909184
:107E2000012C892BF1F18091F22B9091F32B029789
:107E3000C1F58091CA2B9091CB2B089708F4D0C044
:107E40002091C42B3091C52B50E040E06091C62BAF
:107E50007091C72B8091C82B9091C92B0E94A0458F
:107E6000211531054105510509F4B7C08091C02B9A
:107E70009091C12BA091C22BB091C32B75016401CD
:107E8000C81AD90AEA0AFB0AC701B6010E94A0452E
:107E900021E0603177428105910508F020E02093D0
:107EA000112C8091FD2B9091FE2B892B09F453C549
:107EB0008091F02B9091F12B029709F04CC58091A5
:107EC000BA2B9091BB2B089708F4B5C02091B42B26
:107ED0003091B52B50E040E06091B62B7091B72BFC
:107EE0008091B82B9091B92B0E94A04521153105A6
:107EF0004105510509F49CC08091B02B9091B12BA4
:107F0000A091B22BB091B32B75016401C81AD90AA4
:107F1000EA0AFB0AC701B6010E94A04521E06031D0
:107F200077428105910508F481C320E07FC3109258
:107F3000152C2FCF8091DF2B8823D1F08091DD2B62
:107F40009091DE2B21E0009709F420E02093DC2BB8
:107F500001966091E42B7091E52B6115710511F488
:107F600061E070E00E9478478093DD2B9093DE2BD8
:107F70008091052C882319F08091DC2B8425809337
:107F8000152C07CF1092132C48CF8091CF2B88232C
:107F9000D1F08091CD2B9091CE2B21E0009709F468
:107FA00020E02093CC2B01966091D42B7091D52B9F
:107FB0006115710511F461E070E00E9478478093CB
:107FC000CD2B9093CE2B8091022C882319F0809199
:107FD000CC2B84258093132C20CF1092112C61CFB1
:107FE0008091BF2B8823D1F08091BD2B9091BE2B27
:107FF00021E0009709F420E02093BC2B01966091CA
:10800000C42B7091C52B6115710511F461E070E00E
:108010000E9478478093BD2B9093BE2B8091FF2BBD
:10802000882319F08091BC2B84258093112C39CFA3
:1080300010920F2CB9CD8091AF2B8823D1F0809175
:10804000AD2B9091AE2B21E0009709F420E0209316
:10805000AC2B01966091B42B7091B52B6115710515
:1080600011F461E070E00E9478478093AD2B90930B
:10807000AE2B8091FC2B882319F08091AC2B8425AA
:1080800080930F2C91CD0E94B1078ECD8090EA2B6A
:108090009090EB2BA090DA2BB090DB2BC090CA2BEA
:1080A000D090CB2B6090BA2B7090BB2B8091092C79
:1080B00090910A2C892BD9F044E0E416F104B9F42C
:1080C0000E94EB022091EC2B3091ED2B4091EE2B96
:1080D0005091EF2B621B730B840B950B21E06031E9
:1080E00077428105910508F020E02093182C8091BB
:1080F000052C8D838091022C8E838091FF2B8F83A2
:108100008091FC2B88878091142C89838091122C7C
:108110008A838091102C8B8380910E2C8C8380918C
:10812000062C9091072C892B01F18091F62B9091D0
:10813000F72B0497D1F4F401EE7FEC5FFF418081CF
:1081400091810197E5E0F0E0EC0FFD1FE80FF91FCA
:1081500020812093152C61E070E06C0F7D1F860F4D
:10816000971FDC018C918093142C8091032C9091AB
:10817000042C892B01F18091F42B9091F52B04971D
:10818000D1F4F501EE7FEC5EFF4180819181019792
:10819000E5E0F0E0EC0FFD1FE80FF91F20812093D0
:1081A000132CE1E0F0E0EC0FFD1F8E0F9F1FDC01B0
:1081B0008C918093122C8091002C9091012C892B12
:1081C00001F18091F22B9091F32B0497D1F4F601F9
:1081D000EE7FEC5DFF41808191810197E5E0F0E069
:1081E000EC0FFD1FE80FF91F20812093112CE1E017
:1081F000F0E0EC0FFD1F8E0F9F1FDC018C91809330
:10820000102C8091FD2B9091FE2B892B09F4CCCC66
:108210008091F02B9091F12B049709F0C5CCF301DC
:10822000EE7FEC5CFF41808191810197E5E0F0E019
:10823000EC0FFD1FE80FF91F208120930F2CE1E0C8
:10824000F0E0EC0FFD1F8E0F9F1FDC018C918093DF
:108250000E2CAACC0E94EB024B015C018091092CF0
:1082600090910A2C892BD9F0B5E0EB16F104B9F402
:108270008091EC2B9091ED2BA091EE2BB091EF2BF8
:10828000B501A401481B590B6A0B7B0B81E04031FF
:1082900057426105710508F080E08093182C8091A9
:1082A000062C9091072C892B09F46AC08091F62B3B
:1082B0009091F72B059709F063C08091DF2B8823FD
:1082C00041F18091EA2B9091EB2B9695879508963A
:1082D0008031910510F08FE090E02091AA2B309131
:1082E000AB2B880F991F2115310531F48C51904229
:1082F000DC018D919C9109C02130310509F06DC0E0
:108300008C539042FC01808191818093A82B9093A3
:10831000A92BA091A82BB091A92B2091E62B3091ED
:10832000E72B4091E82B5091E92B0E948D45E3E02B
:108330009695879577956795EA95D1F7C090E02B4C
:10834000D090E12BE090E22BF090E32BA50194017B
:108350002C193D094E095F0969017A016C157D05EB
:108360008E059F0550F4605F784D8F4F9F4F21E041
:10837000C616D706E806F90608F020E02093152C6B
:108380008091032C9091042C892B09F46DC080916D
:10839000F42B9091F52B059709F066C08091CF2BB7
:1083A000882359F18091DA2B9091DB2B9695879554
:1083B00008968031910510F08FE090E02091AA2B73
:1083C0003091AB2B880F991F2115310549F48C5141
:1083D0009042DC018D919C910CC08C55904288CFCD
:1083E0002130310509F06DC08C539042FC01808131
:1083F00091818093A62B9093A72BA091A62BB0914F
:10840000A72B2091D62B3091D72B4091D82B509170
:10841000D92B0E948D45B3E0969587957795679502
:10842000BA95D1F7C090D02BD090D12BE090D22B21
:10843000F090D32BA50194012C193D094E095F0939
:1084400069017A016C157D058E059F0550F4605F0A
:10845000784D8F4F9F4F21E0C616D706E806F906E4
:1084600008F020E02093132C8091002C9091012C97
:10847000892B09F46DC08091F22B9091F32B059715
:1084800009F066C08091BF2B882359F18091CA2BD7
:108490009091CB2B9695879508968031910510F099
:1084A0008FE090E02091AA2B3091AB2B880F991F81
:1084B0002115310549F48C519042DC018D919C913C
:1084C0000CC08C55904285CF2130310509F06DC02C
:1084D0008C539042FC01808191818093A42B9093D6
:1084E000A52BA091A42BB091A52B2091C62B309148
:1084F000C72B4091C82B5091C92B0E948D45E3E0BA
:108500009695879577956795EA95D1F7C090C02B9A
:10851000D090C12BE090C22BF090C32BA501940109
:108520002C193D094E095F0969017A016C157D0519
:108530008E059F0550F4605F784D8F4F9F4F21E06F
:10854000C616D706E806F90608F020E02093112C9D
:108550008091FD2B9091FE2B892B09F4FCC1809119
:10856000F02B9091F12B059709F0F5C18091AF2B7D
:10857000882351F18091BA2B9091BB2B96958795CA
:1085800008968031910510F08FE090E02091AA2BA1
:108590003091AB2B880F991F2115310549F48C516F
:1085A0009042DC018D919C910BC08C55904285CFFF
:1085B00021303105F1F58C539042FC01808191818D
:1085C0008093A22B9093A32BA091A22BB091A32BCD
:1085D0002091B62B3091B72B4091B82B5091B92BED
:1085E0000E948D4523E096958795779567952A9506
:1085F000D1F7C090B02BD090B12BE090B22BF0907F
:10860000B32B8C189D08AE08BF08681579058A053C
:108610009B0508F08ACC605F784D8F4F9F4F21E01B
:1086200086169706A806B90608F07FCC20930F2C73
:10863000BBCA8C559042B5CF0E941605B5CA0E94A0
:10864000EB024B015C018091092C90910A2C892B43
:10865000D9F0B7E0EB16F104B9F48091EC2B9091CE
:10866000ED2BA091EE2BB091EF2BB501A401481B8F
:10867000590B6A0B7B0B81E0403157426105710554
:1086800008F080E08093182C8091062C9091072CA4
:10869000892BE9F18091F62B9091F72B0797B9F58B
:1086A0008091DF2B8823A1F04091A02B5091A12B2A
:1086B0006091E62B7091E72B8091E82B9091E92B4C
:1086C00024E93BE20E944F1D8093922B9093932BC1
:1086D0002091922B3091932B8091052C21153105FF
:1086E000A1F08091E02B9091E12BA091E22BB09131
:1086F000E32B75016401C81AD90AEA0AFB0AC7010B
:10870000B60144E95BE20E94ED048093152C809150
:10871000032C9091042C892BE9F18091F42B9091FA
:10872000F52B0797B9F58091CF2B8823A1F04091C5
:10873000902B5091912B6091D62B7091D72B8091DB
:10874000D82B9091D92B24E83BE20E944F1D8093B7
:10875000822B9093832B2091822B3091832B8091BD
:10876000022C21153105A1F08091D02B9091D12BB5
:10877000A091D22BB091D32B75016401C81AD90AEC
:10878000EA0AFB0AC701B60144E85BE20E94ED0475
:108790008093132C8091002C9091012C892BE9F16E
:1087A0008091F22B9091F32B0797B9F58091BF2B15
:1087B0008823A1F04091802B5091812B6091C62B92
:1087C0007091C72B8091C82B9091C92B24E73BE275
:1087D0000E944F1D8093722B9093732B2091722BCC
:1087E0003091732B8091FF2B21153105A1F08091E1
:1087F000C02B9091C12BA091C22BB091C32B7501BE
:108800006401C81AD90AEA0AFB0AC701B60144E79B
:108810005BE20E94ED048093112C8091FD2B9091DE
:10882000FE2B892B09F4C6C98091F02B9091F12B76
:10883000079709F0BFC98091AF2B8823A1F0409121
:10884000702B5091712B6091B62B7091B72B80914A
:10885000B82B9091B92B24E63BE20E944F1D8093E8
:10886000622B9093632B2091622B3091632B80912C
:10887000FC2B2115310509F403CC8091B02B90918C
:10888000B12BA091B22BB091B32B75016401C81A22
:10889000D90AEA0AFB0AC701B60144E65BE20E9474
:1088A000ED04EECB2330310511F12430310509F010
:1088B000B0C9552309F4ADC9BB2309F4AAC9582F7F
:1088C00054258B2FA6C9662309F4A3C9002309F4F4
:1088D000A0C9682F6425802F9CC9992309F499C9E0
:1088E000772309F496C9982F9425872F92C944239A
:1088F00009F48FC9AA2309F48CC9482F44258A2F6B
:1089000088C9882309F4A3C961E070E08DE00E9462
:10891000B8019DC9099AA6C98B9AAFC9AC9AB8C9C2
:108920002A9AC1C901110C94A43911110C94A439CB
:108930000C942935DD2011F40C94BD300C94B93021
:1089400010E08091E728882311F40C94EE315092C6
:10895000552B0C94EE310F5F1F4F96C88F929F924C
:10896000AF92BF92CF92DF92EF92FF92CF93DF93BD
:10897000EC01688179818A819B816115710581058E
:10898000910521F464E279ED8BE597E02DE133EF79
:1089900041E050E00E946E4549015A019B01AC0143
:1089A000A7EAB1E40E948D456B017C01ACEEB4EF07
:1089B000A50194010E949B45C60ED71EE81EF91E14
:1089C000F7FE06C081E0C81AD108E10880E8F80A7D
:1089D000C882D982EA82FB82C701B6019F77DF9104
:1089E000CF91FF90EF90DF90CF90BF90AF909F908E
:1089F0008F9008958F929F92AF92BF92CF92DF9205
:108A0000EF92FF9260912228709123288091242870
:108A100090912528611571058105910521F464E285
:108A200079ED8BE597E02DE133EF41E050E00E94D6
:108A30006E4549015A019B01AC01A7EAB1E40E94CD
:108A40008D456B017C01ACEEB4EFA50194010E9451
:108A50009B45C60ED71EE81EF91EF7FE06C081E034
:108A6000C81AD108E10880E8F80AC0922228D092FA
:108A70002328E0922428F0922528C701B6019F7789
:108A8000FF90EF90DF90CF90BF90AF909F908F902E
:108A9000089560932228709323288093242890932C
:108AA0002528089503D0808199270895FC01E0507E
:108AB000FC4E0895262FAF93BF93E0E0F0E13281A2
:108AC00031FDFDCFDC01A050BC4E2C932DE924BF1D
:108AD00023E020830196BF91AF910895052E97FB67
:108AE0001EF400940E94854557FD07D00E94A045C2
:108AF00007FC03D04EF40C94854550954095309575
:108B000021953F4F4F4F5F4F0895909580957095F9
:108B100061957F4F8F4F9F4F08950E94C245A59F3B
:108B2000900DB49F900DA49F800D911D1124089568
:108B3000B7FF0C948D450E948D45821B930B0895C1
:108B4000A1E21A2EAA1BBB1BFD010DC0AA1FBB1F51
:108B5000EE1FFF1FA217B307E407F50720F0A21BC3
:108B6000B30BE40BF50B661F771F881F991F1A9430
:108B700069F760957095809590959B01AC01BD015A
:108B8000CF010895A29FB001B39FC001A39F700DB4
:108B9000811D1124911DB29F700D811D1124911D05
:108BA00008955058BB27AA270E94E9450C94C14656
:108BB0000E94B34638F00E94BA4620F039F49F3F35
:108BC00019F426F40C94B0460EF4E095E7FB0C94EF
:108BD000AA46E92F0E94D24658F3BA1762077307D4
:108BE0008407950720F079F4A6F50C94F4460EF46A
:108BF000E0950B2EBA2FA02D0B01B90190010C01AD
:108C0000CA01A0011124FF27591B99F0593F50F4C4
:108C1000503E68F11A16F040A22F232F342F44271C
:108C2000585FF3CF469537952795A795F040539514
:108C3000C9F77EF41F16BA0B620B730B840BBAF0E4
:108C40009150A1F0FF0FBB1F661F771F881FC2F74F
:108C50000EC0BA0F621F731F841F48F48795779563
:108C60006795B795F7959E3F08F0B0CF9395880F1D
:108C700008F09927EE0F9795879508950E94DA4698
:108C800088F09F5798F0B92F9927B751B0F0E1F0CD
:108C9000660F771F881F991F1AF0BA95C9F714C07D
:108CA000B13091F00E94F446B1E008950C94F4467E
:108CB000672F782F8827B85F39F0B93FCCF38695B6
:108CC00077956795B395D9F73EF490958095709513
:108CD00061957F4F8F4F9F4F0895E89409C097FB90
:108CE0003EF490958095709561957F4F8F4F9F4F83
:108CF0009923A9F0F92F96E9BB279395F6958795C7
:108D000077956795B795F111F8CFFAF4BB0F11F489
:108D100060FF1BC06F5F7F4F8F4F9F4F16C0882330
:108D200011F096E911C0772321F09EE8872F762F66
:108D300005C0662371F096E8862F70E060E02AF0A7
:108D40009A95660F771F881FDAF7880F9695879593
:108D500097F9089597F99F6780E870E060E00895BB
:108D60009FEF80EC089500240A9416161706180643
:108D70000906089500240A9412161306140605061F
:108D80000895092E0394000C11F4882352F0BB0FB0
:108D900040F4BF2B11F460FF04C06F5F7F4F8F4F13
:108DA0009F4F089557FD9058440F551F59F05F3F4E
:108DB00071F04795880F97FB991F61F09F3F79F0FD
:108DC00087950895121613061406551FF2CF46957F
:108DD000F1DF08C0161617061806991FF1CF869501
:108DE0007105610508940895E894BB2766277727E5
:108DF000CB0197F908950E940E470C94C1460E943A
:108E0000B34638F00E94BA4620F0952311F00C9436
:108E1000AA460C94B04611240C94F5460E94D24602
:108E200070F3959FC1F3950F50E0551F629FF001BD
:108E3000729FBB27F00DB11D639FAA27F00DB11DD6
:108E4000AA1F649F6627B00DA11D661F829F22275F
:108E5000B00DA11D621F739FB00DA11D621F839FE6
:108E6000A00D611D221F749F3327A00D611D231FBC
:108E7000849F600D211D822F762F6A2F11249F570A
:108E800050409AF0F1F088234AF0EE0FFF1FBB1F0D
:108E9000661F771F881F91505040A9F79E3F5105CC
:108EA00080F00C94AA460C94F5465F3FE4F3983E9C
:108EB000D4F3869577956795B795F795E7959F5F76
:108EC000C1F7FE2B880F911D9695879597F9089508
:108ED000DB018F939F930E948D45BF91AF91A29F1D
:108EE000800D911DA39F900DB29F900D11240895A8
:108EF000AA1BBB1B51E107C0AA1FBB1FA617B707C0
:108F000010F0A61BB70B881F991F5A95A9F78095DB
:108F10009095BC01CD01089597FB072E16F400949F
:108F200007D077FD09D00E94784707FC05D03EF4B2
:108F3000909581959F4F0895709561957F4F089505
:108F4000EE0FFF1F0590F491E02D0994F894FFCFE8
:108F50001514121300002800E600680108025802E8
:108F60003403D4030004000028006400E600270155
:108F70006801B801080230025802C60234038403B3
:108F8000D4030004010001000100010002000300FD
:108F900004000800040003000200010001000100B9
:108FA00001000100010000000000000000000000BE
:108FB00000000000010000000000000000000000B0
:108FC000000000000100000000000100000000009F
:108FD000010000000000000001000000010000008E
:108FE000000000000100000001000000010000007E
:108FF000010000000100000001000000010000006D
:10900000010000000000000000000000010000005E
:10901000000000000000000000000000010000004F
:10902000000000000100000000000000000000003F
:10903000000000000100000000000000000000002F
:10904000010000000100000000000100000000001D
:10905000000001000000000001000000010000000D
:1090600000000000010000000100000001000000FD
:1090700001000000010000000100000001000000EC
:1090800001000200000000000000000001000000DC
:1090900000000000000000000100000001000000CE
:1090A00000000000010000000000000000000000BF
:1090B00000000000010000000000000000000000AF
:1090C000000000000100000000000100000000009E
:1090D000010000000000000001000000000001008D
:1090E000000000000100000001000000010000007D
:1090F000010000000100000001000000010000006C
:10910000010000000000000001000000000000005D
:10911000000001000000000000000000010000004D
:10912000000000000100000000000100000000003D
:10913000010000000100000000000100000000002C
:10914000010000000100000000000000000000001D
:10915000000000000100000000000000000000000E
:1091600000000000010000000100000001000000FC
:1091700001000000010000000100000001000000EB
:1091800001000000000000000000010000000000DD
:1091900001000000000000000000010000000000CD
:1091A00001000000010000000000000000000000BD
:1091B00000000000010000000000000000000000AE
:1091C000000000000100000001000100000001009B
:1091D000010000000100000001000100000001008A
:1091E000010000000100000001000000010000007B
:1091F000010000000100000001000000010000006B
:10920000010000000100000000000000000000005C
:10921000010000000100000000000000000000004C
:10922000010000000100000000000000000000003C
:10923000000000000100000000000000000000002D
:10924000000000000100000000000100000000001C
:10925000010000000000000001000000010000000B
:1092600000000000010000000100010000000100FA
:1092700000000100000001000100000001000000EA
:1092800001000000000000000000000001000000DC
:1092900000000000000000000000000001000000CD
:1092A00000000000010000000000000000000000BD
:1092B00001000000000000000000000001000000AC
:1092C000000000000100000001000000010000009B
:1092D000000001000000010000000100000000008B
:1092E000010000000100000001000000010000007A
:1092F000010000000100000001000000010000006A
:10930000010000000100000000000000000001005A
:10931000000000000100000000000000000001004B
:10932000000000000000000000000100000000003C
:10933000010000000000000000000100000000002B
:10934000010000000100000000000100000000001A
:10935000000001000000000001000000010000000A
:1093600000000000010000000100000001000000FA
:1093700001000000010000000100000001000000E9
:1093800001000000010000000000000001000000DA
:1093900000000000000000000100000001000000CB
:1093A00000000000010000000000000000000000BC
:1093B00000000000010000000000000000000000AC
:1093C000000000000100000000000000000001009B
:1093D000000000000000000000000100000000008C
:1093E000000000000100000000000000010000007B
:1093F000000000000100000000000000010000006B
:10940000000000000000000001000000000000005B
:10941000000001000000000001000000000000004A
:10942000000000000100000000000000010000003A
:10943000000000000100000000000000010000002A
:10944000000000000100000000000000000001001A
:10945000000000000000000000000100000000000B
:1094600000000000010000000100000001000000F9
:1094700001000000010000000100000001000000E8
:1094800001000000010000000000000000000100D9
:1094900000000000000000000000010000000000CB
:1094A00000000000010000000000000001000000BA
:1094B00000000000010000000000000001000000AA
:1094C000000000000100000000000100000000009A
:1094D0000100000000000000010000000000010089
:1094E0000000000001000000010000000100000079
:1094F0000100000001000000010000000100000068
:109500000100000000000000010000000000000059
:109510000000010000000000000001000000000049
:109520000100000001000000000001000000000038
:109530000100000000000100000000000100000028
:109540000000010001000000000001000000000018
:109550000100000000000000010000000100000008
:1095600000000000010000000100000001000000F8
:1095700001000000010000000100000001000000E7
:1095800001000000010000000000000000000000D9
:1095900000000000010000000000000000000000CA
:1095A00000000000010000000000000000000000BA
:1095B00001000000010000000000000000000000A9
:1095C0000100000001000000000001000000000098
:1095D0000100000000000000010000000100000088
:1095E0000000000001000000010000000100000078
:1095F0000100000001000000010000000100000067
:109600000100000000000000000000000100000058
:109610000000000000000000000000000100000049
:109620000000000000000000000000000100000039
:109630000000000000000000000000000100000029
:109640000000000001000000000001000000000018
:109650000100000000000100000000000100000007
:1096600001000000010001000100000001000000F5
:1096700001000100010001000100000001000000E4
:1096800002000200010000000000010000000100D3
:1096900000000000010000000000010000000100C7
:1096A00000000000010000000000000000000000B9
:1096B00001000000000000000000000001000000A8
:1096C0000000000001000000010000000100000097
:1096D0000000010000000100000001000000000087
:1096E0000100000001000000020000000100000075
:1096F0000100000004000000010000000100000063
:109700000200020001000000000001000000010052
:109710000000000001000000000001000000010046
:109720000000000004000400000001000000000030
:10973000010000000400040000000000010000001F
:109740000100000001000000000001000000000016
:109750000100000000000000010000000100000006
:1097600002000200040004000200020001000100E7
:1097700001000000040004000200020001000000DB
:1097800004000400010000000000010000000100CE
:1097900000000100010000000000010000000100C5
:1097A00002000200010000000000000000000000B4
:1097B00000000000000000000000000000000000A9
:1097C0000000000001000000000000000000000098
:1097D0000000000000000000000000000000000089
:1097E0000000000001000000000000000100000077
:1097F0000000000001000000000000000100000067
:109800000000000001000000000000000000000057
:109810000000000000000000000000000000000048
:109820000000000001000000000000000000000037
:109830000000000000000000000000000100000027
:109840000000000001000000000000000000000017
:109850000000000000000000000000000000000008
:1098600000000000010000000000000001000000F6
:1098700001000000010000000000000001000000E5
:1098800000000000010000000000000000000000D7
:1098900000000000000000000000000000000000C8
:1098A00000000000010000000000000000000000B7
:1098B00001000000000000000000000000000000A7
:1098C0000000000001000000000000000000000097
:1098D0000000000000000000000000000000000088
:1098E0000000000001000000010000000100000075
:1098F0000000000001000000010000000100000065
:109900000000000001000000000000000000000056
:109910000000000000000000000000000100000046
:109920000000000001000000000000000000000036
:109930000100000000000000000000000000000026
:109940000000000001000000000000000000000016
:109950000000000000000000000000000000000007
:1099600000000000010000000100000001000000F4
:1099700001000000010000000100000001000000E3
:1099800001000000010000000000000000000000D5
:1099900000000000010000000000000001000000C5
:1099A00000000000010000000000000000000000B6
:1099B00001000000000000000000000001000000A5
:1099C0000000000001000000000000000000000096
:1099D0000000000000000000000000000100000086
:1099E0000000000001000000010000000100000074
:1099F0000100000001000100010000000100000062
:109A00000100020001000000000000000000000052
:109A10000000000001000000000000000000000045
:109A20000000000001000000000000000000000035
:109A30000100000000000000000000000100000024
:109A40000000000001000000000000000000000015
:109A50000000000000000000000000000000000006
:109A600001000000010000000100000001000000F2
:109A700001000100010000000100010001000000E0
:109A800001000000010000000100000000000000D3
:109A900000000000000000000000000000000000C6
:109AA00001000000010000000000010000000000B3
:109AB00001000000000000000000000001000000A4
:109AC0000000000001000000000000000000000095
:109AD0000000000000000000010000000000000085
:109AE0000100000001000100010000000100000071
:109AF0000100000001000100010000000100000061
:109B0000020002000100000000000100000000004F
:109B10000100000001000000010000000000000042
:109B20000000000001000000000000000000000034
:109B30000100000000000000000000000100000023
:109B40000100000001000000000000000000000013
:109B50000000000000000000000000000000000005
:109B600001000000010000000100000001000100F0
:109B700001000000040004000100000001000100D9
:109B800001000000010000000000010000000000D2
:109B900001000000000001000000000001000000C2
:109BA00000000100010000000100000000000000B2
:109BB00000000000000000000000000001000000A4
:109BC0000000000001000000000000000000010093
:109BD0000000000001000000000000000000000084
:109BE0000000000001000100010000000000000072
:109BF0000000000001000100010000000000000062
:109C00000000000001000000010000000100000051
:109C1000010000000100010001000000010000003F
:109C20000100000001000000010000000100000030
:109C30000000000000000000000000000000000024
:109C40000000000001000000000001000000010011
:109C50000000000000000000000000000000000004
:109C600000000000020002000100000001000000EE
:109C700001000000010001000100000001000000DF
:109C800004000400010000000000010000000100C9
:109C900000000000010000000100000000000000C2
:109CA00000000000010000000100000001000000B1
:109CB00000000000000000000000000000000000A4
:109CC0000100000001000000000000000000000092
:109CD0000000000000000000010000000100000082
:109CE000000000000200020001000100010000006D
:109CF000010000000100010001000000010000005F
:109D0000010004000000000001000000000000004D
:109D10000100000000000000010001000000000040
:109D20000100000001000000000001000000000030
:109D30000100000001000000000000000000000021
:109D40000100000001000000000000000100000010
:109D50000000000000000000010000000100000001
:109D600000000000040000000100000001000000ED
:109D700001000000040000000100000001000000DC
:109D800001000400000000000100010000000000CC
:109D900001000100000000000400040000000000B9
:109DA00001000100010000000000010000000000AF
:109DB00001000000010000000000010000000000A0
:109DC0000000000001000000000000000000000092
:109DD0000000000001000000000000000100000081
:109DE0000100000001000100020002000400040064
:109DF0000200020001000100020002000400040051
:109E0000000000000100000002000200010000004C
:109E1000010000000100000001000000020002003B
:109E2000010000000100010001000000000000002E
:109E30000000000001000000000001000000000020
:109E4000000000000100000001000000010000000F
:109E50000000000000000000000000000000000002
:109E600001000100010001000100010001000100EA
:109E700001000100010001000200020004000400D2
:109E800000000000010000000200020001000000CC
:109E900001000000040004000100000002000200B4
:109EA00001000000010001000000010001000000AD
:109EB000010000000100010000000100010000009D
:109EC0000400040001000100010001000100000085
:109ED000010000000100000001000000010000007E
:109EE0000100000004000400020002000100010063
:109EF0000100000004000400020002000100010053
:109F00000400040004000400000004000400000039
:109F10000100010000000200020000000100010039
:109F20000100010004000400000000000000000027
:109F30000000000004000400020002000100010013
:109F40000000000004000400010001000100000006
:109F500001000000020002000200020001000000F7
:109F600000000000040004000200020001000100E3
:109F700000000000040004000200020001000000D4
:109F800001000000040004000000010000000100C6
:109F900001000000010000000000000000000000BF
:109FA0000100010008000800040004000200020093
:109FB0000100010001000100020002000400040091
:109FC0000800080008000600060004000400020063
:109FD000020001000100020002000400040006006B
:109FE0000600080008000700060005000400030042
:109FF0000200010001000200030004000500060049
:10A000000700080001000300040002000100040032
:10A01000030002000300040003000100020001002D
:10A02000040003000200010002000400030002001B
:10A03000010004000400020001000300040003000A
:10A0400002000100030201000C0D040500000003E2
:10A0500000010200000101000000000000000000FB
:10A060000000000000002010012040041002080140
:10A070000201020408040201040810200408201050
:10A0800002020005020105000401010404040303A7
:10A090000303050503030000010105040005060292
:10A0A0000401030001000102030201000203040590
:10A0B00002030504000000004501AA03AA0096015E
:10A0C000DB00B900CD00DD174B02E70010040D0ADC
:01A0D000008F
:10A0D1000101010101010101080064000024F400F3
:10A0E100030003000300030001000100020003005C
:06A0F10004000100000064
:00000001FF
