:100000000C9451000C9479000C9479000C947900B4
:100010000C9479000C9479000C949F2E0C94790028
:100020000C9479000C9479000C9479000C9479006C
:100030000C9479000C9479000C9479000C9479005C
:100040000C9479000C9479000C9479000C9479004C
:100050000C94302E0C9479000C9479000C94790057
:100060000C94552E0C9479000C9479000C94790022
:100070000C9479000C94E62D0C9479000C94790082
:100080000C9479000C9479000C947A2E0C940B2E1D
:100090000C94822D0C94EA2E0C94C42E0C947900AE
:1000A000332F11241FBECFEFCDBFDFE3DEBF18E239
:1000B000A0E0B8E2E7E6F2EA02C005900D92A632AF
:1000C000B107D9F72DE2A6E2B8E201C01D92AD3D1D
:1000D000B207E1F710E0C1E5D0E004C02197FE01CE
:1000E0000E946B48C035D107C9F70E94702F0C944D
:1000F00071480C94000090E0FC01E05DFD41E0815E
:10010000EF3F39F18A5E9D41DC012C91822F880FEF
:10011000880F880F8E0F8033E0F490E0880F991FCE
:10012000DC01A254B34D6D937C93825A934DDC0154
:100130001D921C92B0E22B9FC00111249C5F40963F
:10014000E80FF92FF11D8081887F80838081826094
:1001500080830895FC0154894589252F30E0842F40
:1001600090E0821B930B541710F0CF9608950197DF
:100170000895FC0192898389981761F0A389AE0FD5
:10018000BF2FB11D59968C9193899F5F9F73938B5D
:1001900090E008958FEF9FEF0895FC019289838985
:1001A000981731F08389E80FF11D818D90E0089553
:1001B0008FEF9FEF0895FC0192892389892F90E0AA
:1001C000805C9F4F821B91098F7399270895CF936D
:1001D000DF93EC01E881F9810680F781E02D099534
:1001E000EC85FD8586818F738683EC85FD85858111
:1001F0008F7585838B898A8B198ADF91CF910895BA
:10020000CF93DF93FC0194898589C485D5859813A4
:1002100006C08D818F7D8D83DF91CF910895A58953
:10022000AE0FBF2FB11DA75ABF4F2C91858990E00B
:1002300001968F739927858B80E48C83A485B5857F
:1002400012962C93948985899813E6CFA485B58559
:1002500015968C9115978F7D15968C938789882399
:10026000D9F2808D80931301178AD6CFDC011C96BA
:10027000ED91FC910FB607FE03C0258125FD04C05A
:10028000248125FD0C9400010895EF92FF920F93B5
:100290001F93CF93DF93EC0181E0898B9C898D893B
:1002A00098131CC0AC85BD8514968C91149785FF5E
:1002B00015C012966C93AC85BD8580E414968C9322
:1002C000EC85FD8585818F7D858381E090E0DF91E0
:1002D000CF911F910F91FF90EF90089580911101A0
:1002E00080FF08C080911301888F8E89809313014D
:1002F00081E08F8BF62E0C8910E00F5F1F4F0F737C
:100300001127E02E8D898E1104C0CE010E94360186
:10031000F9CFEC89EC0FFD2FF11DE75AFF4FF0826A
:100320000C8BEC85FD8585818062CECFCF93DF93EA
:10033000FC0121892223C9F0EC018091110180FF89
:1003400008C080911301808F86898093130181E01A
:10035000878BEC85FD85858185FD03C0848186FDC5
:1003600004C0CE010E943601F4CFDF91CF910895F1
:10037000282F30E0F901E450FE4140814F3F09F45D
:100380004EC08B3258F4F901EE51FE41E081EE236C
:1003900029F0E13099F010F0E63010F1F901EA5E51
:1003A000FD41E081A0E2EA9FF0011124FC5F808121
:1003B000842311F1672BF1F446830895E091010A3B
:1003C000D901A05DBD415C915C5F81E090E001C01E
:1003D000880F5A95EAF780958E238093010ADECF25
:1003E00080E1E89FF0011124E05AF54F81818F7E72
:1003F0008183D4CF45830895205D3D41D9018C91FF
:10040000309771F08F3F61F07096E80FF11D9FB744
:10041000F8948081672B39F4877F80839FBF08958C
:10042000F0E0E0E0F4CF8860F8CFCF93DF9390E086
:10043000FC01E450FE4120812F3F71F0FC01EA5E97
:10044000FD41A08130E2A39FD0011124BC5F613047
:10045000710529F411962C93DF91CF910895805D59
:100460009D41EC01E881EF3F89F0CD014096E80F16
:10047000F92FF11D9FB7F89412962C93808162306A
:10048000710539F4886080839FBFE6CFF0E0E0E03B
:10049000F1CF877FF8CFCF92DF92EF92FF920F9349
:1004A0001F93CF93DF93EC016A017B01022F8989AF
:1004B000882339F0E881F9810288F389E02DCE01A3
:1004C000099598898091E205892B8093E2051FB7F1
:1004D000F89460E070E281EA97E0A70196010E943B
:1004E0006B4669017A018FEFC81AD80AE80AF80A40
:1004F000F694E794D794C794EC85FD8586818D7F2B
:100500008683EC85FD8586818683198AA0912311D7
:100510000A2E000CBB0BA70196010E94634620E047
:1005200034E040E050E00E943946EC85FD85C20E83
:10053000D31EE41EF51EC086D186EC85FD8507839B
:10054000EC85FD858681806C8683EC85FD858581C3
:10055000806885838E858B3220F462E070E00E9493
:1005600015028F858B3220F461E070E00E94B801A3
:100570008F858B3220F461E070E00E9415021FBF6E
:10058000DF91CF911F910F91FF90EF90DF90CF906F
:100590000895E82FF0E0E652FE418E30B8F48081F5
:1005A0008F30B0F48093060681E080930806809136
:1005B0000B0680FFFCCF2FB7F89490911006809126
:1005C00011062FBF89279827892708953E97E7CFDF
:1005D0008FEF90E00895CF93DF938FB7F894209139
:1005E000522C3091532C4091542C5091552CE09129
:1005F000BA0A9091B60A90FF06C02F5F3F4F4F4F47
:100600005F4FE091BA0A8FBFA0915C2CB0915D2C36
:10061000C0915A2CD0915B2C0E945846EC9F9001BF
:10062000ED9F300D1124620F731F811D911DDF910D
:10063000CF9108958F929F92AF92BF92EF92FF92C7
:100640001F93CF93DF93EC014A015B01790111E025
:1006500081149104A104B10409F410E00E94EB029A
:10066000FE013296AE014E5E5F4FE417F50798F536
:1006700020813181232B11F07096F7CF309759F1FB
:10068000288139812F5F3F4F19F1288339834881B1
:10069000598146875787E082F182128213826483F0
:1006A00075838683978380869186A286B386212F61
:1006B00030E024873587CF0184279527DF91CF91BC
:1006C0001F91FF90EF90BF90AF909F908F900895F3
:1006D00021E030E0DACF90E080E0F0CF8F929F927F
:1006E000AF92BF92CF92DF92EF92FF924B015C01EB
:1006F0000E94EB026B017C01A8EEB3E0A50194011E
:100700000E945846C60ED71EE81EF91EC616D7060A
:10071000E806F90618F40E94EB02F8CF0E94EB02FB
:100720006C157D058E059F05C8F3FF90EF90DF9057
:10073000CF90BF90AF909F908F9008952FB7F8946F
:1007400060914E2C70914F2C8091502C9091512C97
:100750002FBF0895AF92BF92CF92DF92EF92FF9298
:100760000F931F93CF93DF936C017B018B01040FD9
:10077000151FEB015E01AE18BF08C017D10759F075
:100780006991D601ED91FC910190F081E02DC601B7
:100790000995892B79F7C501DF91CF911F910F91B1
:1007A000FF90EF90DF90CF90BF90AF900895EF92C1
:1007B000FF920F931F93CF93DF93C82FD0E0A096A3
:1007C00095E0CC0FDD1F9A95E1F7E984F82EFF0C38
:1007D000FF0CFF0C01E010E08E2D8023A9F02F2DDF
:1007E000210F30E0220F331FF901E254F34D8081D5
:1007F0009181892B49F00190F081E02D225A334DEF
:10080000D9018D919C9109951F5F000F183021F738
:10081000E986DF91CF911F910F91FF90EF9008959E
:1008200081E008954F925F926F927F928F929F9294
:10083000AF92BF92CF92DF92EF92FF920F931F93EE
:10084000CF93DF938C010E94EB026B017C01E801E6
:10085000229688248A94982C54010E5E1F4FC0174C
:10086000D10748F588819981892B01F10E94EB021B
:100870004C805D806E807F80AB01BC0144195509BE
:100880006609770988859985AA85BB854817590720
:100890006A077B0768F4841B950BA60BB70B8815BA
:1008A0009905AA05BB0510F44C015D016096D7CFF0
:1008B000812C912C54010E94EB02DC01CB018C199C
:1008C0009D09AE09BF0988159905AA05BB05F8F46D
:1008D0002FEF82169206A206B206C9F0A501940176
:1008E000281B390B4A0B5B0BCA01B901DF91CF9171
:1008F0001F910F91FF90EF90DF90CF90BF90AF903E
:100900009F908F907F906F905F904F90089560E0E0
:1009100070E0CB01EBCFAF92BF92CF92DF92EF921C
:10092000FF920F931F93CF93DF93EC0122968C01DC
:100930000E5E1F4FAA24A394B12CC017D10708F054
:1009400041C088819981892B51F10E94EB026B0192
:100950007C018C819D81AE81BF81A7019601281BFE
:10096000390B4A0B5B0BDA01C901488559856A8549
:100970007B8584179507A607B70788F0E881F9817A
:100980008A819B810995882361F08C859D85892BBF
:1009900041F0AC86BD86CC82DD82EE82FF8260961D
:1009A000CCCF188219821A821B821C821D821E8261
:1009B0001F82188619861A861B861C861D861E862F
:1009C0001F86EDCFDF91CF911F910F91FF90EF9098
:1009D000DF90CF90BF90AF900895CF92DF92EF92CB
:1009E000FF926B017C01FA0150E040E0421753078F
:1009F000A9F081919191A191B1918C159D05AE05C0
:100A0000BF0548F4805F984DAF4FBF4FC816D90659
:100A1000EA06FB0648F04F5F5F4FE8CF80E0FF90AB
:100A2000EF90DF90CF90089581E0F9CF4F925F92E1
:100A30006F927F928F929F92AF92BF92CF92DF92EE
:100A4000EF92FF920F931F93CF93DF930E94EB02DD
:100A50004B015C012091EA2B3091EB2BE090DA2BDB
:100A6000F090DB2B0091CA2B1091CB2BC091BA2BAD
:100A7000D091BB2B80914D2B90914E2B5AE3C52EDC
:100A800051EDD52E892B21F44AE3C42E49EDD42E05
:100A90008091092C90910A2C892BE9F08091F82BF8
:100AA0009091F92B0697B9F48091EC2B9091ED2B56
:100AB000A091EE2BB091EF2BB501A401481B590B6F
:100AC0006A0B7B0B81E0403157426105710508F0EC
:100AD00080E080934A2C80910429882391F18091B1
:100AE000A7289091A8280196E0E1F0E0BF010E94BC
:100AF00057488093A7289093A8288091A528909183
:100B0000A6280196BF010E9457488093A52890937C
:100B1000A6288091A3289091A4280196BF010E9445
:100B200057488093A3289093A4288091A12890915E
:100B3000A2280196BF010E9457488093A128909354
:100B4000A2288091DF2B882321F01092A7281092F1
:100B5000A8288091CF2B882321F01092A5281092ED
:100B6000A6288091BF2B882321F01092A3281092F1
:100B7000A4288091AF2B882321F01092A1281092F5
:100B8000A2288091062C9091072C892B09F446C04D
:100B90008091F62B9091F72B069709F03FC0369580
:100BA000322F2227379527952C0D3D1DE091F228F5
:100BB000F091F328EE0FFF1FE20FF31F81E0408159
:100BC0005181452B09F480E08093B4288091A728B7
:100BD0009091A828880F991F280F391FF9012081AB
:100BE0003181223031050CF016C1232BA1F0809108
:100BF000FB289091FC28A091FD28B091FE28B5011A
:100C0000A401481B590B6A0B7B0B81E04838534108
:100C10006105710508F080E08093472C8091032CDA
:100C20009091042C892B09F448C08091F42B909169
:100C3000F52B069709F041C0F694FE2CEE24F794AC
:100C4000E794EC0CFD1CE091F228F091F3287096EB
:100C5000EE0FFF1FEE0DFF1D81E020813181232B60
:100C600009F480E08093B1288091A5289091A6286E
:100C70004096880F991FE80EF91EF70120813181F7
:100C8000223031050CF0F1C0232BA1F08091FB281C
:100C90009091FC28A091FD28B091FE28B501A401F7
:100CA000481B590B6A0B7B0B81E0483853416105A7
:100CB000710508F080E08093452C8091002C909184
:100CC000012C892B09F448C08091F22B9091F32BD1
:100CD000069709F041C01695102F00271795079524
:100CE0000C0D1D1DE091F228F091F328B096EE0F47
:100CF000FF1FE00FF11F81E020813181232B09F4D8
:100D000080E08093AE288091A3289091A4288096BB
:100D1000880F991F080F191FF80120813181223097
:100D200031050CF0CCC0232BA1F08091FB289091D1
:100D3000FC28A091FD28B091FE28B501A401481B14
:100D4000590B6A0B7B0B81E04838534161057105F3
:100D500008F080E08093432C8091FD2B9091FE2B36
:100D6000892B09F447C08091F02B9091F12B0697C5
:100D700009F040C0D695DC2FCC27D795C795CC0E6F
:100D8000DD1EE091F228F091F328F096EE0FFF1FA0
:100D9000EC0DFD1D81E020813181232B09F480E0E1
:100DA0008093AB28C091A128D091A228E096CC0FC7
:100DB000DD1FCC0DDD1D28813981223031050CF07D
:100DC000A8C0232BA1F08091FB289091FC28A09132
:100DD000FD28B091FE28881A990AAA0ABB0A81E068
:100DE00098E8891693E19906A104B10408F080E01F
:100DF0008093412CDF91CF911F910F91FF90EF9045
:100E0000DF90CF90BF90AF909F908F907F906F902A
:100E10005F904F9008958091222990912329A0916D
:100E20002429B091252924013501481A590A6A0A52
:100E30007B0A032E000C440B550B60911E29709108
:100E40001F2980912029909121290E946B46C3017E
:100E5000B2010E946B4621E068387341810591051B
:100E600008F020E02093472CD9CE80912229909140
:100E70002329A0912429B091252924013501481A5C
:100E8000590A6A0A7B0A032E000C440B550B609129
:100E90001E2970911F2980912029909121290E945B
:100EA0006B46C301B2010E946B4621E06838734172
:100EB0008105910508F020E02093452CFECE80911D
:100EC000222990912329A0912429B0912529240138
:100ED0003501481A590A6A0A7B0A032E000C440B92
:100EE000550B60911E2970911F29809120299091A6
:100EF00021290E946B46C301B2010E946B4621E08A
:100F0000683873418105910508F020E02093432C57
:100F100023CF8091222990912329A0912429B09157
:100F20002529881A990AAA0ABB0A032E000C440B29
:100F3000550B60911E2970911F2980912029909155
:100F400021290E946B46C501B4010E946B4621E035
:100F5000683873418105910508F020E02093412C09
:100F600049CF8F929F92AF92BF92CF92DF92EF9232
:100F7000FF92CF93DF938091092C90910A2C892BBB
:100F8000E9F08091F82B9091F92B0397B9F40E9426
:100F9000EB02C090EC2BD090ED2BE090EE2BF0907C
:100FA000EF2B6C197D098E099F0921E06031774292
:100FB0008105910508F020E020934A2C8091062CB1
:100FC0009091072C892B09F4D1C08091F62B909138
:100FD000F72B039709F0CAC08091DF2B2091EA2BF1
:100FE0003091EB2B2930310508F453C3811104C033
:100FF0008091A028882371F110929C2810929D283E
:1010000010929E2810929F2840910C2850910D28F4
:101010008091A02B9091A12B969587952AE032E0A4
:10102000281B390B440F551FFA01E65DFE42A081D3
:10103000B1810E948D46465E5E42FA012081318177
:1010400050E040E00E946B4620939A2830939B2802
:101050001092A02880909C2890909D28A0909E2877
:10106000B0909F28C0919A28D0919B286E01F12CB6
:10107000E12CFAE08F169104A104B104F0F4409140
:101080000C2850910D28440F551FFA01E65DFE42D1
:1010900020813181A8EEB3E00E948D46465E5E421B
:1010A000FA012081318150E040E00E946B4681E0EE
:1010B000C216D306E406F50608F080E08093472CBC
:1010C000C814D904EA04FB04F0F510929C2810928D
:1010D0009D2810929E2810929F2840910C28509194
:1010E0000D282091A02B3091A12B81E094E0821B50
:1010F000930B60915E2970915F29869F9001879F75
:10110000300D969F300D112463E0369527956A9532
:10111000E1F72F5F3F4F440F551FFA01E65DFE4296
:10112000A081B1810E948D46465E5E42FA01208117
:10113000318150E040E00E946B462C0F3D1F209310
:101140009A2830939B2880919C2890919D28A0916B
:101150009E28B0919F280196A11DB11D80939C28C7
:1011600090939D28A0939E28B0939F288091032C54
:101170009091042C892B09F4D1C08091F42B90918B
:10118000F52B039709F0CAC08091CF2B2091DA2B61
:101190003091DB2B2930310508F403C3811104C0E1
:1011A00080919928882371F11092952810929628A1
:1011B000109297281092982840910E2850910F284D
:1011C0008091902B9091912B969587952AE032E013
:1011D000281B390B440F551FFA01E65DFE42A08122
:1011E000B1810E948D46465E5E42FA0120813181C6
:1011F00050E040E00E946B4620939328309394285F
:10120000109299288090952890909628A0909728E1
:10121000B0909828C0919328D09194286E01F12C19
:10122000E12CFAE08F169104A104B104F0F440918E
:101230000E2850910F28440F551FFA01E65DFE421B
:1012400020813181A8EEB3E00E948D46465E5E4269
:10125000FA012081318150E040E00E946B4681E03C
:10126000C216D306E406F50608F080E08093452C0C
:10127000C814D904EA04FB04F0F5109295281092E2
:101280009628109297281092982840910E285091F5
:101290000F282091902B3091912B81E094E0821BBC
:1012A000930B60915C2970915D29869F9001879FC7
:1012B000300D969F300D1124F3E036952795FA9561
:1012C000E1F72F5F3F4F440F551FFA01E65DFE42E5
:1012D000A081B1810E948D46465E5E42FA01208166
:1012E000318150E040E00E946B462C0F3D1F20935F
:1012F0009328309394288091952890919628A091D6
:101300009728B09198280196A11DB11D809395282A
:1013100090939628A0939728B09398288091002CBA
:101320009091012C892B09F4D1C08091F22B9091DE
:10133000F32B039709F0CAC08091BF2B2091CA2BD1
:101340003091CB2B2930310508F4B3C2811104C090
:1013500080919228882371F110928E2810928F2804
:1013600010929028109291284091102850911128A5
:101370008091802B9091812B969587952AE032E081
:10138000281B390B440F551FFA01E65DFE42A08170
:10139000B1810E948D46465E5E42FA012081318114
:1013A00050E040E00E946B4620938C2830938D28BB
:1013B0001092922880908E2890908F28A09090284C
:1013C000B0909128C0918C28D0918D286E01F12C7D
:1013D000E12CFAE08F169104A104B104F0F44091DD
:1013E000102850911128440F551FFA01E65DFE4266
:1013F00020813181A8EEB3E00E948D46465E5E42B8
:10140000FA012081318150E040E00E946B4681E08A
:10141000C216D306E406F50608F080E08093432C5C
:10142000C814D904EA04FB04F0F510928E28109237
:101430008F28109290281092912840911028509156
:1014400011282091802B3091812B81E094E0821B28
:10145000930B60915A2970915B29869F9001879F19
:10146000300D969F300D112483E0369527958A958F
:10147000E1F72F5F3F4F440F551FFA01E65DFE4233
:10148000A081B1810E948D46465E5E42FA012081B4
:10149000318150E040E00E946B462C0F3D1F2093AD
:1014A0008C2830938D2880918E2890918F28A09140
:1014B0009028B09191280196A11DB11D80938E288E
:1014C00090938F28A0939028B09391288091FD2B22
:1014D0009091FE2B892B09F4D1C08091F02B909133
:1014E000F12B039709F0CAC08091AF2B2091BA2B42
:1014F0003091BB2B2930310508F463C2811104C03F
:1015000080918B28882371F1109287281092882867
:101510001092892810928A284091122850911328FD
:101520008091702B9091712B969587952AE032E0EF
:10153000281B390B440F551FFA01E65DFE42A081BE
:10154000B1810E948D46465E5E42FA012081318162
:1015500050E040E00E946B46209385283093862817
:1015600010928B288090872890908828A0908928B6
:10157000B0908A28C0918528D09186286E01F12CE0
:10158000E12CFAE08F169104A104B104F0F440912B
:10159000122850911328440F551FFA01E65DFE42B0
:1015A00020813181A8EEB3E00E948D46465E5E4206
:1015B000FA012081318150E040E00E946B4681E0D9
:1015C000C216D306E406F50608F080E08093412CAD
:1015D000C814D904EA04FB04F0F51092872810928D
:1015E00088281092892810928A28409112285091B8
:1015F00013282091702B3091712B81E094E0821B95
:10160000930B6091582970915929869F9001879F6B
:10161000300D969F300D112463E0369527956A951D
:10162000E1F72F5F3F4F440F551FFA01E65DFE4281
:10163000A081B1810E948D46465E5E42FA01208102
:10164000318150E040E00E946B462C0F3D1F2093FB
:101650008528309386288091872890918828A091AA
:101660008928B0918A280196A11DB11D80938728F1
:1016700090938828A0938928B0938A28DF91CF91EE
:10168000FF90EF90DF90CF90BF90AF909F908F90A2
:101690000895811104C08091A028882361F11092DF
:1016A0009C2810929D2810929E2810929F2840916D
:1016B0000C2850910D282091A02B3091A12B36950C
:1016C00027952C593F4F440F551FFA01E65DFE4206
:1016D000A081B1810E948D46465E5E42FA01208162
:1016E000318150E040E00E946B4620939A2830936D
:1016F0009B281092A02840919C2850919D28609191
:101700009E2870919F28C0909A28D0909B284A309C
:1017100051056105710528F481E0FBE0CF16D10485
:1017200008F480E08093472CF12CE12CC416D506F8
:10173000E606F70608F007CD10929C2810929D2827
:1017400010929E2810929F2860915E2970915F29C7
:1017500090E080E00E94384720E030E040E05EE327
:101760000E94C6472DEC3CEC4CEC5EE30E94C64761
:1017700020E030E040E05FE30E949D464B015C01C9
:10178000C701B6010E9438479B01AC01C501B401F5
:101790000E94C6470E94094760939A2870939B282D
:1017A000D2CC811104C080919928882361F11092D4
:1017B0009528109296281092972810929828409178
:1017C0000E2850910F282091902B3091912B369517
:1017D00027952C593F4F440F551FFA01E65DFE42F5
:1017E000A081B1810E948D46465E5E42FA01208151
:1017F000318150E040E00E946B4620939328309363
:10180000942810929928409195285091962860919B
:10181000972870919828C0909328D09094284A30A7
:1018200051056105710528F481E0FBE0CF16D10474
:1018300008F480E08093452CF12CE12CC416D506E9
:10184000E606F70608F057CD1092952810929628D4
:10185000109297281092982860915C2970915D29C8
:1018600090E080E00E94384720E030E040E05EE316
:101870000E94C6472DEC3CEC4CEC5EE30E94C64750
:1018800020E030E040E05FE30E949D464B015C01B8
:10189000C701B6010E9438479B01AC01C501B401E4
:1018A0000E94C6470E94094760939328709394282A
:1018B00022CD811104C080919228882361F1109279
:1018C0008E2810928F281092902810929128409183
:1018D0001028509111282091802B3091812B369522
:1018E00027952C593F4F440F551FFA01E65DFE42E4
:1018F000A081B1810E948D46465E5E42FA01208140
:10190000318150E040E00E946B4620938C28309358
:101910008D281092922840918E2850918F286091A6
:10192000902870919128C0908C28D0908D284A30B2
:1019300051056105710528F481E0FBE0CF16D10463
:1019400008F480E08093432CF12CE12CC416D506DA
:10195000E606F70608F0A7CD10928E2810928F2881
:10196000109290281092912860915A2970915B29C9
:1019700090E080E00E94384720E030E040E05EE305
:101980000E94C6472DEC3CEC4CEC5EE30E94C6473F
:1019900020E030E040E05FE30E949D464B015C01A7
:1019A000C701B6010E9438479B01AC01C501B401D3
:1019B0000E94C6470E94094760938C2870938D2827
:1019C00072CD811104C080918B28882361F110921F
:1019D0008728109288281092892810928A2840918E
:1019E0001228509113282091702B3091712B36952D
:1019F00027952C593F4F440F551FFA01E65DFE42D3
:101A0000A081B1810E948D46465E5E42FA0120812E
:101A1000318150E040E00E946B462093852830934E
:101A2000862810928B2840918728509188286091B1
:101A3000892870918A28C0908528D09086284A30BD
:101A400051056105710528F481E0FBE0CF16D10452
:101A500008F480E08093412CF12CE12CC416D506CB
:101A6000E606F70608F0F7CD10928728109288282E
:101A70001092892810928A286091582970915929CA
:101A800090E080E00E94384720E030E040E05EE3F4
:101A90000E94C6472DEC3CEC4CEC5EE30E94C6472E
:101AA00020E030E040E05FE30E949D464B015C0196
:101AB000C701B6010E9438479B01AC01C501B401C2
:101AC0000E94C6470E940947609385287093862824
:101AD000C2CD880F991FFC01E65FF74D0190F081A0
:101AE000E02DEE0FFF1FDF01A65DBE420D90BC9101
:101AF000A02D20911E2930911F294091202950911D
:101B000021290E945846E65EFE422081318150E044
:101B100040E00E946B46CA01B90108950F931F93DC
:101B2000CF93DF932091532B2223C9F1EC0161E085
:101B300070E08DE00E94B80161E070E08DE00E94ED
:101B4000B80161E070E08DE00E94B80110E000E0B3
:101B5000C017D10769F070E060E08DE00E94B80125
:101B600061E070E08DE00E94B8010F5F1F4FF0CF81
:101B700061E070E08DE00E94B80161E070E08DE00E
:101B80000E94B80161E070E08DE00E94B80181E040
:101B90008093482CDF91CF911F910F91089501966A
:101BA000880F991F2091492C222359F02091D12888
:101BB0003091D228820F931F8093D1289093D228FE
:101BC000E9CF1092482C8093D1289093D22881E0BD
:101BD0008093492C2AEA37E140E659E060E070E062
:101BE00089EB9DE2DF91CF911F910F910C941A0325
:101BF0008091602990916129009779F02091092CBA
:101C000030910A2C2115310531F0821B930B00977E
:101C100021F00C948E0D0197FACF089520910B2C92
:101C200030910C2C2115310569F08D7F853091059F
:101C300059F42D7F91E080E02130310509F090E0EA
:101C4000292F382FC9010895049731F42130310527
:101C5000C9F322E030E0F6CF30E020E0F3CFCF93BD
:101C6000DF938091062C9091072C892B99F0C091DD
:101C7000F62BD091F72BCE010E940E0E81309105EC
:101C800009F056C08091472C811102C08091052C2B
:101C90008093472C8091032C9091042C892B99F0F0
:101CA000C091F42BD091F52BCE010E940E0E813005
:101CB000910509F060C08091452C811102C080918E
:101CC000022C8093452C8091002C9091012C892B23
:101CD00099F0C091F22BD091F32BCE010E940E0E01
:101CE0008130910509F06AC08091432C811102C0B6
:101CF0008091FF2B8093432C8091FD2B9091FE2BA4
:101D0000892B99F0C091F02BD091F12BCE010E943C
:101D10000E0E8130910509F074C08091412C811123
:101D200002C08091FC2B8093412CDF91CF910895CC
:101D3000029709F0AFCF9091DF2B8091052C269769
:101D400061F4992321F09091B4289093B3288823CB
:101D500009F49ECF8091B3289BCF992331F09091C5
:101D6000472C21E092279093B228882309F490CF42
:101D70008091B2288DCF029709F0A5CF9091CF2BFB
:101D80008091022C269761F4992321F09091B1283B
:101D90009093B028882309F494CF8091B02891CFF4
:101DA000992331F09091452C21E092279093AF2810
:101DB000882309F486CF8091AF2883CF029709F05A
:101DC0009BCF9091BF2B8091FF2B269761F4992395
:101DD00021F09091AE289093AD28882309F48ACF02
:101DE0008091AD2887CF992331F09091432C21E049
:101DF00092279093AC28882309F47CCF8091AC285B
:101E000079CF029709F091CF9091AF2B8091FC2B65
:101E1000269761F4992321F09091AB289093AA28FA
:101E2000882309F480CF8091AA287DCF992331F0AF
:101E30009091412C21E092279093A928882309F4BE
:101E400072CF8091A9286FCF80911329882309F43C
:101E5000DFC080913E2990913F2920913A2930910D
:101E60003B29820F931F877099279C01B3E0220FB3
:101E7000331FBA95E1F7F901EC59F64D648175818C
:101E80004091502B411107C16115710509F4FEC045
:101E90008091CD289091CE2820911129309112293E
:101EA0002817390708F0F2C0409708F4EFC0809176
:101EB0005F2B8111EBC0808191818093F82B9093EF
:101EC000F92B828193818093622990936329609397
:101ED000092C70930A2C2681378120936029309336
:101EE0006129A6E096958795AA95E1F7803191053D
:101EF00008F0B1C080932C2990932D292091AA2B12
:101F00003091AB2B80912C2990912D2921303105D6
:101F100009F4B0C008F4A2C02230310509F4B0C001
:101F20008091F82B9091F92B8093F02B9093F12BCB
:101F30008093F22B9093F32B8093F42B9093F52BBB
:101F40008093F62B9093F72B8091622990916329CF
:101F50008093702B9093712B8093802B9093812B87
:101F60008093902B9093912B8093A02B9093A12BF7
:101F70008091092C90910A2C8093FD2B9093FE2B3D
:101F80008093002C9093012C8093032C9093042C2D
:101F90008093062C9093072C809160299091612961
:101FA000809358299093592980935A2990935B29BB
:101FB00080935C2990935D2980935E2990935F299B
:101FC00080912C2990912D298093BA2B9093BB2B33
:101FD0008093CA2B9093CB2B8093DA2B9093DB2B9F
:101FE0008093EA2B9093EB2B8091302990913129AB
:101FF0008093B42B9093B52B8093C42B9093C52BD7
:102000008093D42B9093D52B8093E42B9093E52B46
:102010008091092C90910A2C892BC9F48091062C6F
:102020009091072C892B99F48091032C9091042C8A
:10203000892B69F48091002C9091012C892B39F423
:102040008091FD2B9091FE2B892B09F4B1C281E088
:102050008093FB2B08958FE090E04CCF880F991F61
:10206000FC01E658FE418081918180933029909354
:10207000312956CF880F991FFC01E65AFE41F3CF54
:10208000880F991FFC01E65CFE41EDCF1092092CF0
:1020900010920A2C45CF6115710509F4E9C14091F0
:1020A000CD285091CE28A0911129B0911229A417C2
:1020B000B50708F0DDC14031510508F4D9C14091A0
:1020C0005F2B4111D5C1408151814093F82B509332
:1020D000F92B428153814093622950936329609385
:1020E000092C70930A2C6681778160936029709324
:1020F000612966E0569547956A95E1F740315105AB
:1021000008F092C140932C2950932D294091AA2B7D
:102110005091AB2B4130510509F498C108F487C1A7
:102120004230510509F49BC1B9016C59764DFB0150
:10213000EC5BFF4FA081B181109709F4C2C14091BF
:10214000CD285091CE28E0910F29F0911029E41765
:10215000F50708F0B6C14031510508F4B2C140910D
:102160005F2B4111AEC1FC0143E0EE0FFF1F4A950A
:10217000E1F7EC55F64D408151814093F62B509399
:10218000F72BFB01EE5BFF4F408151814093A02B69
:102190005093A12BA093062CB093072C6A5B7F4F22
:1021A000FB016081718160935E2970935F2966E015
:1021B000569547956A95E1F74031510508F05DC1A4
:1021C0004093EA2B5093EB2B4091AA2B5091AB2BD1
:1021D0004130510509F463C108F452C14230510540
:1021E00009F466C1B9016C59764DFB01EC57FF4FFC
:1021F000A081B181109709F48DC14091CD285091F3
:10220000CE28E0910D29F0910E29E417F50708F08A
:1022100081C14031510508F47DC140915F2B4111CE
:1022200079C1FC0143E0EE0FFF1F4A95E1F7EC5145
:10223000F64D408151814093F42B5093F52BFB01D7
:10224000EE57FF4F408151814093902B5093912B3B
:10225000A093032CB093042C6A577F4FFB0160813D
:10226000718160935C2970935D2966E0569547956E
:102270006A95E1F74031510508F028C14093DA2B07
:102280005093DB2B4091AA2B5091AB2B4130510541
:1022900009F42EC108F41DC14230510509F431C1C1
:1022A000B9016C59764DFB01EC53FF4FA081B18110
:1022B000109709F458C14091CD285091CE28E09153
:1022C0000B29F0910C29E417F50708F04CC14031B7
:1022D000510508F448C140915F2B411144C1FC01F4
:1022E00053E0EE0FFF1F5A95E1F7EC5DF54D40818D
:1022F00051814093F22B5093F32BFB01EE53FF4F90
:10230000408151814093802B5093812BA093002CCE
:10231000B093012C6A537F4FFB0160817181609300
:102320005A2970935B2966E0569547956A95E1F7BF
:102330004031510508F0F3C04093CA2B5093CB2B8A
:102340004091AA2B5091AB2B4130510509F4F9C0B3
:1023500008F4E8C04230510509F4FCC02C59364D50
:10236000F901EC5FFE4F408151814115510509F49F
:102370001AC16091CD287091CE28E0910929F09181
:102380000A29E617F70708F00EC16031710508F455
:102390000AC160915F2B611106C163E0880F991F2C
:1023A0006A95E1F7FC01EC59F54D808191818093AC
:1023B000F02B9093F12BF901EE5FFE4F808191811C
:1023C0008093702B9093712B4093FD2B5093FE2B99
:1023D0002A5F3E4FF90120813181209358293093A3
:1023E000592976E0969587957A95E1F780319105A0
:1023F00008F0BEC08093BA2B9093BB2B8091AA2B80
:102400009091AB2B8130910509F4C4C008F4B3C09E
:10241000029709F0FDCDE091BA2BF091BB2BEE0FA6
:10242000FF1FE65CFE41AFC04FE050E06BCEE09195
:102430002C29F0912D29EE0FFF1FE658FE41408117
:10244000518140933029509331296ECEE0912C294F
:10245000F0912D29EE0FFF1FE65AFE41F0CFE091DB
:102460002C29F0912D29EE0FFF1FE65CFE41E7CFEE
:102470001092092C10920A2C57CE4FE050E0A0CEBB
:10248000E091EA2BF091EB2BEE0FFF1FE658FE4197
:10249000408151814093E42B5093E52BA3CEE091F2
:1024A000EA2BF091EB2BEE0FFF1FE65AFE41F0CF27
:1024B000E091EA2BF091EB2BEE0FFF1FE65CFE4163
:1024C000E7CF1092062C1092072C8CCE4FE050E0F4
:1024D000D5CEE091DA2BF091DB2BEE0FFF1FE65803
:1024E000FE41408151814093D42B5093D52BD8CEBF
:1024F000E091DA2BF091DB2BEE0FFF1FE65AFE4145
:10250000F0CFE091DA2BF091DB2BEE0FFF1FE65CB2
:10251000FE41E7CF1092032C1092042CC1CE4FE065
:1025200050E00ACFE091CA2BF091CB2BEE0FFF1FAA
:10253000E658FE41408151814093C42B5093C52BF6
:102540000DCFE091CA2BF091CB2BEE0FFF1FE65A77
:10255000FE41F0CFE091CA2BF091CB2BEE0FFF1F85
:10256000E65CFE41E7CF1092002C1092012CF6CED3
:102570008FE090E03FCFE091BA2BF091BB2BEE0FB4
:10258000FF1FE658FE41808191818093B42B909388
:10259000B52B3ECDE091BA2BF091BB2BEE0FFF1F78
:1025A000E65AFE41F0CF1092FD2B1092FE2B30CD5B
:1025B0001092FB2B08954F925F926F927F928F92B1
:1025C0009F92AF92BF92CF92DF92EF92FF92CF9302
:1025D000DF9300D000D0CDB7DEB74B015C010E9485
:1025E000EB02C0901E29D0901F29E0902029F09086
:1025F000212940902229509023296090242970900D
:10260000252984149504A604B70408F462C0A30124
:102610009201245631094109510929833A834B8398
:102620005C83D701C60172E0B695A795979587950B
:102630007A95D1F7820F931FA41FB51F88159905AE
:10264000AA05BB0508F042C0D701C601B695A795FB
:1026500097958795820F931FA41FB51F881699061B
:10266000AA06BB0608F458C0A3E0B0E0A701960193
:102670000E94584622E096958795779567952A950A
:10268000D1F729813A814B815C81620F731F841FCE
:10269000951F86169706A806B90608F440C0C40C14
:1026A000D51CE61CF71C34E6C31AD108E108F10872
:1026B00083E090E08C149D04AE04BF04D8F084E065
:1026C00090E0C814D904EA04FB04A0F090E080E094
:1026D00011C0481859086A087B0881E090E044E678
:1026E000441651046104710410F490E080E0919567
:1026F000819591092496CDBFDEBFDF91CF91FF90E8
:10270000EF90DF90CF90BF90AF909F908F907F9091
:102710006F905F904F90089581E090E0EBCF82E062
:1027200090E0E8CF81E08093A92A0E94EB026093B9
:10273000A52A7093A62A8093A72A9093A82A089581
:1027400081E08093AE2A0E94EB026093AA2A7093E4
:10275000AB2A8093AC2A9093AD2A089581E08093B0
:10276000B32A0E94EB026093AF2A7093B02A809341
:10277000B12A9093B22A089581E08093B82A0E94EA
:10278000EB026093B42A7093B52A8093B62A909393
:10279000B72A089580912F2890913028009709F446
:1027A00050C062E370E04EEF5FEF8130910511F0B1
:1027B00050E040E02091CB283091CC28460F571FA5
:1027C0004217530708F440C010922F281092302867
:1027D0008091512B9091522B8130910509F434C195
:1027E00008F428C1029709F43AC180912C299091EC
:1027F0002D29009709F43CC160E470E04CEE5FEFD6
:102800008130910511F050E040E020916229309133
:102810006329460F571F4217530708F42CC1109223
:102820002C2910922D298091AA2B9091AB2B8130CD
:10283000910509F47DC308F46CC3029709F481C3C0
:1028400008956CE370E0B4CF81309105A9F068E79A
:1028500070E046EF5FEF8230910511F050E040E00C
:10286000460F571F4217530750F081E090E08093C6
:102870002F2890933028ACCF62E870E0EFCF823001
:10288000910589F06CE271E046EF5FEF83309105CE
:1028900011F050E040E0460F571F4217530730F049
:1028A00082E090E0E4CF66E371E0F3CF82309105FF
:1028B00011F16CE271E046EF5FEF8330910511F0AA
:1028C00050E040E0460F571F42175307D0F48330C3
:1028D0009105A1F068E072E046EF5FEF843091056A
:1028E00011F050E040E0460F571F4217530748F0E1
:1028F00083E090E0BCCF66E371E0E2CF62E172E09A
:10290000F0CF8330910511F168E072E046EF5FEFA0
:102910008430910511F050E040E0460F571F4217F8
:102920005307D0F484309105A1F068EA72E046EFD5
:102930005FEF8530910511F050E040E0460F571FE2
:102940004217530748F084E090E091CF62E172E0D3
:10295000E2CF62EB72E0F0CF8430910511F168EACA
:1029600072E046EF5FEF8530910511F050E040E0F6
:10297000460F571F42175307D0F485309105A1F039
:1029800060E773E046EF5FEF8630910511F050E0AD
:1029900040E0460F571F4217530748F085E090E08C
:1029A00066CF62EB72E0E2CF6AE773E0F0CF85308A
:1029B000910511F160E773E046EF5FEF8630910516
:1029C00011F050E040E0460F571F42175307D0F474
:1029D00086309105A1F068EE73E046EF5FEF873037
:1029E000910511F050E040E0460F571F4217530782
:1029F00048F086E090E03BCF6AE773E0E2CF62EF19
:102A000073E0F0CF8630910579F048EE53E00797F8
:102A100071F090E080E0840F951F8217930708F013
:102A2000D7CE87E090E023CF42EF53E0F2CF86EF9E
:102A30009FEFF1CF80912F289091302801968093BD
:102A4000362990933729D1CEE0912F28F091302864
:102A5000EE0FFF1FE659FE4180819181F0CFE0919A
:102A60002F28F0913028EE0FFF1FE65BFE41F4CFD8
:102A700064E570E0C8CE81309105A9F060E870E0AF
:102A80004CEE5FEF8230910511F050E040E0460FD0
:102A9000571F4217530750F081E090E080932C2994
:102AA00090932D29C0CE64E970E0EFCF823091057C
:102AB00089F060EC70E04CEE5FEF8330910511F02F
:102AC00050E040E0460F571F4217530730F082E0B6
:102AD00090E0E4CF64ED70E0F3CF8230910511F126
:102AE00060EC70E04CEE5FEF8330910511F050E048
:102AF00040E0460F571F42175307D0F4833091052B
:102B0000A1F060E071E04CEE5FEF8430910511F0D0
:102B100050E040E0460F571F4217530748F083E04C
:102B200090E0BCCF64ED70E0E2CF64E171E0F0CF03
:102B30008330910511F160E071E04CEE5FEF84307D
:102B4000910511F050E040E0460F571F4217530720
:102B5000D0F484309105A1F060E471E04CEE5FEFB9
:102B60008530910511F050E040E0460F571F4217A5
:102B7000530748F084E090E091CF64E171E0E2CF48
:102B800064E571E0F0CF8430910511F160E471E00B
:102B90004CEE5FEF8530910511F050E040E0460FBC
:102BA000571F42175307D0F485309105A1F060E814
:102BB00071E04CEE5FEF8630910511F050E040E09F
:102BC000460F571F4217530748F085E090E066CF45
:102BD00064E571E0E2CF64E971E0F0CF8530910502
:102BE00011F160E871E04CEE5FEF8630910511F075
:102BF00050E040E0460F571F42175307D0F486308D
:102C00009105A1F060EC71E04CEE5FEF873091052B
:102C100011F050E040E0460F571F4217530748F0AD
:102C200086E090E03BCF64E971E0E2CF64ED71E0D3
:102C3000F0CF8630910511F160EC71E04CEE5FEF62
:102C40008730910511F050E040E0460F571F4217C2
:102C50005307D0F487309105A1F060E072E04CEEAC
:102C60005FEF8830910511F050E040E0460F571FAC
:102C70004217530748F087E090E010CF64ED71E011
:102C8000E2CF64E172E0F0CF8730910511F160E0AE
:102C900072E04CEE5FEF8830910511F050E040E0BB
:102CA000460F571F42175307D0F488309105A1F003
:102CB00060E472E04CEE5FEF8930910511F050E076
:102CC00040E0460F571F4217530748F088E090E056
:102CD000E5CE64E172E0E2CF64E572E0F0CF8830E7
:102CE000910511F160E472E04CEE5FEF89309105DF
:102CF00011F050E040E0460F571F42175307D0F441
:102D000089309105A1F060E872E04CEE5FEF8A3007
:102D1000910511F050E040E0460F571F421753074E
:102D200048F089E090E0BACE64E572E0E2CF64E971
:102D300072E0F0CF8930910511F160E872E04CEE5D
:102D40005FEF8A30910511F050E040E0460F571FC9
:102D500042175307D0F48A309105A1F060EC72E07D
:102D60004CEE5FEF8B30910511F050E040E0460FE4
:102D7000571F4217530748F08AE090E08FCE64E96E
:102D800072E0E2CF64ED72E0F0CF8A30910511F18C
:102D900060EC72E04CEE5FEF8B30910511F050E08B
:102DA00040E0460F571F42175307D0F48B30910570
:102DB000A1F060E073E04CEE5FEF8C30910511F014
:102DC00050E040E0460F571F4217530748F08BE092
:102DD00090E064CE64ED72E0E2CF64E173E0F0CFA6
:102DE0008B30910511F160E073E04CEE5FEF8C30B9
:102DF000910511F050E040E0460F571F421753076E
:102E0000D0F48C309105A1F060E473E04CEE5FEFFC
:102E10008D30910511F050E040E0460F571F4217EA
:102E2000530748F08CE090E039CE64E173E0E2CFE4
:102E300064E573E0F0CF8C30910511F160E473E04C
:102E40004CEE5FEF8D30910511F050E040E0460F01
:102E5000571F42175307D0F48D309105A1F060E859
:102E600073E04CEE5FEF8E30910511F050E040E0E2
:102E7000460F571F4217530748F08DE090E00ECEE3
:102E800064E573E0E2CF64E973E0F0CF8D30910543
:102E900011F160E873E04CEE5FEF8E30910511F0B8
:102EA00050E040E0460F571F42175307D0F48E30D2
:102EB0009105A1F060EC73E04CEE5FEF8F3091056F
:102EC00011F050E040E0460F571F4217530748F0FB
:102ED0008EE090E0E3CD64E973E0E2CF64ED73E06F
:102EE000F0CF8E30910579F040EC53E00F9771F000
:102EF00090E080E0840F951F8217930708F093CC31
:102F00008FE090E0CBCD44ED53E0F2CF8CEE9FEF1D
:102F1000F1CFE0912C29F0912D29EE0FFF1FE658FB
:102F2000FE418081918180933029909331290895C9
:102F3000E0912C29F0912D29EE0FFF1FE65AFE415A
:102F4000F0CFE0912C29F0912D29EE0FFF1FE65CC8
:102F5000FE41E7CFCF93DF93C091D128D091D22803
:102F60002197C093D128D093D228C0FF07C070E02A
:102F700060E08DE00E94B80181E019C061E070E07E
:102F80008DE00E94B801CD2BB9F71092492C8091A9
:102F9000602990916129019769F48091092C9091A1
:102FA0000A2C892B39F081E08093482C80E0DF9156
:102FB000CF9108951092482CF9CFDC01ED91FC914E
:102FC0000088F189E02D23E030E00994CF93DF936E
:102FD000FC0101900020E9F73197AF01481B590B24
:102FE000BC018EE19DE20E94AA03EC0142E050E0A8
:102FF00064E672EE8EE19DE20E94AA038C0F9D1F93
:10300000DF91CF91089588ED90E084BF90936100A7
:1030100080E094E2A4EFB0E080931E2890931F28F4
:10302000A0932028B0932128809102068660809387
:10303000020680910006816080930006809102065E
:103040008F7C809302068091A0008F788093A000EF
:10305000809102068061809302061092E20581E071
:103060008093E40583E08093010A8FEF90E08093E2
:10307000260A9093270A80E890E08093380A90937C
:10308000390A80933A0A90933B0A80933C0A9093C2
:103090003D0A8BE08093000A8091E5058160809372
:1030A000E5058091E50582608093E505E0E8FAE0BA
:1030B00037E02FEF90E885E0318324879587808380
:1030C0007096E03C4AE0F407B9F780E094E0809322
:1030D0005C2C90935D2C80915C2C90915D2C2FEF5B
:1030E00030E0B9010E94434860935A2C70935B2CE6
:1030F00080915C2C90915D2CE8EEF3E0BF010E9482
:1031000043486093582C7093592C80915C2C90917B
:103110005D2CBF010E9443488093562C9093572CFE
:103120002093BC0A3093BD0A8091B50A81608093D8
:10313000B50A84E08093B00A8091B00A81608093E0
:10314000B00A7894089580916B2890916C28209112
:10315000692830916A2882179307E9F08830910531
:10316000D0F4FC01EA54F74E0C946B48BE18C11819
:10317000C518C818D018D218D418D618089AAD98FF
:1031800002C00898AD9A4E9806C00898AD9802C043
:103190000898AD9A4E9A8093692890936A2808956A
:1031A000089AF7CF089AF2CF089AECCF0898E7CFA1
:1031B000CF92DF92EF92FF929C01ACE2B1E00E94CD
:1031C0008D466B017C010E949E03A7019601245449
:1031D0003D4F4F4F5F4F0E946B466C157D058E052E
:1031E0009F0588F42CE231E040E050E00E946B46FD
:1031F000663971058105910530F44C9AFF90EF9086
:10320000DF90CF9008954C98F9CF8830910598F4CD
:10321000FC01E35FF64E0C946B48151918191C1944
:103220001F192319251927192919089AAD9802C0C1
:103230000898AD9A4E9808950898AD9802C00898DD
:10324000AD9A4E9A0895089AFBCF089AF6CF089A3D
:10325000F0CF0898EBCF0F931F93CF93DF9380911C
:103260005B2B8823E9F0E091592BF0915A2BEE0F5C
:10327000FF1FE45FF74D8081918180936B289093CD
:103280006C280E94A3188091592B90915A2B01967B
:103290000E94D81881E0DF91CF911F910F9108957E
:1032A00080915F2B811106C080914B2C882309F4FB
:1032B00066C07AC08091602B9091612B20915E2B2B
:1032C000222309F45EC08730910509F04FC0809138
:1032D0001428909115288230910508F450C00E945E
:1032E000D818C0910A28D0910B2880915E2B882392
:1032F00009F4BBC00E949E03009126281091272844
:103300002091282830912928AB01BC01401B510B8A
:10331000620B730B8091DC289091DD280CEB12E09E
:1033200020E030E0009721F002EC11E020E030E0F6
:10333000041715072607370788F401968370992725
:103340008093DC289093DD280E949E0360932628BA
:10335000709327288093282890932928209749F153
:103360002197C0930A28D0930B2894CF059739F45E
:1033700080910B2C90910C2C009709F0B0CF4C98B9
:10338000B0CF079799F480914F2B8823C1F30E9407
:103390009E0320E931E040E050E00E946B46683C2B
:1033A00071058105910558F74C9A9BCF80914B2B65
:1033B0007DCF80916B2890916C28E091DC28F09172
:1033C000DD2871E020911428309115282230310534
:1033D00008F470E061E020914D2B30914E2B232BAF
:1033E00009F460E051E020910B2C30910C2C232B40
:1033F00009F450E0A0910D2C29E030E0EE0FFF1F02
:10340000EA5EF74D0196877099270097E9F08530BD
:10341000910529F18630910521F18730910519F147
:10342000EC012197249798F4C081D181C817D9075E
:1034300071F480936B2890936C2823E030E0209304
:103440000A2830930B2852C04A2F4111F2CF215045
:103450003109C1F680936B2890936C28F0CF452FEB
:10346000F4CF462FF2CF472FF0CF40914B2C20972F
:1034700009F03FC080916B2890916C28019687706D
:10348000992780936B2890936C2820915F2B2111B2
:1034900014C0411112C021E130E0FC01E050F84DB0
:1034A0005081511106C0019687709927215031092A
:1034B000A1F780936B2890936C2881E080932E284D
:1034C0004423F9F080915F2B81111BC080913E292C
:1034D00090913F292091322930913329820F931FF7
:1034E0008770992780936B2890936C280E94A3186B
:1034F000D1CE2197C0930A28D0930B2810922E2862
:10350000DFCF8091FB2B882309F491C08091502B51
:10351000811105C08091F82B9091F92BE3CF809118
:103520002E28882319F380912C2890912D2801961C
:1035300065E070E00E944348AC01E091092CF091F5
:103540000A2CA091062CB091072CC091032CD0918D
:10355000042C0091002C1091012C6091FD2B709196
:10356000FE2B20910A2890910B284115510559F402
:10357000309761F020930A2890930B2810922C2802
:1035800010922D28C7CF4130510589F4109791F042
:1035900020930A2890930B2881E090E080932C28B8
:1035A00090932D288091F62B9091F72B9BCF423052
:1035B000510589F4209791F020930A2890930B28C5
:1035C00082E090E080932C2890932D288091F42B1A
:1035D0009091F52B87CF4330510591F401151105DA
:1035E00079F020930A2890930B2883E090E0809351
:1035F0002C2890932D288091F22B9091F32B72CF51
:10360000322F892F21E090E06115710509F4B0CFC8
:1036100030930A2880930B2884E090E080932C2834
:1036200090932D288091F02B9091F12B5BCF80917E
:103630002E28882309F45ACFE0916B28F0916C284A
:1036400080915F2B811123C08091F82B9091F92BF1
:103650008E179F07A9F420912A2830912B2828172C
:10366000390758F02AE030E020930A2830930B28DD
:1036700080932A2890932B2839CF21E030E0F4CF93
:1036800081E090E080930A2890930B282FCF4091FF
:10369000502B2091512B3091522B8091AA2B90913D
:1036A000AB2B5091532BE830F105E8F7E65AF44E76
:1036B0000C946B48621B6B1B751B7F1B881B8E1B3E
:1036C000941B9A1B552339F010926B2810926C288A
:1036D00082E090E0D7CF8230910539F421E030E0EC
:1036E00020936B2830936C28CDCF8130910539F42D
:1036F00082E090E080936B2890936C28C3CF009772
:1037000039F483E090E080936B2890936C28E0CFAD
:103710002115310519F484E090E0F5CF2130310511
:1037200019F485E090E0EFCF2230310519F486E0FE
:1037300090E090CE442331F287E090E0E4CFCF9345
:10374000DF938091C7289091C828009729F00197AE
:103750008093C7289093C8288091502B882361F1CB
:103760008091C5289091C628009729F001978093F1
:10377000C5289093C6288091C3289091C4280097AB
:1037800029F001978093C3289093C4288091C12881
:103790009091C228009729F001978093C1289093B7
:1037A000C2288091BF289091C028009729F00197E6
:1037B0008093BF289093C0280E94C5452091C728B8
:1037C0003091C8284AE5429FE001439FD00D112463
:1037D00028EE33E040E050E00E943946DC01CB01A6
:1037E0008C0F9D1FA11DB11D893E23E09207A105ED
:1037F000B10524F088EE93E0A0E0B0E08093BD280E
:103800009093BE282091502B222309F43BC10E94A3
:10381000C5452091C5283091C6284AE5429FE00160
:10382000439FD00D112428EE33E040E050E00E9489
:103830003946DC01CB018C0F9D1FA11DB11D893EB6
:1038400023E09207A105B10524F088EE93E0A0E003
:10385000B0E08093BB289093BC280E94C54520917E
:10386000C3283091C4284AE5429FE001439FD00D10
:10387000112428EE33E040E050E00E943946DC019C
:10388000CB018C0F9D1FA11DB11D893E23E0920726
:10389000A105B10524F088EE93E0A0E0B0E08093AC
:1038A000B9289093BA280E94C5452091C12830912B
:1038B000C2284AE5429FE001439FD00D112428EE23
:1038C00033E040E050E00E943946DC01CB018C0F30
:1038D0009D1FA11DB11D893E23E09207A105B105E1
:1038E00024F088EE93E0A0E0B0E08093B7289093B6
:1038F000B8280E94C5452091BF283091C0284AE5CC
:10390000429FE001439FD00D112428EE33E040E0B8
:1039100050E00E943946DC01CB018C0F9D1FA11D98
:10392000B11D893E23E09207A105B10524F088EE80
:1039300093E0A0E0B0E08093B5289093B628809102
:10394000092C90910A2C8130910569F421E0209393
:10395000412B209160293091612921503109209318
:10396000C7283093C8282091502B222309F450C037
:103970002091062C3091072C2130310569F421E08B
:103980002093422B20915E2930915F2921503109EB
:103990002093C5283093C6282091032C3091042C05
:1039A0002130310569F421E02093432B20915C29DB
:1039B00030915D29215031092093C3283093C428C8
:1039C0002091002C3091012C2130310569F421E047
:1039D0002093442B20915A2930915B2921503109A1
:1039E0002093C1283093C2282091FD2B3091FE2BCB
:1039F0002130310569F421E02093452B209158298D
:103A000030915929215031092093BF283093C02883
:103A100020914B2C211133C0009729F001978093FE
:103A2000092C90930A2C8091062C9091072C0097DA
:103A300029F001978093062C9093072C8091032CFA
:103A40009091042C009729F001978093032C909378
:103A5000042C8091002C9091012C009729F0019763
:103A60008093002C9093012C8091FD2B9091FE2B44
:103A7000009729F001978093FD2B9093FE2BDF9107
:103A8000CF9108958093B5289093B6288093B72856
:103A90009093B8288093B9289093BA288093BB2834
:103AA0009093BC284CCF2F923F924F925F926F928F
:103AB0007F928F929F92AF92BF92CF92DF92EF92BE
:103AC000FF920F931F93CF93DF936B017C012A0129
:103AD0000E94C54520E130E040E050E00E943946B8
:103AE0002091AA2B3091AB2B660F771F2230310526
:103AF00009F06AC0665C7E41FB01C081D18120E093
:103B000030E0A901C230D10508F449C010E000E05E
:103B1000712C612C812C94E0992EA12CB12C0E9447
:103B2000C5451801FFEF2F1A3F0AA50194010E9415
:103B3000394664157505860597050CF04EC0810160
:103B40000830110561F70E94C5454E01B12CA12C2A
:103B50002FEF221A320A910150E040E00E943946CC
:103B60009B01AC0144275527C501BE010E94334883
:103B7000AB01BC0183E076956795579547958A958B
:103B8000D1F7DE0111974A175B0708F4DA01A701A4
:103B900096010E945846A50194010E946B46CA01F5
:103BA000B901DF91CF911F910F91FF90EF90DF90BE
:103BB000CF90BF90AF909F908F907F906F905F90CD
:103BC0004F903F902F9008952130310519F4665A97
:103BD0007E4192CF66587E418FCF1801B4CF2F928D
:103BE0003F924F925F926F927F928F929F92AF928D
:103BF000BF92CF92DF92EF92FF920F931F93CF93DA
:103C0000DF9300D000D0CDB7DEB76B017C012983F4
:103C10003A83413022E0520788F551954195510988
:103C2000440F551F5C5FB6010E94531D611571055D
:103C30008105910509F45FC0E981FA816083718390
:103C40008283938321E030E02B833C838B819C81B2
:103C50002496CDBFDEBFDF91CF911F910F91FF90D2
:103C6000EF90DF90CF90BF90AF909F908F907F901C
:103C70006F905F904F903F902F90089552581A0187
:103C8000220C331C03E010E01B821C824101B12C8A
:103C9000A12C412C44E0542E612C712CA101C701B0
:103CA000B6010E94531D611571058105910599F0BA
:103CB000EB81FC81EE0FFF1FEE0FFF1F29813A8180
:103CC000E20FF31F60837183828393838B819C81D6
:103CD00001968B839C830E94C545A30192010E949B
:103CE0003946681579058A059B050CF0AFCF015060
:103CF0001109A1F6ABCF1B821C82A8CF4F925F9215
:103D00006F927F928F929F92AF92BF92CF92DF92EB
:103D1000EF92FF920E94EB024B015C018091092C13
:103D200090910A2C892BE9F08091F82B9091F92B36
:103D30000197B9F48091EC2B9091ED2BA091EE2B93
:103D4000B091EF2BB501A401481B590B6A0B7B0BFB
:103D500081E0403157426105710508F080E08093B1
:103D60004A2C8091062C9091072C892B09F45BC07A
:103D70008091F62B9091F72B019709F054C0809118
:103D8000EA2B9091EB2B089708F483C181E090E037
:103D90000E94690D2091E42B3091E52B50E040E02A
:103DA0000E946B46211531054105510509F46EC18C
:103DB00069017A01F694E794D794C79488EEC816FF
:103DC00083E0D806E104F10430F4A8EECA2EA3E0A3
:103DD000DA2EE12CF12C8091E02B9091E12BA09137
:103DE000E22BB091E32B24013501481A590A6A0AE3
:103DF0007B0AC301B2010E946B4621E1C21627E291
:103E0000D206E104F10430F0F0E1CF2EF7E2DF2E2C
:103E1000E12CF12C21E06C157D058E059F0508F045
:103E200020E02093472C8091032C9091042C892B27
:103E300009F45BC08091F42B9091F52B019709F068
:103E400054C08091DA2B9091DB2B089708F457C16E
:103E500082E090E00E94690D2091D42B3091D52B07
:103E600050E040E00E946B462115310541055105A7
:103E700009F442C169017A01F694E794D794C79492
:103E800088EEC81683E0D806E104F10430F468EE49
:103E9000C62E63E0D62EE12CF12C8091D02B909190
:103EA000D12BA091D22BB091D32B24013501481AEC
:103EB000590A6A0A7B0AC301B2010E946B4621E1DA
:103EC000C21627E2D206E104F10430F050E1C52E1B
:103ED00057E2D52EE12CF12C21E06C157D058E05E5
:103EE0009F0508F020E02093452C8091002C9091B4
:103EF000012C892B09F45BC08091F22B9091F32B5C
:103F0000019709F054C08091CA2B9091CB2B089750
:103F100008F42BC183E090E00E94690D2091C42B2E
:103F20003091C52B50E040E00E946B4621153105D1
:103F30004105510509F416C169017A01F694E79427
:103F4000D794C79488EEC81683E0D806E104F1043C
:103F500030F4A8EECA2EA3E0DA2EE12CF12C8091E9
:103F6000C02B9091C12BA091C22BB091C32B2401E7
:103F70003501481A590A6A0A7B0AC301B2010E9434
:103F80006B4621E1C21627E2D206E104F10430F0CB
:103F9000F0E1CF2EF7E2DF2EE12CF12C21E06C15C1
:103FA0007D058E059F0508F020E02093432C80912D
:103FB000FD2B9091FE2B892B09F45BC08091F02B97
:103FC0009091F12B019709F054C08091BA2B9091F8
:103FD000BB2B089708F4FFC084E090E00E94690DB5
:103FE0002091B42B3091B52B50E040E00E946B46FD
:103FF000211531054105510509F4EAC069017A012D
:10400000F694E794D794C79488EEC81683E0D80650
:10401000E104F10430F468EEC62E63E0D62EE12C04
:10402000F12C8091B02B9091B12BA091B22BB0913B
:10403000B32B24013501481A590A6A0A7B0AC301C5
:10404000B2010E946B4621E1C21627E2D206E104CA
:10405000F10430F050E1C52E57E2D52EE12CF12CC1
:1040600021E06C157D058E059F0508F020E020936A
:10407000412CFF90EF90DF90CF90BF90AF909F903A
:104080008F907F906F905F904F9008951092472C83
:10409000CACE8091DF2B882321F1E090A02BF090F5
:1040A000A12B0E94C54520E032E02E193F0969018D
:1040B000CC0CDD1C36FF02C0D12CC12C0D2C000C09
:1040C000EE08FF0828EE33E040E050E00E94394659
:1040D00021E06C157D058E059F050CF020E02093F6
:1040E00084288091052C882321F08091842891E0F8
:1040F00089278093472C97CE1092452CF6CE80913D
:10410000CF2B882321F1E090902BF090912B0E94EF
:10411000C54520E032E02E193F096901CC0CDD1CB9
:1041200036FF02C0D12CC12C0D2C000CEE08FF086C
:1041300028EE33E040E050E00E94394621E06C1563
:104140007D058E059F050CF020E02093832880914B
:10415000022C882321F08091832891E08927809385
:10416000452CC3CE1092432C22CF8091BF2B8823A5
:1041700021F1E090802BF090812B0E94C54520E03A
:1041800032E02E193F096901CC0CDD1C36FF02C05C
:10419000D12CC12C0D2C000CEE08FF0828EE33E0CA
:1041A00040E050E00E94394621E06C157D058E0507
:1041B0009F050CF020E0209382288091FF2B88231C
:1041C00021F08091822891E089278093432CEFCEC3
:1041D0001092412C4ECF8091AF2B882321F1E0909B
:1041E000702BF090712B0E94C54520E032E02E1913
:1041F0003F096901CC0CDD1C36FF02C0D12CC12C5B
:104200000D2C000CEE08FF0828EE33E040E050E0F3
:104210000E94394621E06C157D058E059F050CF046
:1042200020E0209381288091FC2B882321F080912D
:10423000812891E089278093412C1BCF8F929F92F8
:10424000AF92BF92CF92DF92EF92FF920E94EB0269
:104250006B017C018091092C90910A2C892BE9F04B
:104260008091F82B9091F92B892BB9F48091EC2B4C
:104270009091ED2BA091EE2BB091EF2BB701A60101
:10428000481B590B6A0B7B0B81E04031574261059B
:10429000710508F080E080934A2C8091062C909163
:1042A000072C892B21F18091F62B9091F72B892BEC
:1042B000F1F48091DF2B882381F02091A02B3091A5
:1042C000A12B20937F28309380282091EA2B3091D6
:1042D000EB2B20937D2830937E2820917F283091EE
:1042E00080282431310508F089C01092472C809134
:1042F000032C9091042C892B21F18091F42B909127
:10430000F52B892BF1F48091CF2B882381F020911C
:10431000902B3091912B20937A2830937B282091F9
:10432000DA2B3091DB2B2093782830937928209159
:104330007A2830917B282431310508F0C1C01092D1
:10434000452C8091002C9091012C892B21F180919A
:10435000F22B9091F32B892BF1F48091BF2B8823C2
:1043600081F02091802B3091812B20937528309300
:1043700076282091CA2B3091CB2B20937328309331
:10438000742820917528309176282431310508F061
:10439000F9C01092432C8091FD2B9091FE2B892B1C
:1043A00021F18091F02B9091F12B892BF1F48091E8
:1043B000AF2B882381F02091702B3091712B2093AB
:1043C0007028309371282091BA2B3091BB2B209309
:1043D0006E2830936F2820917028309171282431F5
:1043E000310508F031C11092412CFF90EF90DF9021
:1043F000CF90BF90AF909F908F90089540917D286F
:1044000050917E284830510508F58823B9F00E9464
:10441000C54580907F2890908028B12CA12C22EC5B
:1044200031E040E050E00E94394621E0681579050E
:104430008A059B050CF020E020937C288091052CB8
:10444000811180917C288093472C51CFE091052CDD
:104450004830510519F4E093472C49CFE111FBCFC7
:104460008091502990915129A0915229B0915329BE
:1044700046015701881A990AAA0ABB0A80915E2947
:1044800090915F2901963250829FA001839F500D29
:10449000929F500D1124A52FA69520911E29309191
:1044A0001F294091202950912129B0E00E945846AF
:1044B000E1E086169706A806B90668F2E0E0CBCFE1
:1044C00040917828509179284830510508F5882383
:1044D000B9F00E94C54580907A2890907B28B12C35
:1044E000A12C22EC31E040E050E00E94394621E06E
:1044F000681579058A059B050CF020E02093772844
:104500008091022C8111809177288093452C19CFBE
:10451000E091022C4830510519F4E093452C11CF5D
:10452000E111FBCF80914C2990914D29A0914E290A
:10453000B0914F2946015701881A990AAA0ABB0A65
:1045400080915C2990915D2901963250829FA00153
:10455000839F500D929F500D1124A52FA695209159
:104560001E2930911F294091202950912129B0E026
:104570000E945846E1E086169706A806B90668F23A
:10458000E0E0CBCF4091732850917428483051051A
:1045900008F58823B9F00E94C54580907528909051
:1045A0007628B12CA12C22EC31E040E050E00E94B2
:1045B000394621E0681579058A059B050CF020E055
:1045C000209372288091FF2B811180917228809313
:1045D000432CE1CEE091FF2B4830510519F4E093D4
:1045E000432CD9CEE111FBCF8091482990914929E4
:1045F000A0914A29B0914B2946015701881A990A7E
:10460000AA0ABB0A80915A2990915B2901963250DF
:10461000829FA001839F500D929F500D1124A52FC2
:10462000A69520911E2930911F2940912029509153
:104630002129B0E00E945846E1E086169706A806B8
:10464000B90668F2E0E0CBCF40916E2850916F2818
:104650004830510508F58823B9F00E94C545C0903F
:104660007028D0907128F12CE12C22EC31E040E050
:1046700050E00E94394621E06C157D058E059F05AE
:104680000CF020E020936D288091FC2B811180910B
:104690006D288093412CA9CEE091FC2B4830510528
:1046A00019F4E093412CA1CEE111FBCF8091442974
:1046B00090914529A0914629B0914729C81AD90A55
:1046C000EA0AFB0A809158299091592901963250A3
:1046D000829FA001839F500D929F500D1124A52F02
:1046E000A69520911E2930911F2940912029509193
:1046F0002129B0E00E945846E1E0C616D706E80638
:10470000F90678F2E0E0CDCF0C9425464F925F9207
:104710006F927F928F929F92AF92BF92CF92DF92D1
:10472000EF92FF920F931F93CF93DF934091602BF3
:104730005091612B6091CF287091D028EAEEF0ED76
:1047400030E020E01CEE81919191F22E032FD901EF
:1047500011974A175B0709F053C1A4E1B0E08A0F33
:104760009B1FACEEBFEF2417350711F0B0E0A0E0BF
:104770002F5F3F4F8A0F9B1F8617970708F043C193
:10478000C080D180C9010197C4E1D0E04817590722
:1047900011F0D0E0C0E01203D001139FB00D11243E
:1047A00081E090E0A417B50711F090E080E08C0D57
:1047B0009D1D8C0F9D1F8617970708F424C1F0924A
:1047C000602B0093612B8091552B882309F43EC008
:1047D00080915F2B81113AC08091542B811136C09A
:1047E00080914B2C811132C0E091602BF091612BB4
:1047F000E050F84D808191E089278083A0E0B8E205
:1048000028E038E2FD0190E080E04191840F911DA5
:104810002E173F07D1F7892B41F4E0916228F091E0
:104820006328E050F84D81E0808327E030E060E0CD
:104830008D91022E01C0880F0A94EAF7680F21506B
:104840003109B0F782E090E00E948423E1E3F8E2CE
:1048500081E698E2DF011D921C92119712961D923B
:104860001C92139714961D921C92159716968A17F0
:104870009B0789F7C0E0D8E230E020E090E080E0DC
:1048800046E05991552369F0429FD001439FB00DF6
:104890001124AF5CB74D14968D939C9315972F5FA1
:1048A0003F4F01968830910561F720930828309397
:1048B0000928B90161507109C1E3D8E250E040E034
:1048C00000E014E04217530709F0A2C040906228AC
:1048D00050906328C091CF28D091D02830E020E0BC
:1048E0007CEE2417350709F46AC080819181B0E01D
:1048F000A0E089010150110964E1C62ED12CE12C00
:10490000F12C4016510619F0C12CD12C76018C0DDA
:104910009D1DAE1DBF1D0CEEC02EDD24DA94ED2CC6
:10492000FD2C4216530619F0C12CD12C76018C0DAA
:104930009D1DAE1DBF1D14E1C12ED12CE12CF12C0B
:104940004216530619F0C12CD12C760139011FEF04
:10495000611A710AB7FF03C080E090E0DC01C8175C
:10496000D90708F495C082819381C80ED91EE11C35
:10497000F11C83017003C001719F900D1124812CE3
:10498000912C540183948415950519F0812C912C58
:104990005401C80CD91CEA1CFB1CCC15DD0508F021
:1049A00077C086E0829FF001839FF00D1124EF5CB9
:1049B000F74D84819581809362289093632880913C
:1049C0006228909163282091FB2B211108C020912F
:1049D0005F2B211104C08093F82B9093F92BDF916A
:1049E000CF911F910F91FF90EF90DF90CF90BF90EC
:1049F000AF909F908F907F906F905F904F900895B1
:104A0000B0E0A0E0ACCE2830310509F09CCEDBCE82
:104A10004115510569F41092312810923228461739
:104A20005707F9F40A831B834F5F5F4F26964ACFDF
:104A3000DE0112978D919C91AC81BD818A0F9B1FE5
:104A40009F778F30910550F4880F991FDC01A45097
:104A5000BF428D919C9188839983E1CF90E080E063
:104A6000FACF8A859B85AC81BD818A0F9B1F9F777A
:104A70008F30910550F4880F991FDC01A450BF427C
:104A80008D919C918A839B83CFCF90E080E0FACF79
:104A90003696930126CFCF92DF92EF92FF920E943B
:104AA000EB02AB01BC018091462B882309F4A6C11F
:104AB00080914F2B882309F440C08091C9289091A0
:104AC000CA2880936229909363298093702B9093D6
:104AD000712B8093802B9093812B8093902B9093BC
:104AE000912B8093A02B9093A12B80912C299091B6
:104AF0002D298093BA2B9093BB2B8093CA2B909334
:104B0000CB2B8093DA2B9093DB2B8093EA2B909323
:104B1000EB2B80913029909131298093B42B909385
:104B2000B52B8093C42B9093C52B8093D42B90935B
:104B3000D52B8093E42B9093E52B8091362990918F
:104B400037298093092C90930A2C809360299093A5
:104B500061298091FA2B882309F456C34093EC2BEA
:104B60005093ED2B6093EE2B7093EF2B8091502B95
:104B7000811149C12091F82B3091F92B809168283F
:104B800081117AC01092A1281092A2281092A32815
:104B90001092A4281092A5281092A6281092A72857
:104BA0001092A8288FEF9FEF8093852890938628F6
:104BB00080938C2890938D288093932890939428A9
:104BC00080939A2890939B28109287281092882887
:104BD0001092892810928A2810928E2810928F287D
:104BE0001092902810929128109295281092962851
:104BF000109297281092982810929C2810929D2825
:104C000010929E2810929F281092AD2B1092AE2BDE
:104C10001092BD2B1092BE2B1092CD2B1092CE2B4A
:104C20001092DD2B1092DE2B1092622B1092632BD0
:104C30001092722B1092732B1092822B1092832B56
:104C40001092922B1092932B8091052C811102C00F
:104C50001092462C8091022C811102C01092442C9B
:104C60008091FF2B811102C01092422C8091FC2B6D
:104C7000811102C01092402C232B09F05CC00E94CD
:104C8000C545C0906229D0906329F12CE12C22EC1B
:104C900031E040E050E00E94394621E06C157D058E
:104CA0008E059F050CF020E020937C280E94C545CE
:104CB000C0906229D0906329F12CE12C22EC31E0E4
:104CC00040E050E00E94394621E06C157D058E05DC
:104CD0009F050CF020E0209377280E94C545C090E6
:104CE0006229D0906329F12CE12C22EC31E040E0E4
:104CF00050E00E94394621E06C157D058E059F0528
:104D00000CF020E0209372280E94C545C0906229D3
:104D1000D0906329F12CE12C22EC31E040E050E00E
:104D20000E94394621E06C157D058E059F050CF02B
:104D300020E020936D2810928B28109292281092D8
:104D400099281092A0288091F82B9091F92B83300C
:104D50009105E1F42091052C222319F021E0209304
:104D6000A0282091022C222319F021E020939928D9
:104D70002091FF2B222319F021E0209392282091EB
:104D8000FC2B222319F021E020938B288093F02B19
:104D90009093F12B8093F22B9093F32B8093F42B31
:104DA0009093F52B8093F62B9093F72B8091092C01
:104DB00090910A2C8093FD2B9093FE2B8093002CD6
:104DC0009093012C8093032C9093042C8093062CB9
:104DD0009093072C809160299091612980935829A4
:104DE0009093592980935A2990935B2980935C2949
:104DF00090935D2980935E2990935F298091502B39
:104E0000882309F4FCC18091472B882309F47AC0D8
:104E10000E9486238093F62B9093F72B20914F2BA3
:104E20002223C1F02091C9283091CA282093A02BB9
:104E30003093A12B20912C2930912D292093EA2BFE
:104E40003093EB2B20913029309131292093E42BA2
:104E50003093E52B20913629309137292093062C69
:104E60003093072C20935E2930935F29892BB9F466
:104E70000E94C545C0906229D0906329F12CE12C95
:104E800022EC31E040E050E00E94394621E06C1510
:104E90007D058E059F050CF020E020937C288091F5
:104EA000F62B9091F72B039709F0BFC18091052C49
:104EB000882309F4BAC181E08093A02880916728F3
:104EC000811120C01092A7281092A8288FEF9FEF81
:104ED00080939A2890939B2810929C2810929D284A
:104EE00010929E2810929F281092DD2B1092DE2B9C
:104EF0001092922B1092932B8091052C811102C05D
:104F00001092462C8091482B882309F47AC00E9485
:104F100086238093F42B9093F52B20914F2B222303
:104F2000C1F02091C9283091CA282093902B30934A
:104F3000912B20912C2930912D292093DA2B30931D
:104F4000DB2B20913029309131292093D42B3093C1
:104F5000D52B20913629309137292093032C30937B
:104F6000042C20935C2930935D29892BB9F40E948D
:104F7000C545C0906229D0906329F12CE12C22EC28
:104F800031E040E050E00E94394621E06C157D059B
:104F90008E059F050CF020E0209377288091F42B5C
:104FA0009091F52B039709F043C18091022C88233F
:104FB00009F43EC181E0809399288091662881118F
:104FC00020C01092A5281092A6288FEF9FEF809303
:104FD00093289093942810929528109296281092D6
:104FE0009728109298281092CD2B1092CE2B1092C9
:104FF000822B1092832B8091022C811102C010927F
:10500000442C8091492B882309F47AC00E9486237E
:105010008093F22B9093F32B20914F2B2223C1F0FE
:105020002091C9283091CA282093802B3093812B5E
:1050300020912C2930912D292093CA2B3093CB2BF2
:1050400020913029309131292093C42B3093C52BE6
:1050500020913629309137292093002C3093012C50
:1050600020935A2930935B29892BB9F40E94C545B6
:10507000C0906229D0906329F12CE12C22EC31E020
:1050800040E050E00E94394621E06C157D058E0518
:105090009F050CF020E0209372288091F22B9091D4
:1050A000F32B039709F0C7C08091FF2B882309F4E5
:1050B000C2C081E08093922880916528811120C030
:1050C0001092A3281092A4288FEF9FEF80938C2832
:1050D00090938D2810928E2810928F2810929028ED
:1050E000109291281092BD2B1092BE2B1092722B11
:1050F0001092732B8091FF2B811102C01092422CD1
:1051000080914A2B882309F47AC00E9486238093D9
:10511000F02B9093F12B20914F2B2223C1F0209163
:10512000C9283091CA282093702B3093712B20917D
:105130002C2930912D292093BA2B3093BB2B209111
:105140003029309131292093B42B3093B52B209105
:105150003629309137292093FD2B3093FE2B209355
:10516000582930935929892BB9F40E94C545C0901C
:105170006229D0906329F12CE12C22EC31E040E04F
:1051800050E00E94394621E06C157D058E059F0593
:105190000CF020E020936D288091F02B9091F12B62
:1051A000039709F04BC08091FC2B882309F446C07B
:1051B00081E080938B2880916428811120C0109217
:1051C000A1281092A2288FEF9FEF809385289093BB
:1051D0008628109287281092882810928928109289
:1051E0008A281092AD2B1092AE2B1092622B109247
:1051F000632B8091FC2B811102C01092402CFF90F8
:10520000EF90DF90CF9008958091222990912329EB
:10521000A0912429B09125298093EC2B9093ED2B1C
:10522000A093EE2BB093EF2BA1CC1092A02846CEEA
:1052300010929928C2CE109292283ECF10928B28BD
:10524000BACF8091552B882309F455C08091FB2B50
:10525000882309F450C08091092C90910A2C892B45
:1052600029F080915D2B81110E94F80D80916029B9
:105270009091612901978093C7289093C828109234
:10528000092C10920A2C8091502B8823A1F1809137
:105290005E2990915F2901978093C5289093C62835
:1052A0001092062C1092072C80915C2990915D2918
:1052B00001978093C3289093C4281092032C1092D6
:1052C000042C80915A2990915B2901978093C128E1
:1052D0009093C2281092002C1092012C8091582992
:1052E0009091592901978093BF289093C0281092DC
:1052F000FD2B1092FE2B9091FA2B9923D9F020913F
:10530000092C30910A2C232BA9F42091CD2830911F
:10531000CE284091BD285091BE284217530750F423
:105320002031310538F080915F2B811103C081E07D
:105330008093462B8091502B882309F46FC09923CA
:1053400009F46CC02091062C3091072C232BA9F472
:105350002091CD283091CE284091BB285091BC2877
:105360004217530750F42031310538F090915F2BEC
:10537000911103C091E09093472B2091032C309121
:10538000042C232BA9F42091CD283091CE284091D4
:10539000B9285091BA284217530750F420313105EB
:1053A00038F090915F2B911103C091E09093482BBE
:1053B0002091002C3091012C232BA9F42091CD2891
:1053C0003091CE284091B7285091B8284217530702
:1053D00050F42031310538F090915F2B911103C0CA
:1053E00091E09093492B2091FD2B3091FE2B232BA4
:1053F000A9F42091CD283091CE284091B528509124
:10540000B6284217530750F42031310538F09091F7
:105410005F2B911103C091E090934A2B9091462B02
:10542000992309F46CC09091412B992309F467C02A
:1054300091E09093682881115BC0809160299091E0
:105440006129029708F0AFC080916828882361F035
:105450009091502B911108C02091622830916328BF
:105460002093F82B3093F92B2091092C30910A2CA2
:10547000232BC9F42091062C3091072C232B99F46F
:105480002091032C3091042C232B69F42091002CC3
:105490003091012C232B39F42091FD2B3091FE2BE0
:1054A000232B09F48CC091E09093FB2B811111C048
:1054B0008091672881110DC080916628811109C0F3
:1054C00080916528811105C080916428882309F4A2
:1054D00079C081E08093612880916128882309F454
:1054E00074C08AE090E080930A2890930B28089576
:1054F0008091472B81110DC01092672817C0109220
:1055000068288111F5CF8091412B882309F49CCF25
:1055100094CF8091422B882379F381E08093672890
:105520000E9486238093F62B9093F72B8091482B33
:10553000882381F18091432B882361F181E080935E
:1055400066280E9486238093F42B9093F52B8091FC
:10555000492B882311F18091442B8823F1F081E0BD
:10556000809365280E9486238093F22B9093F32BDF
:1055700080914A2B8823A1F08091452B882381F0CC
:1055800081E0809364280E9486238093F02B90937F
:10559000F12BB9CF10926628DACF10926528E8CFA8
:1055A00010926428B0CF80914B2C81114DCF809107
:1055B0005D2B882309F448CF0E94F80D45CF109247
:1055C000FB2B74CF1092612887CF089561E590E09E
:1055D00080E00E94842360E081E090E00E948423C8
:1055E0006FEF82E090E00E94842360E083E090E02F
:1055F0000E94842360E084E090E00E94842364EEB3
:1056000085E090E00E94842360E086E090E00E94C4
:10561000842363E387E090E00E94842363E388E0CF
:1056200090E00C9484230C941D464F925F926F92ED
:105630007F928F929F92AF92BF92EF92FF920F93C1
:105640001F93CF93DF93CDB7DEB72597CDBFDEBFD6
:1056500061E070E081E00E94150270E060E080E1AE
:105660000E94150261E070E082E00E94150261E094
:1056700070E083E00E94150261E070E084E00E9427
:10568000150270E060E08FE00E94150270E060E0BB
:105690008EE00E94150270E060E089E00E94150231
:1056A00070E060E08BE00E94150270E060E08AE04C
:1056B0000E94150261E070E08DE00E94150261E039
:1056C00070E087E00E94150261E070E088E00E94CF
:1056D000150261E070E086E00E94150261E070E072
:1056E00085E00E94150270E060E08CE00E941502E7
:1056F00070E060E081E10E94150262E070E080E00D
:105700000E94150261E070E081E00E94150270E0E5
:1057100060E085E10E94150270E060E084E10E9493
:10572000150270E060E082E10E94150270E060E026
:1057300083E10E9415020E94EB020091E6D01091D5
:10574000E7D02091E8D03091E9D009831A832B83E8
:105750003C8310E09E012F5F3F4F79012B013C01FC
:10576000440C551C661C771CE12FE370EE0DFF2DD9
:10577000F11D80810E94C90281709927092E000CB9
:10578000AA0BBB0B4C015D0184289528A628B728DD
:105790000E94EB022B013C01C501B4016425752573
:1057A000862597251F5F1031C9F684149504A60439
:1057B000B70411F00E9414465599F4C064E170E0FA
:1057C00080E090E00E946E035599ECC00E94E62AAA
:1057D00001E090E080E00E94051990E080E00E94E6
:1057E000132B813509F01FC181E090E00E94132B3B
:1057F000182F82E090E00E94132BB82E83E090E0F7
:105800000E94132B90E08093AA2B9093AB2B84E003
:1058100090E00E94132B90E08093512B9093522B99
:10582000E0E0F8E227E030E08B2D90E0AC01022EC2
:1058300002C0559547950A94E2F741704193215073
:105840003109A0F7812F81708093532B11FB88279A
:1058500080F98093502B12FB882780F98093DB28F6
:1058600013FB882780F980934B2B14FB882780F942
:1058700080934F2B15FB882780F980930D2C129570
:10588000169516951370812F90E080930B2C9093B2
:105890000C2C85E090E00E94132B95E0F70111920B
:1058A0009A95E9F7A6E1B8E230E020E041E090E027
:1058B00051E0FC01022E02C0F595E7950A94E2F74B
:1058C000E370FF273196ED93FD93EE0DFF1D608190
:1058D00061116AC050832E5F3F4F2830310549F770
:1058E000411118C081E090E080931628909317280A
:1058F00082E090E0809318289093192883E090E04C
:1059000080931A2890931B2884E090E080931C28B1
:1059100090931D2886E090E00E94132B982F907F93
:1059200009F444C010924D2B10924E2B81E090E070
:10593000809314289093152888E090E00E94132B00
:10594000182F87E090E00E94132B912F982B9878C6
:1059500009F441C083E090E08093122890931328CB
:10596000809310289093112880930E2890930F28ED
:1059700080930C2890930D28002309F45CC010E05C
:1059800000E0559953C0C8010E9405194C9A0F5F59
:105990001F4F0770112768E270E080E090E00E94DE
:1059A0006E03EFCF00E015CF40E095CF282F237096
:1059B000223060F430E020934D2B30934E2B90E05A
:1059C00095958795959587950196B2CF10924D2B19
:1059D00010924E2BF4CF282F277030E020930C2804
:1059E00030930D2890E024E0959587952A95E1F76E
:1059F0008770992780930E2890930F28812F8770A6
:105A000090E08093102890931128812F90E034E04B
:105A1000959587953A95E1F7877099278093122895
:105A200090931328A9CF0E94E62AA6CF4C9890E025
:105A300080E00E9405196CEB73E18EE00E947B0010
:105A40006EEA73E189E00E947B0060EA73E18BE01B
:105A50000E947B0062E973E18AE00E947B000E9461
:105A60009E034B015C010BEB12E10E949E0368193F
:105A700079098A099B09683E73408105910578F48C
:105A800090E080E00E940519C8010197F1F787E0D6
:105A900090E00E940519C8010197F1F7E6CF4C9AF2
:105AA00068E770E080E090E00E946E034C986CED37
:105AB00070E080E090E00E946E0382E090E00E943F
:105AC000051968EE73E080E090E00E946E032BE21F
:105AD00039E141E050E060E070E08BEC9DE225961A
:105AE000CDBFDEBFDF91CF911F910F91FF90EF905F
:105AF000BF90AF909F908F907F906F905F904F90EE
:105B00000C941A031F920F920FB60F9211242F9329
:105B10003F934F935F936F937F938F939F93AF9335
:105B2000BF9340914E2C50914F2C6091502C70910E
:105B3000512C80914C2C90914D2C2091582C3091CF
:105B4000592C420F531F611D711D2091562C30910D
:105B5000572C820F931F883E23E0920730F0885E17
:105B600093404F5F5F4F6F4F7F4F80934C2C9093CC
:105B70004D2C40934E2C50934F2C6093502C70938F
:105B8000512C8091522C9091532CA091542CB09177
:105B9000552C0196A11DB11D8093522C9093532C2E
:105BA000A093542CB093552C81E08093B60ABF91FA
:105BB000AF919F918F917F916F915F914F913F91A5
:105BC0002F910F900FBE0F901F9018951F920F925C
:105BD0000FB60F9211242F933F934F935F936F93C0
:105BE0007F938F939F93AF93BF93EF93FF9385E042
:105BF0000E94D703FF91EF91BF91AF919F918F9139
:105C00007F916F915F914F913F912F910F900FBEB8
:105C10000F901F9018951F920F920FB60F9211249C
:105C20002F933F934F935F936F937F938F939F93A4
:105C3000AF93BF93EF93FF9384E00E94D703FF914C
:105C4000EF91BF91AF919F918F917F916F915F91F4
:105C50004F913F912F910F900FBE0F901F9018956D
:105C60001F920F920FB60F9211242F933F934F93D1
:105C70005F936F937F938F939F93AF93BF93EF93B4
:105C8000FF9383E00E94D703FF91EF91BF91AF9103
:105C90009F918F917F916F915F914F913F912F9144
:105CA0000F900FBE0F901F9018951F920F920FB676
:105CB0000F9211242F933F934F935F936F937F9392
:105CC0008F939F93AF93BF93EF93FF9382E00E94D4
:105CD000D703FF91EF91BF91AF919F918F917F91EA
:105CE0006F915F914F913F912F910F900FBE0F9049
:105CF0001F9018951F920F920FB60F9211242F9399
:105D00003F934F935F936F937F938F939F93AF9343
:105D1000BF93EF93FF9381E00E94D703FF91EF9130
:105D2000BF91AF919F918F917F916F915F914F91B3
:105D30003F912F910F900FBE0F901F9018951F92BB
:105D40000F920FB60F9211242F933F934F935F93AF
:105D50006F937F938F939F93AF93BF93EF93FF9333
:105D600080E00E94D703FF91EF91BF91AF919F9187
:105D70008F917F916F915F914F913F912F910F90F4
:105D80000FBE0F901F9018951F920F920FB60F9293
:105D900011242F933F934F935F936F937F938F9330
:105DA0009F93AF93BF93EF93FF938EE19DE20E9489
:105DB0000001FF91EF91BF91AF919F918F917F91E2
:105DC0006F915F914F913F912F910F900FBE0F9068
:105DD0001F9018951F920F920FB60F9211242F93B8
:105DE0003F934F935F936F937F938F939F93AF9363
:105DF000BF93EF93FF93E0912A2DF0912B2D81819A
:105E000081FD2FC060818091302D8F5F8F739091C5
:105E1000312D891741F0E091302DF0E0E25EF24D36
:105E2000618F8093302D8091B72D9091B82D009780
:105E300039F0DC01ED91FC910190F081E02D0995A4
:105E4000FF91EF91BF91AF919F918F917F916F9152
:105E50005F914F913F912F910F900FBE0F901F9028
:105E600018958081EDCFEEE1FDE21282138288EE7B
:105E700093E0A0E0B0E084839583A683B7838EE4AB
:105E800092EE8083918380E698E08487958788E10D
:105E9000868789E1878780E4808B128A138A148A37
:105EA000158A86E2868B178A108E1092B72D109273
:105EB000B82D1092CB2D1092CC2D80E1EDECFDE2AF
:105EC000DF01982F1D929A95E9F71092B92D109243
:105ED000BA2DEBEBFDE2DF011D928A95E9F70895FB
:105EE000CF93DF93CDB7DEB76797CDBFDEBF0E94FC
:105EF00003180E94152B332433942224239489EB16
:105F00009DE20E948B0489EB9DE20E9412048BECBF
:105F10009DE20E948B048BEC9DE20E9412049EB1D4
:105F200081E0292F2470922E92FD80E08093082C2E
:105F30009EB181E0392F3870A32E93FD80E08093CD
:105F4000052CE6B0E0944E2D4170E42E4093022CD7
:105F5000F2B2F0945F2D5170F52E5093FF2B96B155
:105F600081E0A92FA270BA2E91FD80E08093FC2BD6
:105F70008EB18095817080935D2B92B381E0B92FB3
:105F8000B270CB2E91FD80E0809307299EB181E015
:105F9000E92FE270DE2E91FD80E08093EA288AB13D
:105FA00085FB882780F983258093E82885E10E9476
:105FB000C902412C64E0562E481A590A4092CF2853
:105FC0005092D02884E10E94C902612C74E0772E9F
:105FD000681A790A6092CD287092CE2882E10E94D8
:105FE000C90220E034E0281B390B2093CB283093E2
:105FF000CC2883E10E94C90200E014E0081B190BC1
:106000000093C9281093CA2800936229109363292A
:106010000E94CA1380914F2B811195C380914B2C04
:10602000811191C30093702B1093712B0093802BDF
:106030001093812B0093902B1093912B0093A02B06
:106040001093A12B80913029909131298093B42B0A
:106050009093B52B8093C42B9093C52B8093D42B16
:106060009093D52B8093E42B9093E52B80912C2952
:1060700090912D298093BA2B9093BB2B8093CA2BA0
:106080009093CB2B8093DA2B9093DB2B8093EA2B8E
:106090009093EB2B1092B92A1092BA2A1092BB2A35
:1060A0001092BC2A1092AF2B1092BF2B1092CF2BC4
:1060B0001092DF2B1092FA2B911006C08091EF28DE
:1060C000811102C02092FA2BA11006C08091EE2807
:1060D000811102C02092DF2BEE2031F08091ED285B
:1060E000811102C02092CF2BFF2031F08091EC284B
:1060F000811102C02092BF2BB11006C08091EB2805
:10610000811102C02092AF2BAA2029F08091EE28A5
:1061100081112092BC2AE11005C08091ED288111E7
:106120002092BB2AF11005C08091EC2881112092A9
:10613000BA2ABB2029F08091EB2881112092B92A3C
:106140008091492C882389F08091FA2B882369F06B
:1061500080914B2C811109C08091D1289091D22837
:1061600002968093D1289093D2280E94EB02D110FE
:106170001092E628CC2011F40C940C451092E428DF
:10618000D1102FC02091E928211108C06093D72891
:106190007093D8288093D9289093DA28C1103DC3F2
:1061A00020910629211108C06093D3287093D42828
:1061B0008093D5289093D628DD2009F42EC3009132
:1061C000D3281091D4282091D5283091D628601B4F
:1061D000710B820B930B663071058105910508F0F8
:1061E00038C38091E528811137C38091E628882340
:1061F00009F432C320924C2B8091E32881112FC3E4
:106200008091E428882309F42AC3209208290E9457
:10621000EB026B017C018091552B882331F01092A9
:10622000552B1092E2281092542B1091E82811233C
:1062300011F40C9411458091E728811108C0C09297
:10624000DE28D092DF28E092E028F092E1288091C9
:10625000DE289091DF28A091E028B091E128260166
:106260003701481A590A6A0A7B0AD301C201893EDA
:1062700023E09207A105B10508F493C02091E2281C
:10628000211106C020914B2C211102C02092E2283E
:1062900081349244AF40B10508F483C08091542BFF
:1062A00081117FC080915F2B832580935F2B20928B
:1062B000542B10925E2B10925B2B811172C0609157
:1062C000AA2B83E090E00E9484236091512B84E00C
:1062D00090E00E948423E6E1F8E230E020E060E014
:1062E00081919191019783709927022E01C0880FA7
:1062F0000A94EAF7682B2E5F3F4F2830310581F76B
:1063000085E090E00E948423609114286150660F1C
:10631000660F6C7080914D2B8370682B86E090E047
:106320000E94842360910E286295607780910C28EA
:106330008770682B87E090E00E9484236091122888
:1063400062956077809110288770682B88E090E0D4
:106350000E9484236091532B8091502B81116260A5
:106360008091DB288111646080914B2B81116860E2
:1063700080914F2B8111606180910D2C81116062A1
:1063800080910B2C8295880F880F807C682B81E090
:1063900090E00E9484231091E828112311F40C94BA
:1063A00012458091DE289091DF28A091E028B091DD
:1063B000E128C81AD90AEA0AFB0A51EAC51655E2C9
:1063C000D50656E2E506F10470F080915F2B882334
:1063D00051F080915E2B811106C020925E2B1092AD
:1063E000DC281092DD280E94EB024090FA2B4A86AE
:1063F000442031F1C0902229D0902329E090242913
:10640000F09025293B014C016C187D088E089F08EF
:106410007401630125E6C216D104E104F10480F0A1
:10642000C0921E29D0921F29E0922029F0922129A2
:1064300060932229709323298093242990932529FE
:106440000091DF2B20914B2C2111D6C0002331F17C
:10645000C090E02BD090E12BE090E22BF090E32B6A
:106460002B013C014C185D086E087F087301620126
:1064700025E6C216D104E104F10480F0C092E62BB7
:10648000D092E72BE092E82BF092E92B6093E02B7F
:106490007093E12B8093E22B9093E32B2091BC2A05
:1064A000222341F0609350297093512980935229FF
:1064B000909353292091CF2B222331F1C090D02BE0
:1064C000D090D12BE090D22BF090D32B2B013C011C
:1064D0004C185D086E087F087301620125E6C2163C
:1064E000D104E104F10480F0C092D62BD092D72BD6
:1064F000E092D82BF092D92B6093D02B7093D12BB4
:106500008093D22B9093D32B2091BB2A222341F04E
:1065100060934C2970934D2980934E2990934F2975
:106520002091BF2B222331F1C090C02BD090C12BE2
:10653000E090C22BF090C32B2B013C014C185D085E
:106540006E087F087301620125E6C216D104E104DA
:10655000F10480F0C092C62BD092C72BE092C82BDA
:10656000F092C92B6093C02B7093C12B8093C22BE8
:106570009093C32B2091BA2A222341F0609348299B
:106580007093492980934A2990934B292091AF2BEE
:10659000222331F1C090B02BD090B12BE090B22BE0
:1065A000F090B32B2B013C014C185D086E087F085E
:1065B0007301620125E6C216D104E104F10480F002
:1065C000C092B62BD092B72BE092B82BF092B92B99
:1065D0006093B02B7093B12B8093B22B9093B32B1D
:1065E0002091B92A222341F06093442970934529D0
:1065F00080934629909347298091082C8093EF2817
:106600008091052C8093EE288091022C8093ED28B8
:106610008091FF2B8093EC288091FC2B8093EB28BA
:1066200080910729809306298091EA288093E928A0
:106630001093E7288091E6288093E5288091E4284C
:106640008093E3280E94EB022B013C011092A42AC4
:10665000109203298090222990902329A090242928
:10666000B09025298C869D86AE86BF867C016B0105
:10667000C818D908EA08FB0880901E2990901F29A5
:10668000A0902029B0902129D501C40152E0B695EF
:10669000A795979587955A95D1F78C159D05AE05C9
:1066A000BF0550F488519C4FAF4FBF4FF1E0C81663
:1066B000D906EA06FB0608F0F0E0D501C401B6955C
:1066C000A795979587958C159D05AE05BF0550F448
:1066D00088519C4FAF4FBF4FE1E0C816D906EA067C
:1066E000FB0608F0E0E0A3E0B0E0A50194010E9401
:1066F000584632E096958795779567953A95D1F704
:106700006C157D058E059F0550F468517C4F8F4FA9
:106710009F4F21E0C616D706E806F90608F020E0EC
:1067200038EEC31633E0D306E104F10408F49DC04B
:10673000F11198C0E11199C090E080E0222309F4A2
:10674000A2C080E099C08091062C9091072C892BE3
:10675000A1F40093A02B1093A12B8091302990914C
:1067600031298093E42B9093E52B80912C299091F3
:106770002D298093EA2B9093EB2B8091032C909101
:10678000042C892BA1F40093902B1093912B8091D2
:106790003029909131298093D42B9093D52B8091DF
:1067A0002C2990912D298093DA2B9093DB2B8091CB
:1067B000002C9091012C892BA1F40093802B109335
:1067C000812B80913029909131298093C42B909313
:1067D000C52B80912C2990912D298093CA2B9093C1
:1067E000CB2B8091FD2B9091FE2B892B09F052CC65
:1067F0000093702B1093712B809130299091312947
:106800008093B42B9093B52B80912C2990912D29B6
:106810008093BA2B9093BB2B3DCC0091D72810913D
:10682000D8282091D9283091DA282B013C01401A30
:10683000510A620A730A93018201053F1140210542
:10684000310520F4CC2009F4BACCCBCC2092E62838
:10685000F9CF2092E428C5CC10924C2BCDCC1092CD
:106860000829D5CCEE2309F46CCF8091F128811151
:1068700003C02092032981E09091F028911103C078
:106880002092A42A91E010910329112341F0409213
:10689000FF2850920029609201297092022980936A
:1068A000F1289093F02848EEC41643E0D406E104A2
:1068B000F10420F410923F2B1092402BFF2331F073
:1068C00081E090E080933F2B9093402BEE2331F0BA
:1068D00082E090E080933F2B9093402B222331F075
:1068E00083E090E080933F2B9093402B0111209206
:1068F000462C8091CF2B81112092442C8091BF2B6C
:1069000081112092422C8091AF2B81112092402C3A
:106910000E94EB026B017C011092042980911428E3
:10692000909115288230910508F04AC410930429EB
:10693000111113C04A84411023C080910429882377
:1069400049F18091F2289091F32801968F70992750
:106950008093F2289093F3281DC08091FF28909196
:106960000029A0910129B09102298093FB289093DE
:10697000FC28A093FD28B093FE284A84442009F304
:106980008091F828811165C42092F8281092F2288D
:106990001092F32880910529811130C08091FA2B43
:1069A000882361F10E94EB026B017C0183E10E946C
:1069B000C902BC01990F880B990BF6E0660F771F8F
:1069C000881F991FFA95D1F7C626D726E826F926FB
:1069D00084E10E94C902092E000CAA0BBB0BC81649
:1069E000D906EA06FB0641F0BC01CD016C257D25E8
:1069F0008E259F250E941446209205290E948623F9
:106A000000914C2B002349F080915F2B811105C030
:106A100080914B2C832580934B2C109108298091D9
:106A20004B2C90914B2B992309F43DC4112319F061
:106A3000832580934B2C80910729811109C0809177
:106A40000629882329F080914B2C832580934B2C99
:106A500001112FC411112DC41091FA2B112359F0DB
:106A600080913D2B90913E2B0196877099278093C2
:106A70003D2B90933E2B80914B2C882309F4FDC431
:106A80000E94EB024B015C0180915F2B81112AC0B7
:106A90008091362990913729809334299093352914
:106AA0008091602B9091612B209132293091332974
:106AB000821B930B97FD8BC4877099278093402985
:106AC00090934129809130299091312980932E29EA
:106AD00090932F2980912C2990912D2980932A29F8
:106AE00090932B291123C1F0809128299091292975
:106AF000019660912E2970912F290E94434880931E
:106B00002829909329298091262990912729019657
:106B10008093262990932729E0902A29F0902B2909
:106B2000670127E0C21AD1083AE0E316F10408F43D
:106B300056C48091222990912329A0912429B091B3
:106B4000252924013501481A590A6A0A7B0A20912D
:106B50002E2930912F2950E040E060911E2970913C
:106B60001F2980912029909121290E946B46C30101
:106B7000B2010E946B4621E068387341810591059E
:106B800008F020E020934329009134291091352901
:106B90000130110551F4A8E0EA16F10431F4109225
:106BA000432910923829109239298091432988234A
:106BB00081F18091422981112CC080911C299091F2
:106BC0001D290196B8010E94434880931C29909387
:106BD0001D298091182990911929A0911A29B09105
:106BE0001B2924013501481A590A6A0A7B0AD30174
:106BF000C2018093142990931529A0931629B0936C
:106C000017298092182990921929A0921A29B092D6
:106C10001B2923E0C216D10418F180911829909104
:106C20001929A0911A29B0911B29881A990AAA0A30
:106C3000BB0AC501B401E2E0660F771F881F991FE8
:106C4000EA95D1F720911429309115294091162900
:106C5000509117290E946B46209338293093392987
:106C600080914029909141290130110509F0E6C336
:106C700080933E2990933F2920913E2930913F29CE
:106C800080913C2990913D292817390709F4F0C3D8
:106C9000209213290E94C54526EB33E040E050E0E6
:106CA0000E94394660931129709312292091502B2C
:106CB000222309F4CCC30E94C54526EB33E040E013
:106CC00050E00E94394660930F29709310290E946A
:106CD000C54526EB33E040E050E00E943946609322
:106CE0000D2970930E290E94C54526EB33E040E044
:106CF00050E00E94394660930B2970930C290E9442
:106D0000C54526EB33E040E050E00E9439466093F1
:106D1000092970930A2900913E2910913F29409139
:106D20003C2950913D290417150779F0C801841BAF
:106D3000950B2091532B232530E04017510708F085
:106D40009AC3821B930B0E948E0DE0913A29F09119
:106D50003B29E00FF11FE770FF27809138299091C0
:106D60003929EE0FFF1FEE0FFF1FE354F54DE80F1B
:106D7000F91FC080C092052CD0A0D092022CDF0158
:106D8000A05CBF4FEC90E092FF2BE05AFF4FF080E9
:106D9000F092FC2B809143298093422900933C2957
:106DA00010933D290E94EB021092B92A1092BA2A40
:106DB0001092BB2A1092BC2A1092AF2B1092BF2BBC
:106DC0001092CF2B1092DF2BCC2031F0209157293D
:106DD000211102C02092DF2BDD2031F020915629B5
:106DE000211102C02092CF2BEE2031F020915529A5
:106DF000211102C02092BF2BFF2031F02091542995
:106E0000211102C02092AF2BC11005C0209157293B
:106E100021112092BC2AD11005C0209156292111A0
:106E20002092BB2AE11005C0209155292111209202
:106E3000BA2AF11005C02091542921112092B92AB3
:106E40005091DF2B552301F10091E02B1091E12BA4
:106E50002091E22B3091E32B2B013C01401A510A87
:106E6000620A730A930182010093E62B1093E72BC9
:106E70002093E82B3093E92B6093E02B7093E12B68
:106E80008093E22B9093E32B2091BC2A222341F0A4
:106E900060935029709351298093522990935329DC
:106EA0004091CF2B442301F10091D02B1091D12B95
:106EB0002091D22B3091D32B3B014C01601A710AE7
:106EC000820A930A940183010093D62B1093D72B47
:106ED0002093D82B3093D92B6093D02B7093D12B48
:106EE0008093D22B9093D32B2091BB2A222341F065
:106EF00060934C2970934D2980934E2990934F298C
:106F00003091BF2B332301F18090C02B9090C12B87
:106F1000A090C22BB090C32B2B013C0148185908FC
:106F20006A087B08530142018092C62B9092C72BBE
:106F3000A092C82BB092C92B6093C02B7093C12B29
:106F40008093C22B9093C32B2091BA2A222341F025
:106F5000609348297093492980934A2990934B293B
:106F60002091AF2B222301F18090B02B9090B12B78
:106F7000A090B22BB090B32B2B013C0148185908BC
:106F80006A087B08530142018092B62B9092B72B7E
:106F9000A092B82BB092B92B6093B02B7093B12B09
:106FA0008093B22B9093B32BE091B92AEE2341F05A
:106FB00060934429709345298093462990934729EB
:106FC000C0925729D0925629E0925529F09254291F
:106FD00051112092462C41112092442C31112092C3
:106FE000422C21112092402C80914B2C811193C472
:106FF0008091092C90910A2C8930910530F087708E
:1070000099278093092C90930A2C8091502B8823E8
:10701000A1F18091062C9091072C8930910530F0D8
:10702000877099278093062C9093072C8091032CCE
:107030009091042C8930910530F0877099278093C6
:10704000032C9093042C8091002C9091012C89307A
:10705000910530F0877099278093002C9093012C34
:107060008091FD2B9091FE2B8930910530F0877037
:1070700099278093FD2B9093FE2B10924A2B109210
:10708000492B1092482B1092472B1092462B1092AE
:10709000452B1092442B1092432B1092422B1092AE
:1070A000412B8091FA2B81110E949F1B0E94212964
:1070B0000E944B258091092C90910A2C892BC9F4B0
:1070C0008091062C9091072C892B99F48091032CA8
:1070D0009091042C892B69F48091002C9091012CC3
:1070E000892B39F48091FD2B9091FE2B892B09F48B
:1070F0000FC42092FB2B60915D2B80915F2B882326
:1071000009F472C4E091602BF091612B30915E2BF9
:1071100020914C2B3323B1F080915C2B861791F09A
:1071200080915B2B832580935B2B882309F4F6C326
:107130001092592B10925A2B1092582BE093562BE9
:10714000F093572B80915B2B882309F4E7C322230C
:1071500089F08091592B90915A2B01968370992731
:107160008093592B90935A2B1092582BE093562BC7
:10717000F093572B8091562B9091572BE817F907D6
:1071800011F02092582B8091582B882351F0A09118
:10719000592BB0915A2BAA0FBB1FA45FB74DED938B
:1071A000FC93E093562BF093572B222309F41CC435
:1071B00031111AC480914B2B832580934B2B14C41F
:1071C0005A84552039F066246A94762C6092F92806
:1071D0007092FA2881149104A104B10409F4AACB95
:1071E0008C01000F111F980150E040E0C501B4016F
:1071F0000E946B46211531054105510509F49ACBD2
:10720000C701B6018C849D84AE84BF846819790956
:107210008A099B090E946B4601501109201731070A
:1072200008F489018091F9289091FA288017910734
:1072300009F480CB20920429C092FB28D092FC282C
:10724000E092FD28F092FE280093F9281093FA2886
:1072500094CB8091F4289091F528A091F628B091D4
:10726000F72840911E2950911F2960912029709183
:1072700021290097A105B10569F012E0880F991F37
:10728000AA1FBB1F1A95D1F784179507A607B70742
:1072900008F47CCB4093F4285093F5286093F628AB
:1072A0007093F7284ACB112309F4D2CB832580931E
:1072B0004B2C80914B2C882311F40C940445809125
:1072C0005D2B882341F08091092C90910A2C892B09
:1072D00011F00E94F80D80913D2B90913E2B8093F0
:1072E0003A2990933B292091602B3091612B209378
:1072F0003229309333292091082C222349F0019719
:1073000097FD61C08770992780933A2990933B2914
:1073100010922829109229291092262910922729A3
:1073200010921C2910921D291092422910923C297A
:1073300010923D29011103C0112309F48DCB8091D6
:107340004B2C811189CB80915D2B882339F12091C1
:1073500026293091272940913E2950913F29241711
:107360003507C1F027703327C901841B950B4217DD
:10737000530708F008962091082C211101972091BD
:10738000532B211103C0009729F00197009711F0AA
:107390000E948E0D10922629109227291092FD2B03
:1073A0001092FE2B1092002C1092012C1092032CA4
:1073B0001092042C1092062C1092072C1092092C7B
:1073C00010920A2C49CB089697FDFDCF9DCF9C01CA
:1073D00020953095287F0896820F931F6FCB53E03E
:1073E000C516D10468F48091082C809343298091BC
:1073F0003F2B9091402B8093382990933929C4CB0F
:107400008091282990912929892BA1F48091222902
:1074100090912329A0912429B0912529B501A40197
:10742000481B590B6A0B7B0B81E0483853416105BF
:10743000710508F080E080934329A6CB20911C2998
:1074400030911D29820F931F8770992711CC60936B
:10745000092970930A2960930B2970930C29609372
:107460000D2970930E2960930F297093102953CC26
:107470001092132950CC089664CC112309F4B0C0A3
:1074800080913D2B90913E2BFC0173E0EE0FFF1F8E
:107490007A95E1F7EC59F64D2091F82B3091F92BC4
:1074A00020833183209162293091632922833383A1
:1074B0004091092C50910A2C4483558340916029B6
:1074C0005091612946835783DC0113E0AA0FBB1F4B
:1074D0001A95E1F7AC55B64D4091F62B5091F72B2C
:1074E0004D935C93DF01AE5BBF4F2D933C9311979F
:1074F00012964091062C5091072C4D935C93119756
:10750000129640915E2950915F294D935C93DC0166
:1075100003E0AA0FBB1F0A95E1F7AC51B64D4091AD
:10752000F42B5091F52B4D935C93DF01AE57BF4F79
:107530002D933C93119712964091032C5091042C5B
:107540004D935C931197129640915C2950915D295F
:107550004D935C93DC0143E0AA0FBB1F4A95E1F712
:10756000AC5DB54D4091F22B5091F32B4D935C9354
:10757000DF01AE53BF4F2D933C931197129640916C
:10758000002C5091012C4D935C93119712964091D1
:107590005A2950915B294D935C9353E0880F991FB2
:1075A0005A95E1F7DC01AC59B54D8091F02B9091E3
:1075B000F12B8D939C93DF01AE5FBE4F2D933C93D7
:1075C000119712968091FD2B9091FE2B8D939C9399
:1075D000EA5FFE4F809158299091592980839183C9
:1075E0000E94EB028091A42A882309F442C0E09112
:1075F0003D2BF0913E2B80913F2B9091402BAF0182
:10760000440F551F440F551FDA01A354B54DA80F61
:10761000B91F9D01205A3F4FF901108220523109B4
:10762000F901108290961C9290971C922091052C43
:1076300021113C922091022C222339F0DA01A3542B
:10764000B54DA80FB91F90963C922091FF2B222395
:1076500031F0DC01A40FB51FA350B54D3C92209131
:10766000FC2B222331F0FA01E80FF91FE35EF44D01
:1076700030828091B82A882321F1F8946091B42A4D
:107680007091B52A8091B62A9091B72A78940E9479
:10769000DB129C01215031092330310580F4E09147
:1076A0003D2BF0913E2BEE0FFF1FEE0FFF1FE3541B
:1076B000F54DE80FF91F30821092B82A02C00497E6
:1076C000D8F38091B32A882321F1F8946091AF2AEE
:1076D0007091B02A8091B12A9091B22A78940E9438
:1076E000DB129C01215031092330310580F4E091F7
:1076F0003D2BF0913E2BEE0FFF1FEE0FFF1FE354CB
:10770000F54DE80FF91F30A21092B32A02C004977A
:10771000D8F38091AE2A882321F1F8946091AA2AA7
:107720007091AB2A8091AC2A9091AD2A78940E94F6
:10773000DB129C01215031092330310580F4E091A6
:107740003D2BF0913E2BEE0FFF1FEE0FFF1FE80FBA
:10775000F91FE350F54D30821092AE2A02C0049713
:10776000D8F38091A92A882321F1F8946091A52A61
:107770007091A62A8091A72A9091A82A78940E94B5
:10778000DB129C01215031092330310580F4E09156
:107790003D2BF0913E2BEE0FFF1FEE0FFF1FE80F6A
:1077A000F91FE35EF44D30821092A92A02C00497BB
:1077B000D8F380913F2B9091402B9C012D7F211578
:1077C000310509F458C08230910529F54091BF2B4D
:1077D000442369F0E0913D2BF0913E2BEE0FFF1F0B
:1077E000EE0FFF1FE80FF91FE350F54D3082211512
:1077F000310589F44091AF2B442369F0E0913D2B92
:10780000F0913E2BEE0FFF1FEE0FFF1FE80FF91F49
:10781000E35EF44D30822130310509F452C08330EB
:10782000910509F0E1CB4091BA2A442369F0E09137
:107830003D2BF0913E2BEE0FFF1FEE0FFF1FE80FC9
:10784000F91FE350F54D10822130310509F0CCCB02
:107850002091B92A222309F4C7CBE0913D2BF09166
:107860003E2BEE0FFF1FEE0FFF1FE80FF91FE35E29
:10787000F44D1082B9CB4091DF2B442369F0E091A5
:107880003D2BF0913E2BEE0FFF1FEE0FFF1FE35439
:10789000F54DE80FF91F30824091CF2B442369F05A
:1078A000E0913D2BF0913E2BEE0FFF1FEE0FFF1FDF
:1078B000E354F54DE80FF91F30A2009709F486CF85
:1078C00082CF4091BC2A442369F0E0913D2BF09196
:1078D0003E2BEE0FFF1FEE0FFF1FE354F54DE80F99
:1078E000F91F10824091BB2A442369F0E0913D2B9F
:1078F000F0913E2BEE0FFF1FEE0FFF1FE354F54DEF
:10790000E80FF91F10A28130910509F48CCF87CFC1
:107910001092FB2BF0CB0E94240FEDCB8091552BC6
:10792000882309F442CC8091542B81113ECC311133
:1079300053C0E830F10508F038CCEF55F34C0C9407
:107940006B48A93CB13CB93CC03CC53CCA3CD13CAD
:10795000D93C8091532B83258093532B21112ACC22
:1079600043C082E0482E512C4092AA2B5092AB2B60
:10797000F5CF81E090E08093AA2B9093AB2BEECFD4
:107980001092AA2B1092AB2BE9CF1092512B109290
:10799000522BE4CF81E090E08093512B9093522BB7
:1079A000DDCF02E0602E712C6092512B7092522B31
:1079B000D5CF8091502B811105C02092502B109271
:1079C0004F2BCCCF80914F2B811103C020924F2B96
:1079D000C5CF1092502BF3CF309709F089C080911A
:1079E0000D2C832580930D2C60935C2B8091092CAA
:1079F00090910A2C892B31F48091082C80934A2C89
:107A00002092482C8091062C9091072C892B31F4E0
:107A10008091052C8093472C2092462C8091032C3A
:107A20009091042C892B31F48091022C8093452C69
:107A30002092442C8091002C9091012C892B31F4C0
:107A40008091FF2B8093432C2092422C8091FD2B20
:107A50009091FE2B892B31F48091FC2B8093412C4B
:107A60002092402C8091FB2B882309F4A2C08091A6
:107A7000FA2B882331F08091492C811102C0209289
:107A8000482C10E000E0E090F82BF090F92BE01685
:107A9000F106E9F08091F62B9091F72B0817190762
:107AA000B1F08091F42B9091F52B0817190779F01C
:107AB0008091F22B9091F32B0817190741F08091D8
:107AC000F02B9091F12B0817190709F06CC0F80101
:107AD0003197E730F10508F064C0EF58F24C0C9490
:107AE0006B48A83EAB3E8E409140A74199439C43D2
:107AF000CF010197049740F526E138E2C90110E073
:107B000000E0DC014D915D91CD01E417F50791F4A2
:107B1000D801AA0FBB1F8D010A5E174D2017310730
:107B200071F0D8015E914E91CD01D8014D935C93D7
:107B30008C01F4CF0F5F1F4F0430110511F7E09354
:107B40001628F093172850CFE530F10561F48091A5
:107B50000B2C90910C2C01968370992780930B2C01
:107B600090930C2C41CFE630F10561F480914D2BC0
:107B700090914E2B01968170992780934D2B909375
:107B80004E2B32CF379709F02FCF80911428909148
:107B900015288370992701968093142890931528AF
:107BA00023CF0E941E210F5F1F4F0830110509F0DF
:107BB0006ACFD0904B2C80910B2C90910C2C892B60
:107BC00021F0D11002C00E942F0E19820091472C83
:107BD0008091462C011101C080E08A83F090452CF1
:107BE0008091442CF11001C080E08B83E090432C05
:107BF0008091422CE11001C080E08C831091412CD7
:107C00008091402C111101C080E08D830E94EB0215
:107C1000AB01BC015E0122E0A20EB11C8CE39CE230
:107C20008A879B87FC01450181E090E0D4012D917A
:107C30004D013191222309F4CAC6311110C0DC0173
:107C4000AA0FBB1FAA0FBB1FA95DB34D4D935D9338
:107C50006D937C931397DC01AE5DB34D1C92DF01F5
:107C600011972C9301968530910501F780910D2C89
:107C7000882309F4F4C6E6E1F8E22EE138E28191C6
:107C80009191A1E0B0E0AC0FBD1FA80FB91FAC915E
:107C9000A11105C02E173F0791F790E080E021E089
:107CA00030E0D501ED915D01EE2339F082179307A5
:107CB00021F0F901EE5DF34D30822F5F3F4F25300B
:107CC000310579F7EBE2FCE2EC87FD87EEE0FCE2C0
:107CD00081E090E0AC85BD858D909D90AD90BD908C
:107CE000AC87BD872A013B01481859086A087B0800
:107CF0004C8A5D8A6E8A7F8AAA85BB852D91AA8768
:107D0000BB87211174C644805580668077804A0104
:107D10005B0184189508A608B70830ED831637E094
:107D20009306A104B10408F462C68330910509F4F6
:107D300086C68430910509F484C68230910509F025
:107D4000D6C63496F22E212F83E090E0122FC2CFB8
:107D50000E947E1E28CF0E94EB024B015C018091A5
:107D6000092C90910A2C892BD9F0B2E0EB16F10482
:107D7000B9F48091EC2B9091ED2BA091EE2BB0916A
:107D8000EF2BB501A401481B590B6A0B7B0B81E05B
:107D9000403157426105710508F080E080934A2C1C
:107DA0008091062C9091072C892BF1F18091F62B74
:107DB0009091F72B0297C1F58091EA2B9091EB2BD4
:107DC000089708F402C12091E42B3091E52B50E094
:107DD00040E06091E62B7091E72B8091E82B909129
:107DE000E92B0E946B46211531054105510509F427
:107DF000E9C08091E02B9091E12BA091E22BB09112
:107E0000E32B24013501481A590A6A0A7B0AC30187
:107E1000B2010E946B4621E06031774281059105F5
:107E200008F020E02093472C8091032C9091042CA3
:107E3000892BF1F18091F42B9091F52B0297C1F5EC
:107E40008091DA2B9091DB2B089708F4E9C0209100
:107E5000D42B3091D52B50E040E06091D62B70911F
:107E6000D72B8091D82B9091D92B0E946B4621154E
:107E700031054105510509F4D0C08091D02B909176
:107E8000D12BA091D22BB091D32B24013501481ACC
:107E9000590A6A0A7B0AC301B2010E946B4621E0BB
:107EA000603177428105910508F020E02093452C50
:107EB0008091002C9091012C892BF1F18091F22B73
:107EC0009091F32B0297C1F58091CA2B9091CB2B07
:107ED000089708F4D0C02091C42B3091C52B50E0F6
:107EE00040E06091C62B7091C72B8091C82B909178
:107EF000C92B0E946B46211531054105510509F436
:107F0000B7C08091C02B9091C12BA091C22BB09192
:107F1000C32B24013501481A590A6A0A7B0AC30196
:107F2000B2010E946B4621E06031774281059105E4
:107F300008F020E02093432C8091FD2B9091FE2BA4
:107F4000892B09F479C58091F02B9091F12B029740
:107F500009F072C58091BA2B9091BB2B089708F459
:107F6000B5C02091B42B3091B52B50E040E060912A
:107F7000B62B7091B72B8091B82B9091B92B0E94A2
:107F80006B46211531054105510509F49CC08091CE
:107F9000B02B9091B12BA091B22BB091B32B2401B7
:107FA0003501481A590A6A0A7B0AC301B2010E94C4
:107FB0006B4621E0603177428105910508F4B3C337
:107FC00020E0B1C31092472C2FCF8091DF2B882364
:107FD000D1F08091DD2B9091DE2B21E0009709F408
:107FE00020E02093DC2B01966091E42B7091E52B2F
:107FF0006115710511F461E070E00E9443488093BF
:10800000DD2B9093DE2B8091052C882319F0809135
:10801000DC2B83258093472C07CF1092452C48CF2B
:108020008091CF2B8823D1F08091CD2B9091CE2BB6
:1080300021E0009709F420E02093CC2B0196609179
:10804000D42B7091D52B6115710511F461E070E0AE
:108050000E9443488093CD2B9093CE2B8091022C8D
:10806000882319F08091CC2B83258093452C20CF39
:108070001092432C61CF8091BF2B8823D1F0809147
:10808000BD2B9091BE2B21E0009709F420E02093B6
:10809000BC2B01966091C42B7091C52B61157105A5
:1080A00011F461E070E00E9443488093BD2B9093EF
:1080B000BE2B8091FF2B882319F08091BC2B832548
:1080C0008093432C39CF1092412C6DCD8091AF2BF2
:1080D0008823D1F08091AD2B9091AE2B21E00097B9
:1080E00009F420E02093AC2B01966091B42B7091A1
:1080F000B52B6115710511F461E070E00E944348F1
:108100008093AD2B9093AE2B8091FC2B882319F09C
:108110008091AC2B83258093412C45CD0E94B107E3
:1081200042CD8090EA2B9090EB2BA090DA2BB09070
:10813000DB2BC090CA2BD090CB2B6090BA2B7090C9
:10814000BB2B8091092C90910A2C892BD9F044E00B
:10815000E416F104B9F40E94EB022091EC2B30916B
:10816000ED2B4091EE2B5091EF2B621B730B840B88
:10817000950B21E0603177428105910508F020E000
:1081800020934A2C8091052C8E838091022C8F8322
:108190008091FF2B88878091FC2B89874090462C0B
:1081A0004A8649824090442C4A825090422C5B82FD
:1081B000E090402CEC86EC828091062C9091072C6C
:1081C000892B69F18091F62B9091F72B049739F563
:1081D000F401EE7FE656FE41E080F18021E0E21AF4
:1081E000F108E6E0F0E0EC0FFD1FEE0DFF1D8081D1
:1081F0008093472C80914B2C811106C084E090E045
:108200000E940E0E029741F0E1E0F0E0EC0FFD1F3E
:10821000EE0DFF1D80808A869A849092462C809174
:10822000032C9091042C892B59F18091F42B90917F
:10823000F52B049729F5F501EE7FE655FE41E08028
:10824000F18021E0E21AF108E6E0F0E0EC0FFD1F1A
:10825000EE0DFF1D80818093452C80914B2C811168
:1082600006C084E090E00E940E0E029739F0E1E033
:10827000F0E0EC0FFD1FEE0DFF1D40804092442CFE
:108280008091002C9091012C892B59F18091F22B37
:108290009091F32B049729F5F601EE7FE654FE4109
:1082A000E080F18031E0E31AF108E6E0F0E0EC0F65
:1082B000FD1FEE0DFF1D80818093432C80914B2C80
:1082C000811106C084E090E00E940E0E029739F002
:1082D000E1E0F0E0EC0FFD1FEE0DFF1D508050922D
:1082E000422C8091FD2B9091FE2B892B09F45BCCC5
:1082F0008091F02B9091F12B049709F054CCF3016D
:10830000EE7FE653FE41E080F18041E0E41AF1089F
:10831000E6E0F0E0EC0FFD1FEE0DFF1D8081809385
:10832000412C80914B2C811106C084E090E00E948A
:108330000E0E029741F0E1E0F0E0EC0FFD1FEE0DB4
:10834000FF1D40804C865C845092402C2CCC0E94B7
:10835000EB024B015C018091092C90910A2C892B36
:10836000D9F025E0E216F104B9F48091EC2B90915C
:10837000ED2BA091EE2BB091EF2BB501A401481B82
:10838000590B6A0B7B0B81E0403157426105710547
:1083900008F080E080934A2C8091062C9091072C65
:1083A000892B09F46AC08091F62B9091F72B0597E1
:1083B00009F063C08091DF2B882341F18091EA2B83
:1083C0009091EB2B9695879508968031910510F04A
:1083D0008FE090E02091AA2B3091AB2B880F991F52
:1083E0002115310531F486589E41DC018D919C9117
:1083F00009C02130310509F06DC0865A9E41FC014B
:10840000808191818093A82B9093A92BA091A82B78
:10841000B091A92B2091E62B3091E72B4091E82BCE
:108420005091E92B0E945846E3E096958795779501
:108430006795EA95D1F7C090E02BD090E12BE090C2
:10844000E22BF090E32B240135014C185D086E08F7
:108450007F08730162016C157D058E059F0550F440
:10846000605F784D8F4F9F4F21E0C616D706E80614
:10847000F90608F020E02093472C8091032C90917E
:10848000042C892B09F46DC08091F42B9091F52B6D
:10849000059709F066C08091CF2B882359F1809110
:1084A000DA2B9091DB2B9695879508968031910574
:1084B00010F08FE090E02091AA2B3091AB2B880F29
:1084C000991F2115310549F486589E41DC018D9193
:1084D0009C910CC0865C9E4188CF2130310509F00B
:1084E0006DC0865A9E41FC01808191818093A62BAC
:1084F0009093A72BA091A62BB091A72B2091D62BC0
:108500003091D72B4091D82B5091D92B0E945846AF
:10851000B3E09695879577956795BA95D1F7C09012
:10852000D02BD090D12BE090D22BF090D32B2401E4
:1085300035014C185D086E087F08730162016C15E7
:108540007D058E059F0550F4605F784D8F4F9F4FDE
:1085500021E0C616D706E806F90608F020E02093C9
:10856000452C8091002C9091012C892B09F46DC031
:108570008091F22B9091F32B059709F066C08091C2
:10858000BF2B882359F18091CA2B9091CB2B9695C4
:10859000879508968031910510F08FE090E020914A
:1085A000AA2B3091AB2B880F991F2115310549F467
:1085B00086589E41DC018D919C910CC0865C9E4149
:1085C00085CF2130310509F06DC0865A9E41FC01EE
:1085D000808191818093A42B9093A52BA091A42BB3
:1085E000B091A52B2091C62B3091C72B4091C82B61
:1085F0005091C92B0E945846E3E096958795779550
:108600006795EA95D1F7C090C02BD090C12BE09030
:10861000C22BF090C32B240135014C185D086E0865
:108620007F08730162016C157D058E059F0550F46E
:10863000605F784D8F4F9F4F21E0C616D706E80642
:10864000F90608F020E02093432C8091FD2B9091B7
:10865000FE2B892B09F4F0C18091F02B9091F12B26
:10866000059709F0E9C18091AF2B882351F18091E2
:10867000BA2B9091BB2B96958795089680319105E2
:1086800010F08FE090E02091AA2B3091AB2B880F57
:10869000991F2115310549F486589E41DC018D91C1
:1086A0009C910BC0865C9E4185CF21303105F1F550
:1086B000865A9E41FC01808191818093A22B9093E8
:1086C000A32BA091A22BB091A32B2091B62B30917C
:1086D000B72B4091B82B5091B92B0E94584643E0DC
:1086E00096958795779567954A95D1F7C090B02B69
:1086F000D090B12BE090B22BF090B32B8C189D084A
:10870000AE08BF08681579058A059B0508F058CCA6
:10871000605F784D8F4F9F4F21E086169706A80621
:10872000B90608F04DCC2093412C3DCA865C9E4191
:10873000B5CF0E94160537CA0E94EB024B015C01BF
:108740008091092C90910A2C892BD9F0B7E0EB1677
:10875000F104B9F48091EC2B9091ED2BA091EE2BCC
:10876000B091EF2BB501A401481B590B6A0B7B0B91
:1087700081E0403157426105710508F080E0809347
:108780004A2C8091062C9091072C892BE9F180913D
:10879000F62B9091F72B0797B9F58091DF2B882363
:1087A000A1F04091A02B5091A12B6091E62B7091EC
:1087B000E72B8091E82B9091E92B24E93BE20E9482
:1087C000EF1D8093922B9093932B2091922B3091BD
:1087D000932B8091052C21153105A1F08091E02B80
:1087E0009091E12BA091E22BB091E32B2401350174
:1087F000481A590A6A0A7B0AC301B20144E95BE2DA
:108800000E94ED048093472C8091032C9091042CBE
:10881000892BE9F18091F42B9091F52B0797B9F50D
:108820008091CF2B8823A1F04091902B5091912BD8
:108830006091D62B7091D72B8091D82B9091D92B0A
:1088400024E83BE20E94EF1D8093822B9093832BC0
:108850002091822B3091832B8091022C21153105A0
:10886000A1F08091D02B9091D12BA091D22BB091DF
:10887000D32B75016401C81AD90AEA0AFB0AC70199
:10888000B60144E85BE20E94ED048093452C8091A0
:10889000002C9091012C892BE9F18091F22B909181
:1088A000F32B0797B9F58091BF2B8823A1F0409156
:1088B000802B5091812B6091C62B7091C72B80919A
:1088C000C82B9091C92B24E73BE20E94EF1D8093B7
:1088D000722B9093732B2091722B3091732B80917C
:1088E000FF2B21153105A1F08091C02B9091C12B58
:1088F000A091C22BB091C32B24013501481A590A0B
:108900006A0A7B0AC301B20144E75BE20E94ED04FC
:108910008093432C8091FD2B9091FE2B892B09F4A1
:1089200048C98091F02B9091F12B079709F041C92C
:108930008091AF2B8823A1F04091702B5091712B27
:108940006091B62B7091B72B8091B82B9091B92B79
:1089500024E63BE20E94EF1D8093622B9093632BF1
:108960002091622B3091632B8091FC2B21153105D6
:1089700009F4D1CB8091B02B9091B12BA091B22B67
:10898000B091B32B75016401C81AD90AEA0AFB0A2F
:10899000C701B60144E65BE20E94ED04BCCB9C013A
:1089A0002E5D334DD9012C912325BFC9882309F4AD
:1089B00068C061E070E08DE00E94B80162C0099A71
:1089C0006BC08B9A74C0AC9A7DC02A9A86C0332340
:1089D00009F445C9DC01AA0FBB1FAA0FBB1FA25F88
:1089E000B34D4D935D936D937C93139738C94C8829
:1089F0005D886E887F8820ED421627E0520661046C
:108A0000710468F620E091C901110C94A339111189
:108A10000C94A3390C942C35D1100C94D0300C94B8
:108A2000C23010E08091E728882311F40C94F331D0
:108A30002092552B0C94F3310F5F1F4F24C8E22E68
:108A4000212F019634968530910509F07FC9209336
:108A5000412CE092432CF092452C0093472CD110EE
:108A600010924A2C8091492C81110BC08091482C86
:108A700090914A2C992309F499CF70E060E081111C
:108A80009ACF8091472C882309F499CF8091462C66
:108A9000882309F494CF09988091452C882309F400
:108AA00090CF8091442C882309F48BCF8B988091B0
:108AB000432C882309F487CF8091422C882309F422
:108AC00082CFAC988091412C882309F47ECF80918D
:108AD000402C882309F479CF2A9880E090E0892BF4
:108AE00011F40C947F2F0E9400000C947F2F022F12
:108AF000A7CF8F929F92AF92BF92CF92DF92EF92C9
:108B0000FF92CF93DF93EC01688179818A819B8109
:108B1000611571058105910521F464E279ED8BE51C
:108B200097E02DE133EF41E050E00E9439464901E2
:108B30005A019B01AC01A7EAB1E40E9458466B01BF
:108B40007C01ACEEB4EFA50194010E946646C60E0E
:108B5000D71EE81EF91EF7FE06C081E0C81AD1082C
:108B6000E10880E8F80AC882D982EA82FB82C7015C
:108B7000B6019F77DF91CF91FF90EF90DF90CF907C
:108B8000BF90AF909F908F9008958F929F92AF92D9
:108B9000BF92CF92DF92EF92FF9260912228709164
:108BA000232880912428909125286115710581053D
:108BB000910521F464E279ED8BE597E02DE133EF47
:108BC00041E050E00E94394649015A019B01AC0145
:108BD000A7EAB1E40E9458466B017C01ACEEB4EF09
:108BE000A50194010E946646C60ED71EE81EF91E16
:108BF000F7FE06C081E0C81AD108E10880E8F80A4B
:108C0000C0922228D0922328E0922428F09225288E
:108C1000C701B6019F77FF90EF90DF90CF90BF9094
:108C2000AF909F908F90089560932228709323288F
:108C30008093242890932528089503D08081992734
:108C40000895FC01E050FC4E0895262FAF93BF938A
:108C5000E0E0F0E1328131FDFDCFDC01A050BC4EFF
:108C60002C932DE924BF23E020830196BF91AF917F
:108C70000895052E97FB1EF400940E94504657FD60
:108C800007D00E946B4607FC03D04EF40C9450466C
:108C900050954095309521953F4F4F4F5F4F089528
:108CA00090958095709561957F4F8F4F9F4F089558
:108CB0000E948D46A59F900DB49F900DA49F800D9E
:108CC000911D11240895B7FF0C9458460E945846F0
:108CD000821B930B0895A1E21A2EAA1BBB1BFD0158
:108CE0000DC0AA1FBB1FEE1FFF1FA217B307E4078B
:108CF000F50720F0A21BB30BE40BF50B661F771FE3
:108D0000881F991F1A9469F76095709580959095C2
:108D10009B01AC01BD01CF010895A29FB001B39F9B
:108D2000C001A39F700D811D1124911DB29F700D74
:108D3000811D1124911D08955058BB27AA270E9418
:108D4000B4460C948C470E947E4738F00E948547B9
:108D500020F039F49F3F19F426F40C947B470EF46D
:108D6000E095E7FB0C947547E92F0E949D4758F367
:108D7000BA17620773078407950720F079F4A6F500
:108D80000C94BF470EF4E0950B2EBA2FA02D0B01CB
:108D9000B90190010C01CA01A0011124FF27591B40
:108DA00099F0593F50F4503E68F11A16F040A22F46
:108DB000232F342F4427585FF3CF469537952795B7
:108DC000A795F0405395C9F77EF41F16BA0B620BB6
:108DD000730B840BBAF09150A1F0FF0FBB1F661FFD
:108DE000771F881FC2F70EC0BA0F621F731F841F40
:108DF00048F4879577956795B795F7959E3F08F066
:108E0000B0CF9395880F08F09927EE0F9795879527
:108E100008950E94A54788F09F5798F0B92F992789
:108E2000B751B0F0E1F0660F771F881F991F1AF055
:108E3000BA95C9F714C0B13091F00E94BF47B1E0B4
:108E400008950C94BF47672F782F8827B85F39F0B3
:108E5000B93FCCF3869577956795B395D9F73EF4EE
:108E600090958095709561957F4F8F4F9F4F089596
:108E7000E89409C097FB3EF49095809570956195B4
:108E80007F4F8F4F9F4F9923A9F0F92F96E9BB276A
:108E90009395F695879577956795B795F111F8CFE6
:108EA000FAF4BB0F11F460FF1BC06F5F7F4F8F4F51
:108EB0009F4F16C0882311F096E911C0772321F047
:108EC0009EE8872F762F05C0662371F096E8862FDF
:108ED00070E060E02AF09A95660F771F881FDAF736
:108EE000880F9695879597F9089597F99F6780E879
:108EF00070E060E008959FEF80EC089500240A94EC
:108F00001616170618060906089500240A94121664
:108F10001306140605060895092E0394000C11F497
:108F2000882352F0BB0F40F4BF2B11F460FF04C044
:108F30006F5F7F4F8F4F9F4F089557FD9058440F9D
:108F4000551F59F05F3F71F04795880F97FB991FA8
:108F500061F09F3F79F08795089512161306140665
:108F6000551FF2CF4695F1DF08C0161617061806F2
:108F7000991FF1CF86957105610508940895E894CD
:108F8000BB2766277727CB0197F908950E94D94719
:108F90000C948C470E947E4738F00E94854720F051
:108FA000952311F00C9475470C947B4711240C9475
:108FB000C0470E949D4770F3959FC1F3950F50E005
:108FC000551F629FF001729FBB27F00DB11D639F7B
:108FD000AA27F00DB11DAA1F649F6627B00DA11D21
:108FE000661F829F2227B00DA11D621F739FB00DC7
:108FF000A11D621F839FA00D611D221F749F332737
:10900000A00D611D231F849F600D211D822F762FCF
:109010006A2F11249F5750409AF0F1F088234AF0AC
:10902000EE0FFF1FBB1F661F771F881F9150504018
:10903000A9F79E3F510580F00C9475470C94C047EA
:109040005F3FE4F3983ED4F3869577956795B7959F
:10905000F795E7959F5FC1F7FE2B880F911D9695B9
:10906000879597F90895DB018F939F930E94584647
:10907000BF91AF91A29F800D911DA39F900DB29FB4
:10908000900D11240895AA1BBB1B51E107C0AA1F14
:10909000BB1FA617B70710F0A61BB70B881F991F99
:1090A0005A95A9F780959095BC01CD01089597FB3D
:1090B000072E16F4009407D077FD09D00E9443488C
:1090C00007FC05D03EF4909581959F4F08957095CB
:1090D00061957F4F0895EE0FFF1F0590F491E02DED
:0690E0000994F894FFCF93
:1090E6001514121300002800E60068010802580251
:1090F6003403D4030004000028006400E6002701BE
:109106006801B801080230025802C602340384031B
:10911600D403000401000100010001000200030065
:109126000400080004000300020001000100010021
:109136000100010001000000000000000000000026
:109146000000000001000000000000000000000018
:109156000000000001000000000001000000000007
:1091660001000000000000000100000001000000F6
:1091760000000000010000000100000001000000E6
:1091860001000000010000000100000001000000D5
:1091960001000000000000000000000001000000C7
:1091A60000000000000000000000000001000000B8
:1091B60000000000010000000000000000000000A8
:1091C6000000000001000000000000000000000098
:1091D6000100000001000000000001000000000086
:1091E6000000010000000000010000000100000076
:1091F6000000000001000000010000000100000066
:109206000100000001000000010000000100000054
:109216000100020000000000000000000100000044
:109226000000000000000000010000000100000036
:109236000000000001000000000000000000000027
:109246000000000001000000000000000000000017
:109256000000000001000000000001000000000006
:1092660001000000000000000100000000000100F5
:1092760000000000010000000100000001000000E5
:1092860001000000010000000100000001000000D4
:1092960001000000000000000100000000000000C6
:1092A60000000100000000000000000001000000B6
:1092B60000000000010000000000010000000000A6
:1092C6000100000001000000000001000000000095
:1092D6000100000001000000000000000000000086
:1092E6000000000001000000000000000000000077
:1092F6000000000001000000010000000100000065
:109306000100000001000000010000000100000053
:109316000100000000000000000001000000000045
:109326000100000000000000000001000000000035
:109336000100000001000000000000000000000025
:109346000000000001000000000000000000000016
:109356000000000001000000010001000000010003
:1093660001000000010000000100010000000100F2
:1093760001000000010000000100000001000000E3
:1093860001000000010000000100000001000000D3
:1093960001000000010000000000000000000000C5
:1093A60001000000010000000000000000000000B5
:1093B60001000000010000000000000000000000A5
:1093C6000000000001000000000000000000000096
:1093D6000000000001000000000001000000000085
:1093E6000100000000000000010000000100000074
:1093F6000000000001000000010001000000010063
:109406000000010000000100010000000100000052
:109416000100000000000000000000000100000044
:109426000000000000000000000000000100000035
:109436000000000001000000000000000000000025
:109446000100000000000000000000000100000014
:109456000000000001000000010000000100000003
:1094660000000100000001000000010000000000F3
:1094760001000000010000000100000001000000E2
:1094860001000000010000000100000001000000D2
:1094960001000000010000000000000000000100C3
:1094A60000000000010000000000000000000100B4
:1094B60000000000000000000000010000000000A5
:1094C6000100000000000000000001000000000094
:1094D6000100000001000000000001000000000083
:1094E6000000010000000000010000000100000073
:1094F6000000000001000000010000000100000063
:109506000100000001000000010000000100000051
:109516000100000001000000000000000100000042
:109526000000000000000000010000000100000033
:109536000000000001000000000000000000000024
:109546000000000001000000000000000000000014
:109556000000000001000000000000000000010003
:1095660000000000000000000000010000000000F4
:1095760000000000010000000000000001000000E3
:1095860000000000010000000000000001000000D3
:1095960000000000000000000100000000000000C4
:1095A60000000100000000000100000000000000B3
:1095B60000000000010000000000000001000000A3
:1095C6000000000001000000000000000100000093
:1095D6000000000001000000000000000000010083
:1095E6000000000000000000000001000000000074
:1095F6000000000001000000010000000100000062
:109606000100000001000000010000000100000050
:109616000100000001000000000000000000010041
:109626000000000000000000000001000000000033
:109636000000000001000000000000000100000022
:109646000000000001000000000000000100000012
:109656000000000001000000000001000000000002
:1096660001000000000000000100000000000100F1
:1096760000000000010000000100000001000000E1
:1096860001000000010000000100000001000000D0
:1096960001000000000000000100000000000000C2
:1096A60000000100000000000000010000000000B2
:1096B60001000000010000000000010000000000A1
:1096C6000100000000000100000000000100000091
:1096D6000000010001000000000001000000000081
:1096E6000100000000000000010000000100000071
:1096F6000000000001000000010000000100000061
:10970600010000000100000001000000010000004F
:109716000100000001000000000000000000000041
:109726000000000001000000000000000000000032
:109736000000000001000000000000000000000022
:109746000100000001000000000000000000000011
:109756000100000001000000000001000000000000
:1097660001000000000000000100000001000000F0
:1097760000000000010000000100000001000000E0
:1097860001000000010000000100000001000000CF
:1097960001000000000000000000000001000000C1
:1097A60000000000000000000000000001000000B2
:1097B60000000000000000000000000001000000A2
:1097C6000000000000000000000000000100000092
:1097D6000000000001000000000001000000000081
:1097E6000100000000000100000000000100000070
:1097F600010000000100010001000000010000005E
:10980600010001000100010001000000010000004C
:10981600020002000100000000000100000001003B
:10982600000000000100000000000100000001002F
:109836000000000001000000000000000000000021
:109846000100000000000000000000000100000010
:1098560000000000010000000100000001000000FF
:1098660000000100000001000000010000000000EF
:1098760001000000010000000200000001000000DD
:1098860001000000040000000100000001000000CB
:1098960002000200010000000000010000000100BB
:1098A60000000000010000000000010000000100AF
:1098B6000000000004000400000001000000000099
:1098C6000100000004000400000000000100000088
:1098D600010000000100000000000100000000007F
:1098E600010000000000000001000000010000006F
:1098F6000200020004000400020002000100010050
:109906000100000004000400020002000100000043
:109916000400040001000000000001000000010036
:10992600000001000100000000000100000001002D
:10993600020002000100000000000000000000001C
:109946000000000000000000000000000000000011
:109956000000000001000000000000000000000000
:1099660000000000000000000000000000000000F1
:1099760000000000010000000000000001000000DF
:1099860000000000010000000000000001000000CF
:1099960000000000010000000000000000000000C0
:1099A60000000000000000000000000000000000B1
:1099B60000000000010000000000000000000000A0
:1099C6000000000000000000000000000100000090
:1099D6000000000001000000000000000000000080
:1099E6000000000000000000000000000000000071
:1099F600000000000100000000000000010000005F
:109A0600010000000100000000000000010000004D
:109A1600000000000100000000000000000000003F
:109A26000000000000000000000000000000000030
:109A3600000000000100000000000000000000001F
:109A4600010000000000000000000000000000000F
:109A560000000000010000000000000000000000FF
:109A660000000000000000000000000000000000F0
:109A760000000000010000000100000001000000DD
:109A860000000000010000000100000001000000CD
:109A960000000000010000000000000000000000BF
:109AA60000000000000000000000000001000000AF
:109AB600000000000100000000000000000000009F
:109AC600010000000000000000000000000000008F
:109AD600000000000100000000000000000000007F
:109AE6000000000000000000000000000000000070
:109AF600000000000100000001000000010000005D
:109B0600010000000100000001000000010000004B
:109B1600010000000100000000000000000000003D
:109B2600000000000100000000000000010000002D
:109B3600000000000100000000000000000000001E
:109B4600010000000000000000000000010000000D
:109B560000000000010000000000000000000000FE
:109B660000000000000000000000000001000000EE
:109B760000000000010000000100000001000000DC
:109B860001000000010001000100000001000000CA
:109B960001000200010000000000000000000000BB
:109BA60000000000010000000000000000000000AE
:109BB600000000000100000000000000000000009E
:109BC600010000000000000000000000010000008D
:109BD600000000000100000000000000000000007E
:109BE600000000000000000000000000000000006F
:109BF600010000000100000001000000010000005B
:109C06000100010001000000010001000100000048
:109C1600010000000100000001000000000000003B
:109C2600000000000000000000000000000000002E
:109C3600010000000100000000000100000000001B
:109C4600010000000000000000000000010000000C
:109C560000000000010000000000000000000000FD
:109C660000000000000000000100000000000000ED
:109C760001000000010001000100000001000000D9
:109C860001000000010001000100000001000000C9
:109C960002000200010000000000010000000000B8
:109CA60001000000010000000100000000000000AB
:109CB600000000000100000000000000000000009D
:109CC600010000000000000000000000010000008C
:109CD600010000000100000000000000000000007C
:109CE600000000000000000000000000000000006E
:109CF6000100000001000000010000000100010059
:109D06000100000004000400010000000100010041
:109D1600010000000100000000000100000000003A
:109D2600010000000000010000000000010000002A
:109D3600000001000100000001000000000000001A
:109D4600000000000000000000000000010000000C
:109D560000000000010000000000000000000100FB
:109D660000000000010000000000000000000000EC
:109D760000000000010001000100000000000000DA
:109D860000000000010001000100000000000000CA
:109D960000000000010000000100000001000000BA
:109DA60001000000010001000100000001000000A8
:109DB6000100000001000000010000000100000099
:109DC600000000000000000000000000000000008D
:109DD600000000000100000000000100000001007A
:109DE600000000000000000000000000000000006D
:109DF6000000000002000200010000000100000057
:109E06000100000001000100010000000100000047
:109E16000400040001000000000001000000010031
:109E2600000000000100000001000000000000002A
:109E36000000000001000000010000000100000019
:109E4600000000000000000000000000000000000C
:109E560001000000010000000000000000000000FA
:109E660000000000000000000100000001000000EA
:109E760000000000020002000100010001000000D5
:109E860001000000010001000100000001000000C7
:109E960001000400000000000100000000000000B6
:109EA60001000000000000000100010000000000A9
:109EB6000100000001000000000001000000000099
:109EC600010000000100000000000000000000008A
:109ED6000100000001000000000000000100000079
:109EE600000000000000000001000000010000006A
:109EF6000000000004000000010000000100000056
:109F06000100000004000000010000000100000044
:109F16000100040000000000010001000000000034
:109F26000100010000000000040004000000000021
:109F36000100010001000000000001000000000017
:109F46000100000001000000000001000000000008
:109F560000000000010000000000000000000000FA
:109F660000000000010000000000000001000000E9
:109F760001000000010001000200020004000400CC
:109F860002000200010001000200020004000400B9
:109F960000000000010000000200020001000000B5
:109FA60001000000010000000100000002000200A4
:109FB6000100000001000100010000000000000097
:109FC6000000000001000000000001000000000089
:109FD6000000000001000000010000000100000078
:109FE600000000000000000000000000000000006B
:109FF6000100010001000100010001000100010053
:10A00600010001000100010002000200040004003A
:10A016000000000001000000020002000100000034
:10A02600010000000400040001000000020002001C
:10A036000100000001000100000001000100000015
:10A046000100000001000100000001000100000005
:10A0560004000400010001000100010001000000ED
:10A0660001000000010000000100000001000000E6
:10A0760001000000040004000200020001000100CB
:10A0860001000000040004000200020001000100BB
:10A0960004000400040004000000040004000000A2
:10A0A60001000100000002000200000001000100A2
:10A0B6000100010004000400000000000000000090
:10A0C600000000000400040002000200010001007C
:10A0D600000000000400040001000100010000006F
:10A0E6000100000002000200020002000100000060
:10A0F600000000000400040002000200010001004C
:10A10600000000000400040002000200010000003C
:10A11600010000000400040000000100000001002E
:10A126000100000001000000000000000000000027
:10A1360001000100080008000400040002000200FB
:10A1460001000100010001000200020004000400F9
:10A1560008000800080006000600040004000200CB
:10A1660002000100010002000200040004000600D3
:10A1760006000800080007000600050004000300AA
:10A1860002000100010002000300040005000600B1
:10A19600070008000100030004000200010004009B
:10A1A6000300020003000400030001000200010096
:10A1B6000400030002000100020004000300020084
:10A1C6000100040004000200010003000400030073
:10A1D60002000100030201000C0D0405000000034B
:10A1E6000001020000010100000000000000000064
:10A1F60000000000000020100120400410020801A9
:10A2060002010204080402010408102004082010B8
:10A21600020200050201050004010104040403030F
:10A2260003030505030300000101050400050602FA
:10A2360004010300010001020302010002030405F8
:10A2460002030504000000004501AA03AA009601C6
:10A25600DB00B900CD00DD174B02E70010040D0A44
:01A2660000F7
:10A26700010101010101010108006400030003006D
:10A2770003000300010001000200030004000024A2
:06A28700F40001000000DC
:00000001FF
